Supplier,Supplier Domain,Product Name,Preferred Units,Band #,Length (bp),Mass,Note,Total Bands,Product URL
Phage and Plasmid Markers,fermentas.com,pBR322 – AluI Digest,bp,1,908,104,,17,http://www.fermentas.com/en/products/all/dna-electrophoresis/phage-dna-markers/sm012-pbr322-dna-alui
Phage and Plasmid Markers,fermentas.com,pBR322 – AluI Digest,bp,2,659,76,,17,http://www.fermentas.com/en/products/all/dna-electrophoresis/phage-dna-markers/sm012-pbr322-dna-alui
Phage and Plasmid Markers,fermentas.com,pBR322 – AluI Digest,bp,3,656,75,,17,http://www.fermentas.com/en/products/all/dna-electrophoresis/phage-dna-markers/sm012-pbr322-dna-alui
Phage and Plasmid Markers,fermentas.com,pBR322 – AluI Digest,bp,4,521,60,,17,http://www.fermentas.com/en/products/all/dna-electrophoresis/phage-dna-markers/sm012-pbr322-dna-alui
Phage and Plasmid Markers,fermentas.com,pBR322 – AluI Digest,bp,5,403,46,,17,http://www.fermentas.com/en/products/all/dna-electrophoresis/phage-dna-markers/sm012-pbr322-dna-alui
Phage and Plasmid Markers,fermentas.com,pBR322 – AluI Digest,bp,6,281,32,,17,http://www.fermentas.com/en/products/all/dna-electrophoresis/phage-dna-markers/sm012-pbr322-dna-alui
Phage and Plasmid Markers,fermentas.com,pBR322 – AluI Digest,bp,7,257,29,,17,http://www.fermentas.com/en/products/all/dna-electrophoresis/phage-dna-markers/sm012-pbr322-dna-alui
Phage and Plasmid Markers,fermentas.com,pBR322 – AluI Digest,bp,8,226,26,,17,http://www.fermentas.com/en/products/all/dna-electrophoresis/phage-dna-markers/sm012-pbr322-dna-alui
Phage and Plasmid Markers,fermentas.com,pBR322 – AluI Digest,bp,9,100,11,,17,http://www.fermentas.com/en/products/all/dna-electrophoresis/phage-dna-markers/sm012-pbr322-dna-alui
Phage and Plasmid Markers,fermentas.com,pBR322 – AluI Digest,bp,10,90,10,,17,http://www.fermentas.com/en/products/all/dna-electrophoresis/phage-dna-markers/sm012-pbr322-dna-alui
Phage and Plasmid Markers,fermentas.com,pBR322 – AluI Digest,bp,11,63,7,,17,http://www.fermentas.com/en/products/all/dna-electrophoresis/phage-dna-markers/sm012-pbr322-dna-alui
Phage and Plasmid Markers,fermentas.com,pBR322 – AluI Digest,bp,12,57,7,,17,http://www.fermentas.com/en/products/all/dna-electrophoresis/phage-dna-markers/sm012-pbr322-dna-alui
Phage and Plasmid Markers,fermentas.com,pBR322 – AluI Digest,bp,13,49,6,,17,http://www.fermentas.com/en/products/all/dna-electrophoresis/phage-dna-markers/sm012-pbr322-dna-alui
Phage and Plasmid Markers,fermentas.com,pBR322 – AluI Digest,bp,14,46,5,,17,http://www.fermentas.com/en/products/all/dna-electrophoresis/phage-dna-markers/sm012-pbr322-dna-alui
Phage and Plasmid Markers,fermentas.com,pBR322 – AluI Digest,bp,15,19,2,,17,http://www.fermentas.com/en/products/all/dna-electrophoresis/phage-dna-markers/sm012-pbr322-dna-alui
Phage and Plasmid Markers,fermentas.com,pBR322 – AluI Digest,bp,16,15,2,,17,http://www.fermentas.com/en/products/all/dna-electrophoresis/phage-dna-markers/sm012-pbr322-dna-alui
Phage and Plasmid Markers,fermentas.com,pBR322 – AluI Digest,bp,17,11,1,,17,http://www.fermentas.com/en/products/all/dna-electrophoresis/phage-dna-markers/sm012-pbr322-dna-alui
Phage and Plasmid Markers,fermentas.com,pBR322 – BstNI Digest,bp,1,1857,213,,6,http://www.neb.com/nebecomm/products/productN3031.asp
Phage and Plasmid Markers,fermentas.com,pBR322 – BstNI Digest,bp,2,1058,121,,6,http://www.neb.com/nebecomm/products/productN3031.asp
Phage and Plasmid Markers,fermentas.com,pBR322 – BstNI Digest,bp,3,929,107,,6,http://www.neb.com/nebecomm/products/productN3031.asp
Phage and Plasmid Markers,fermentas.com,pBR322 – BstNI Digest,bp,4,383,44,,6,http://www.neb.com/nebecomm/products/productN3031.asp
Phage and Plasmid Markers,fermentas.com,pBR322 – BstNI Digest,bp,5,121,14,,6,http://www.neb.com/nebecomm/products/productN3031.asp
Phage and Plasmid Markers,fermentas.com,pBR322 – BstNI Digest,bp,6,13,1,,6,http://www.neb.com/nebecomm/products/productN3031.asp
Phage and Plasmid Markers,fermentas.com,pBR322 – HaeIII Digest,bp,1,587,67,,22,http://www.fermentas.com/en/products/all/dna-electrophoresis/phage-dna-markers/sm027-pbr322-dna-bsuri
Phage and Plasmid Markers,fermentas.com,pBR322 – HaeIII Digest,bp,2,540,62,,22,http://www.fermentas.com/en/products/all/dna-electrophoresis/phage-dna-markers/sm027-pbr322-dna-bsuri
Phage and Plasmid Markers,fermentas.com,pBR322 – HaeIII Digest,bp,3,502,58,,22,http://www.fermentas.com/en/products/all/dna-electrophoresis/phage-dna-markers/sm027-pbr322-dna-bsuri
Phage and Plasmid Markers,fermentas.com,pBR322 – HaeIII Digest,bp,4,458,53,,22,http://www.fermentas.com/en/products/all/dna-electrophoresis/phage-dna-markers/sm027-pbr322-dna-bsuri
Phage and Plasmid Markers,fermentas.com,pBR322 – HaeIII Digest,bp,5,434,50,,22,http://www.fermentas.com/en/products/all/dna-electrophoresis/phage-dna-markers/sm027-pbr322-dna-bsuri
Phage and Plasmid Markers,fermentas.com,pBR322 – HaeIII Digest,bp,6,267,31,,22,http://www.fermentas.com/en/products/all/dna-electrophoresis/phage-dna-markers/sm027-pbr322-dna-bsuri
Phage and Plasmid Markers,fermentas.com,pBR322 – HaeIII Digest,bp,7,234,27,,22,http://www.fermentas.com/en/products/all/dna-electrophoresis/phage-dna-markers/sm027-pbr322-dna-bsuri
Phage and Plasmid Markers,fermentas.com,pBR322 – HaeIII Digest,bp,8,213,24,,22,http://www.fermentas.com/en/products/all/dna-electrophoresis/phage-dna-markers/sm027-pbr322-dna-bsuri
Phage and Plasmid Markers,fermentas.com,pBR322 – HaeIII Digest,bp,9,192,22,,22,http://www.fermentas.com/en/products/all/dna-electrophoresis/phage-dna-markers/sm027-pbr322-dna-bsuri
Phage and Plasmid Markers,fermentas.com,pBR322 – HaeIII Digest,bp,10,184,21,,22,http://www.fermentas.com/en/products/all/dna-electrophoresis/phage-dna-markers/sm027-pbr322-dna-bsuri
Phage and Plasmid Markers,fermentas.com,pBR322 – HaeIII Digest,bp,11,124,14,,22,http://www.fermentas.com/en/products/all/dna-electrophoresis/phage-dna-markers/sm027-pbr322-dna-bsuri
Phage and Plasmid Markers,fermentas.com,pBR322 – HaeIII Digest,bp,12,123,14,,22,http://www.fermentas.com/en/products/all/dna-electrophoresis/phage-dna-markers/sm027-pbr322-dna-bsuri
Phage and Plasmid Markers,fermentas.com,pBR322 – HaeIII Digest,bp,13,104,12,,22,http://www.fermentas.com/en/products/all/dna-electrophoresis/phage-dna-markers/sm027-pbr322-dna-bsuri
Phage and Plasmid Markers,fermentas.com,pBR322 – HaeIII Digest,bp,14,89,10,,22,http://www.fermentas.com/en/products/all/dna-electrophoresis/phage-dna-markers/sm027-pbr322-dna-bsuri
Phage and Plasmid Markers,fermentas.com,pBR322 – HaeIII Digest,bp,15,80,9,,22,http://www.fermentas.com/en/products/all/dna-electrophoresis/phage-dna-markers/sm027-pbr322-dna-bsuri
Phage and Plasmid Markers,fermentas.com,pBR322 – HaeIII Digest,bp,16,64,7,,22,http://www.fermentas.com/en/products/all/dna-electrophoresis/phage-dna-markers/sm027-pbr322-dna-bsuri
Phage and Plasmid Markers,fermentas.com,pBR322 – HaeIII Digest,bp,17,57,7,,22,http://www.fermentas.com/en/products/all/dna-electrophoresis/phage-dna-markers/sm027-pbr322-dna-bsuri
Phage and Plasmid Markers,fermentas.com,pBR322 – HaeIII Digest,bp,18,51,6,,22,http://www.fermentas.com/en/products/all/dna-electrophoresis/phage-dna-markers/sm027-pbr322-dna-bsuri
Phage and Plasmid Markers,fermentas.com,pBR322 – HaeIII Digest,bp,19,21,2,,22,http://www.fermentas.com/en/products/all/dna-electrophoresis/phage-dna-markers/sm027-pbr322-dna-bsuri
Phage and Plasmid Markers,fermentas.com,pBR322 – HaeIII Digest,bp,20,18,2,,22,http://www.fermentas.com/en/products/all/dna-electrophoresis/phage-dna-markers/sm027-pbr322-dna-bsuri
Phage and Plasmid Markers,fermentas.com,pBR322 – HaeIII Digest,bp,21,11,1,,22,http://www.fermentas.com/en/products/all/dna-electrophoresis/phage-dna-markers/sm027-pbr322-dna-bsuri
Phage and Plasmid Markers,fermentas.com,pBR322 – HaeIII Digest,bp,22,8,1,,22,http://www.fermentas.com/en/products/all/dna-electrophoresis/phage-dna-markers/sm027-pbr322-dna-bsuri
Phage and Plasmid Markers,fermentas.com,pBR322 – MspI (HpaII) Digest,bp,1,622,71,,26,http://www.neb.com/nebecomm/products/productN3032.asp
Phage and Plasmid Markers,fermentas.com,pBR322 – MspI (HpaII) Digest,bp,2,527,60,,26,http://www.neb.com/nebecomm/products/productN3032.asp
Phage and Plasmid Markers,fermentas.com,pBR322 – MspI (HpaII) Digest,bp,3,404,46,,26,http://www.neb.com/nebecomm/products/productN3032.asp
Phage and Plasmid Markers,fermentas.com,pBR322 – MspI (HpaII) Digest,bp,4,307,35,,26,http://www.neb.com/nebecomm/products/productN3032.asp
Phage and Plasmid Markers,fermentas.com,pBR322 – MspI (HpaII) Digest,bp,5,242,28,,26,http://www.neb.com/nebecomm/products/productN3032.asp
Phage and Plasmid Markers,fermentas.com,pBR322 – MspI (HpaII) Digest,bp,6,238,27,,26,http://www.neb.com/nebecomm/products/productN3032.asp
Phage and Plasmid Markers,fermentas.com,pBR322 – MspI (HpaII) Digest,bp,7,217,25,,26,http://www.neb.com/nebecomm/products/productN3032.asp
Phage and Plasmid Markers,fermentas.com,pBR322 – MspI (HpaII) Digest,bp,8,201,23,,26,http://www.neb.com/nebecomm/products/productN3032.asp
Phage and Plasmid Markers,fermentas.com,pBR322 – MspI (HpaII) Digest,bp,9,190,22,,26,http://www.neb.com/nebecomm/products/productN3032.asp
Phage and Plasmid Markers,fermentas.com,pBR322 – MspI (HpaII) Digest,bp,10,180,21,,26,http://www.neb.com/nebecomm/products/productN3032.asp
Phage and Plasmid Markers,fermentas.com,pBR322 – MspI (HpaII) Digest,bp,11,160,18,,26,http://www.neb.com/nebecomm/products/productN3032.asp
Phage and Plasmid Markers,fermentas.com,pBR322 – MspI (HpaII) Digest,bp,12,160,18,,26,http://www.neb.com/nebecomm/products/productN3032.asp
Phage and Plasmid Markers,fermentas.com,pBR322 – MspI (HpaII) Digest,bp,13,147,17,,26,http://www.neb.com/nebecomm/products/productN3032.asp
Phage and Plasmid Markers,fermentas.com,pBR322 – MspI (HpaII) Digest,bp,14,147,17,,26,http://www.neb.com/nebecomm/products/productN3032.asp
Phage and Plasmid Markers,fermentas.com,pBR322 – MspI (HpaII) Digest,bp,15,123,14,,26,http://www.neb.com/nebecomm/products/productN3032.asp
Phage and Plasmid Markers,fermentas.com,pBR322 – MspI (HpaII) Digest,bp,16,110,13,,26,http://www.neb.com/nebecomm/products/productN3032.asp
Phage and Plasmid Markers,fermentas.com,pBR322 – MspI (HpaII) Digest,bp,17,90,10,,26,http://www.neb.com/nebecomm/products/productN3032.asp
Phage and Plasmid Markers,fermentas.com,pBR322 – MspI (HpaII) Digest,bp,18,76,9,,26,http://www.neb.com/nebecomm/products/productN3032.asp
Phage and Plasmid Markers,fermentas.com,pBR322 – MspI (HpaII) Digest,bp,19,67,8,,26,http://www.neb.com/nebecomm/products/productN3032.asp
Phage and Plasmid Markers,fermentas.com,pBR322 – MspI (HpaII) Digest,bp,20,34,4,,26,http://www.neb.com/nebecomm/products/productN3032.asp
Phage and Plasmid Markers,fermentas.com,pBR322 – MspI (HpaII) Digest,bp,21,34,4,,26,http://www.neb.com/nebecomm/products/productN3032.asp
Phage and Plasmid Markers,fermentas.com,pBR322 – MspI (HpaII) Digest,bp,22,26,3,,26,http://www.neb.com/nebecomm/products/productN3032.asp
Phage and Plasmid Markers,fermentas.com,pBR322 – MspI (HpaII) Digest,bp,23,26,3,,26,http://www.neb.com/nebecomm/products/productN3032.asp
Phage and Plasmid Markers,fermentas.com,pBR322 – MspI (HpaII) Digest,bp,24,15,2,,26,http://www.neb.com/nebecomm/products/productN3032.asp
Phage and Plasmid Markers,fermentas.com,pBR322 – MspI (HpaII) Digest,bp,25,9,1,,26,http://www.neb.com/nebecomm/products/productN3032.asp
Phage and Plasmid Markers,fermentas.com,pBR322 – MspI (HpaII) Digest,bp,26,9,1,,26,http://www.neb.com/nebecomm/products/productN3032.asp
Phage and Plasmid Markers,fermentas.com,pUC19 – MspI (HpaII) Digest,bp,1,501,93,,11,http://www.fermentas.com/en/products/all/dna-electrophoresis/phage-dna-markers/sm022-puc19-dna-mspi
Phage and Plasmid Markers,fermentas.com,pUC19 – MspI (HpaII) Digest,bp,2,489,91,,11,http://www.fermentas.com/en/products/all/dna-electrophoresis/phage-dna-markers/sm022-puc19-dna-mspi
Phage and Plasmid Markers,fermentas.com,pUC19 – MspI (HpaII) Digest,bp,3,404,75,,11,http://www.fermentas.com/en/products/all/dna-electrophoresis/phage-dna-markers/sm022-puc19-dna-mspi
Phage and Plasmid Markers,fermentas.com,pUC19 – MspI (HpaII) Digest,bp,4,331,62,,11,http://www.fermentas.com/en/products/all/dna-electrophoresis/phage-dna-markers/sm022-puc19-dna-mspi
Phage and Plasmid Markers,fermentas.com,pUC19 – MspI (HpaII) Digest,bp,5,242,45,,11,http://www.fermentas.com/en/products/all/dna-electrophoresis/phage-dna-markers/sm022-puc19-dna-mspi
Phage and Plasmid Markers,fermentas.com,pUC19 – MspI (HpaII) Digest,bp,6,190,35,,11,http://www.fermentas.com/en/products/all/dna-electrophoresis/phage-dna-markers/sm022-puc19-dna-mspi
Phage and Plasmid Markers,fermentas.com,pUC19 – MspI (HpaII) Digest,bp,7,147,27,,11,http://www.fermentas.com/en/products/all/dna-electrophoresis/phage-dna-markers/sm022-puc19-dna-mspi
Phage and Plasmid Markers,fermentas.com,pUC19 – MspI (HpaII) Digest,bp,8,111,21,,11,http://www.fermentas.com/en/products/all/dna-electrophoresis/phage-dna-markers/sm022-puc19-dna-mspi
Phage and Plasmid Markers,fermentas.com,pUC19 – MspI (HpaII) Digest,bp,9,110,21,,11,http://www.fermentas.com/en/products/all/dna-electrophoresis/phage-dna-markers/sm022-puc19-dna-mspi
Phage and Plasmid Markers,fermentas.com,pUC19 – MspI (HpaII) Digest,bp,10,67,13,,11,http://www.fermentas.com/en/products/all/dna-electrophoresis/phage-dna-markers/sm022-puc19-dna-mspi
Phage and Plasmid Markers,fermentas.com,pUC19 – MspI (HpaII) Digest,bp,11,34,13,,11,http://www.fermentas.com/en/products/all/dna-electrophoresis/phage-dna-markers/sm022-puc19-dna-mspi
Phage and Plasmid Markers,fermentas.com,pUC19 – Sau3AI Digest,bp,1,955,178,,15,http://products.invitrogen.com/ivgn/product/AM7760
Phage and Plasmid Markers,fermentas.com,pUC19 – Sau3AI Digest,bp,2,585,109,,15,http://products.invitrogen.com/ivgn/product/AM7760
Phage and Plasmid Markers,fermentas.com,pUC19 – Sau3AI Digest,bp,3,341,63,,15,http://products.invitrogen.com/ivgn/product/AM7760
Phage and Plasmid Markers,fermentas.com,pUC19 – Sau3AI Digest,bp,4,258,48,,15,http://products.invitrogen.com/ivgn/product/AM7760
Phage and Plasmid Markers,fermentas.com,pUC19 – Sau3AI Digest,bp,5,141,26,,15,http://products.invitrogen.com/ivgn/product/AM7760
Phage and Plasmid Markers,fermentas.com,pUC19 – Sau3AI Digest,bp,6,105,20,,15,http://products.invitrogen.com/ivgn/product/AM7760
Phage and Plasmid Markers,fermentas.com,pUC19 – Sau3AI Digest,bp,7,78,15,,15,http://products.invitrogen.com/ivgn/product/AM7760
Phage and Plasmid Markers,fermentas.com,pUC19 – Sau3AI Digest,bp,8,75,14,,15,http://products.invitrogen.com/ivgn/product/AM7760
Phage and Plasmid Markers,fermentas.com,pUC19 – Sau3AI Digest,bp,9,46,9,,15,http://products.invitrogen.com/ivgn/product/AM7760
Phage and Plasmid Markers,fermentas.com,pUC19 – Sau3AI Digest,bp,10,36,7,,15,http://products.invitrogen.com/ivgn/product/AM7760
Phage and Plasmid Markers,fermentas.com,pUC19 – Sau3AI Digest,bp,11,18,4,,15,http://products.invitrogen.com/ivgn/product/AM7760
Phage and Plasmid Markers,fermentas.com,pUC19 – Sau3AI Digest,bp,12,17,3,,15,http://products.invitrogen.com/ivgn/product/AM7760
Phage and Plasmid Markers,fermentas.com,pUC19 – Sau3AI Digest,bp,13,12,2,,15,http://products.invitrogen.com/ivgn/product/AM7760
Phage and Plasmid Markers,fermentas.com,pUC19 – Sau3AI Digest,bp,14,11,2,,15,http://products.invitrogen.com/ivgn/product/AM7760
Phage and Plasmid Markers,fermentas.com,pUC19 – Sau3AI Digest,bp,15,8,1,,15,http://products.invitrogen.com/ivgn/product/AM7760
Phage and Plasmid Markers,fermentas.com,λ DNA – BstEII (BstPI) Digest,bp,1,8454,174,,14,http://www.neb.com/nebecomm/products/productN3014.asp
Phage and Plasmid Markers,fermentas.com,λ DNA – BstEII (BstPI) Digest,bp,2,7242,149,,14,http://www.neb.com/nebecomm/products/productN3014.asp
Phage and Plasmid Markers,fermentas.com,λ DNA – BstEII (BstPI) Digest,bp,3,6369,131,,14,http://www.neb.com/nebecomm/products/productN3014.asp
Phage and Plasmid Markers,fermentas.com,λ DNA – BstEII (BstPI) Digest,bp,4,5686,117,,14,http://www.neb.com/nebecomm/products/productN3014.asp
Phage and Plasmid Markers,fermentas.com,λ DNA – BstEII (BstPI) Digest,bp,5,4822,99,,14,http://www.neb.com/nebecomm/products/productN3014.asp
Phage and Plasmid Markers,fermentas.com,λ DNA – BstEII (BstPI) Digest,bp,6,4324,89,,14,http://www.neb.com/nebecomm/products/productN3014.asp
Phage and Plasmid Markers,fermentas.com,λ DNA – BstEII (BstPI) Digest,bp,7,3675,76,,14,http://www.neb.com/nebecomm/products/productN3014.asp
Phage and Plasmid Markers,fermentas.com,λ DNA – BstEII (BstPI) Digest,bp,8,2323,48,,14,http://www.neb.com/nebecomm/products/productN3014.asp
Phage and Plasmid Markers,fermentas.com,λ DNA – BstEII (BstPI) Digest,bp,9,1929,40,,14,http://www.neb.com/nebecomm/products/productN3014.asp
Phage and Plasmid Markers,fermentas.com,λ DNA – BstEII (BstPI) Digest,bp,10,1371,28,,14,http://www.neb.com/nebecomm/products/productN3014.asp
Phage and Plasmid Markers,fermentas.com,λ DNA – BstEII (BstPI) Digest,bp,11,1264,26,,14,http://www.neb.com/nebecomm/products/productN3014.asp
Phage and Plasmid Markers,fermentas.com,λ DNA – BstEII (BstPI) Digest,bp,12,702,14,,14,http://www.neb.com/nebecomm/products/productN3014.asp
Phage and Plasmid Markers,fermentas.com,λ DNA – BstEII (BstPI) Digest,bp,13,224,5,,14,http://www.neb.com/nebecomm/products/productN3014.asp
Phage and Plasmid Markers,fermentas.com,λ DNA – BstEII (BstPI) Digest,bp,14,117,2,,14,http://www.neb.com/nebecomm/products/productN3014.asp
Phage and Plasmid Markers,fermentas.com,λ DNA – EcoRI & HindIII Digest,bp,1,21226,438,,12,http://www.fermentas.com/en/products/all/dna-electrophoresis/lambda-dna-markers/sm019-lambda-dna-ecori-hindiii
Phage and Plasmid Markers,fermentas.com,λ DNA – EcoRI & HindIII Digest,bp,2,5148,106,,12,http://www.fermentas.com/en/products/all/dna-electrophoresis/lambda-dna-markers/sm019-lambda-dna-ecori-hindiii
Phage and Plasmid Markers,fermentas.com,λ DNA – EcoRI & HindIII Digest,bp,3,4973,102,,12,http://www.fermentas.com/en/products/all/dna-electrophoresis/lambda-dna-markers/sm019-lambda-dna-ecori-hindiii
Phage and Plasmid Markers,fermentas.com,λ DNA – EcoRI & HindIII Digest,bp,4,4268,88,,12,http://www.fermentas.com/en/products/all/dna-electrophoresis/lambda-dna-markers/sm019-lambda-dna-ecori-hindiii
Phage and Plasmid Markers,fermentas.com,λ DNA – EcoRI & HindIII Digest,bp,5,3530,73,,12,http://www.fermentas.com/en/products/all/dna-electrophoresis/lambda-dna-markers/sm019-lambda-dna-ecori-hindiii
Phage and Plasmid Markers,fermentas.com,λ DNA – EcoRI & HindIII Digest,bp,6,2027,42,,12,http://www.fermentas.com/en/products/all/dna-electrophoresis/lambda-dna-markers/sm019-lambda-dna-ecori-hindiii
Phage and Plasmid Markers,fermentas.com,λ DNA – EcoRI & HindIII Digest,bp,7,1904,39,,12,http://www.fermentas.com/en/products/all/dna-electrophoresis/lambda-dna-markers/sm019-lambda-dna-ecori-hindiii
Phage and Plasmid Markers,fermentas.com,λ DNA – EcoRI & HindIII Digest,bp,8,1584,32,,12,http://www.fermentas.com/en/products/all/dna-electrophoresis/lambda-dna-markers/sm019-lambda-dna-ecori-hindiii
Phage and Plasmid Markers,fermentas.com,λ DNA – EcoRI & HindIII Digest,bp,9,1375,28,,12,http://www.fermentas.com/en/products/all/dna-electrophoresis/lambda-dna-markers/sm019-lambda-dna-ecori-hindiii
Phage and Plasmid Markers,fermentas.com,λ DNA – EcoRI & HindIII Digest,bp,10,947,20,,12,http://www.fermentas.com/en/products/all/dna-electrophoresis/lambda-dna-markers/sm019-lambda-dna-ecori-hindiii
Phage and Plasmid Markers,fermentas.com,λ DNA – EcoRI & HindIII Digest,bp,11,831,17,,12,http://www.fermentas.com/en/products/all/dna-electrophoresis/lambda-dna-markers/sm019-lambda-dna-ecori-hindiii
Phage and Plasmid Markers,fermentas.com,λ DNA – EcoRI & HindIII Digest,bp,12,564,12,,12,http://www.fermentas.com/en/products/all/dna-electrophoresis/lambda-dna-markers/sm019-lambda-dna-ecori-hindiii
Phage and Plasmid Markers,fermentas.com,λ DNA – EcoRI Digest,bp,1,21226,438,,6,http://www.fermentas.com/en/products/all/dna-electrophoresis/lambda-dna-markers/sm028-lambda-dna-ecori
Phage and Plasmid Markers,fermentas.com,λ DNA – EcoRI Digest,bp,2,7421,153,,6,http://www.fermentas.com/en/products/all/dna-electrophoresis/lambda-dna-markers/sm028-lambda-dna-ecori
Phage and Plasmid Markers,fermentas.com,λ DNA – EcoRI Digest,bp,3,5804,120,,6,http://www.fermentas.com/en/products/all/dna-electrophoresis/lambda-dna-markers/sm028-lambda-dna-ecori
Phage and Plasmid Markers,fermentas.com,λ DNA – EcoRI Digest,bp,4,5643,116,,6,http://www.fermentas.com/en/products/all/dna-electrophoresis/lambda-dna-markers/sm028-lambda-dna-ecori
Phage and Plasmid Markers,fermentas.com,λ DNA – EcoRI Digest,bp,5,4878,101,,6,http://www.fermentas.com/en/products/all/dna-electrophoresis/lambda-dna-markers/sm028-lambda-dna-ecori
Phage and Plasmid Markers,fermentas.com,λ DNA – EcoRI Digest,bp,6,3530,73,,6,http://www.fermentas.com/en/products/all/dna-electrophoresis/lambda-dna-markers/sm028-lambda-dna-ecori
Phage and Plasmid Markers,fermentas.com,λ DNA – EcoT14I & BglII Digest Mixture,bp,1,22010,227,,18,http://www.clontech.com/takara/US/Products/Molecular_Biology/Molecular_Biology_Reagents/Molecular_Weight_Markers/DNA_Molecular_Weight_Standard_Markers?sitex=10031:22372:US
Phage and Plasmid Markers,fermentas.com,λ DNA – EcoT14I & BglII Digest Mixture,bp,2,19329,199,,18,http://www.clontech.com/takara/US/Products/Molecular_Biology/Molecular_Biology_Reagents/Molecular_Weight_Markers/DNA_Molecular_Weight_Standard_Markers?sitex=10031:22372:US
Phage and Plasmid Markers,fermentas.com,λ DNA – EcoT14I & BglII Digest Mixture,bp,3,13286,136,,18,http://www.clontech.com/takara/US/Products/Molecular_Biology/Molecular_Biology_Reagents/Molecular_Weight_Markers/DNA_Molecular_Weight_Standard_Markers?sitex=10031:22372:US
Phage and Plasmid Markers,fermentas.com,λ DNA – EcoT14I & BglII Digest Mixture,bp,4,9688,99,,18,http://www.clontech.com/takara/US/Products/Molecular_Biology/Molecular_Biology_Reagents/Molecular_Weight_Markers/DNA_Molecular_Weight_Standard_Markers?sitex=10031:22372:US
Phage and Plasmid Markers,fermentas.com,λ DNA – EcoT14I & BglII Digest Mixture,bp,5,7743,80,,18,http://www.clontech.com/takara/US/Products/Molecular_Biology/Molecular_Biology_Reagents/Molecular_Weight_Markers/DNA_Molecular_Weight_Standard_Markers?sitex=10031:22372:US
Phage and Plasmid Markers,fermentas.com,λ DNA – EcoT14I & BglII Digest Mixture,bp,6,6223,64,,18,http://www.clontech.com/takara/US/Products/Molecular_Biology/Molecular_Biology_Reagents/Molecular_Weight_Markers/DNA_Molecular_Weight_Standard_Markers?sitex=10031:22372:US
Phage and Plasmid Markers,fermentas.com,λ DNA – EcoT14I & BglII Digest Mixture,bp,7,4254,44,,18,http://www.clontech.com/takara/US/Products/Molecular_Biology/Molecular_Biology_Reagents/Molecular_Weight_Markers/DNA_Molecular_Weight_Standard_Markers?sitex=10031:22372:US
Phage and Plasmid Markers,fermentas.com,λ DNA – EcoT14I & BglII Digest Mixture,bp,8,3472,36,,18,http://www.clontech.com/takara/US/Products/Molecular_Biology/Molecular_Biology_Reagents/Molecular_Weight_Markers/DNA_Molecular_Weight_Standard_Markers?sitex=10031:22372:US
Phage and Plasmid Markers,fermentas.com,λ DNA – EcoT14I & BglII Digest Mixture,bp,9,2690,28,,18,http://www.clontech.com/takara/US/Products/Molecular_Biology/Molecular_Biology_Reagents/Molecular_Weight_Markers/DNA_Molecular_Weight_Standard_Markers?sitex=10031:22372:US
Phage and Plasmid Markers,fermentas.com,λ DNA – EcoT14I & BglII Digest Mixture,bp,10,2392,25,,18,http://www.clontech.com/takara/US/Products/Molecular_Biology/Molecular_Biology_Reagents/Molecular_Weight_Markers/DNA_Molecular_Weight_Standard_Markers?sitex=10031:22372:US
Phage and Plasmid Markers,fermentas.com,λ DNA – EcoT14I & BglII Digest Mixture,bp,11,1882,19,,18,http://www.clontech.com/takara/US/Products/Molecular_Biology/Molecular_Biology_Reagents/Molecular_Weight_Markers/DNA_Molecular_Weight_Standard_Markers?sitex=10031:22372:US
Phage and Plasmid Markers,fermentas.com,λ DNA – EcoT14I & BglII Digest Mixture,bp,12,1489,15,,18,http://www.clontech.com/takara/US/Products/Molecular_Biology/Molecular_Biology_Reagents/Molecular_Weight_Markers/DNA_Molecular_Weight_Standard_Markers?sitex=10031:22372:US
Phage and Plasmid Markers,fermentas.com,λ DNA – EcoT14I & BglII Digest Mixture,bp,13,925,10,,18,http://www.clontech.com/takara/US/Products/Molecular_Biology/Molecular_Biology_Reagents/Molecular_Weight_Markers/DNA_Molecular_Weight_Standard_Markers?sitex=10031:22372:US
Phage and Plasmid Markers,fermentas.com,λ DNA – EcoT14I & BglII Digest Mixture,bp,14,651,7,,18,http://www.clontech.com/takara/US/Products/Molecular_Biology/Molecular_Biology_Reagents/Molecular_Weight_Markers/DNA_Molecular_Weight_Standard_Markers?sitex=10031:22372:US
Phage and Plasmid Markers,fermentas.com,λ DNA – EcoT14I & BglII Digest Mixture,bp,15,421,4,,18,http://www.clontech.com/takara/US/Products/Molecular_Biology/Molecular_Biology_Reagents/Molecular_Weight_Markers/DNA_Molecular_Weight_Standard_Markers?sitex=10031:22372:US
Phage and Plasmid Markers,fermentas.com,λ DNA – EcoT14I & BglII Digest Mixture,bp,16,415,4,,18,http://www.clontech.com/takara/US/Products/Molecular_Biology/Molecular_Biology_Reagents/Molecular_Weight_Markers/DNA_Molecular_Weight_Standard_Markers?sitex=10031:22372:US
Phage and Plasmid Markers,fermentas.com,λ DNA – EcoT14I & BglII Digest Mixture,bp,17,74,1,,18,http://www.clontech.com/takara/US/Products/Molecular_Biology/Molecular_Biology_Reagents/Molecular_Weight_Markers/DNA_Molecular_Weight_Standard_Markers?sitex=10031:22372:US
Phage and Plasmid Markers,fermentas.com,λ DNA – EcoT14I & BglII Digest Mixture,bp,18,60,1,,18,http://www.clontech.com/takara/US/Products/Molecular_Biology/Molecular_Biology_Reagents/Molecular_Weight_Markers/DNA_Molecular_Weight_Standard_Markers?sitex=10031:22372:US
Phage and Plasmid Markers,fermentas.com,λ DNA – EcoT14I Digest,bp,1,19329,399,,11,https://www.neb.com/en-us/N3011
Phage and Plasmid Markers,fermentas.com,λ DNA – EcoT14I Digest,bp,2,7743,160,,11,https://www.neb.com/en-us/N3011
Phage and Plasmid Markers,fermentas.com,λ DNA – EcoT14I Digest,bp,3,6223,128,,11,https://www.neb.com/en-us/N3011
Phage and Plasmid Markers,fermentas.com,λ DNA – EcoT14I Digest,bp,4,4254,88,,11,https://www.neb.com/en-us/N3011
Phage and Plasmid Markers,fermentas.com,λ DNA – EcoT14I Digest,bp,5,3472,72,,11,https://www.neb.com/en-us/N3011
Phage and Plasmid Markers,fermentas.com,λ DNA – EcoT14I Digest,bp,6,2690,55,,11,https://www.neb.com/en-us/N3011
Phage and Plasmid Markers,fermentas.com,λ DNA – EcoT14I Digest,bp,7,1882,39,,11,https://www.neb.com/en-us/N3011
Phage and Plasmid Markers,fermentas.com,λ DNA – EcoT14I Digest,bp,8,1489,31,,11,https://www.neb.com/en-us/N3011
Phage and Plasmid Markers,fermentas.com,λ DNA – EcoT14I Digest,bp,9,925,19,,11,https://www.neb.com/en-us/N3011
Phage and Plasmid Markers,fermentas.com,λ DNA – EcoT14I Digest,bp,10,421,9,,11,https://www.neb.com/en-us/N3011
Phage and Plasmid Markers,fermentas.com,λ DNA – EcoT14I Digest,bp,11,74,2,,11,https://www.neb.com/en-us/N3011
Phage and Plasmid Markers,fermentas.com,λ DNA – HindIII Digest,bp,1,23130,477,,8,http://www.neb.com/nebecomm/products/productN3012.asp
Phage and Plasmid Markers,fermentas.com,λ DNA – HindIII Digest,bp,2,9416,194,,8,http://www.neb.com/nebecomm/products/productN3012.asp
Phage and Plasmid Markers,fermentas.com,λ DNA – HindIII Digest,bp,3,6557,135,,8,http://www.neb.com/nebecomm/products/productN3012.asp
Phage and Plasmid Markers,fermentas.com,λ DNA – HindIII Digest,bp,4,4361,90,,8,http://www.neb.com/nebecomm/products/productN3012.asp
Phage and Plasmid Markers,fermentas.com,λ DNA – HindIII Digest,bp,5,2322,48,,8,http://www.neb.com/nebecomm/products/productN3012.asp
Phage and Plasmid Markers,fermentas.com,λ DNA – HindIII Digest,bp,6,2027,42,,8,http://www.neb.com/nebecomm/products/productN3012.asp
Phage and Plasmid Markers,fermentas.com,λ DNA – HindIII Digest,bp,7,564,12,,8,http://www.neb.com/nebecomm/products/productN3012.asp
Phage and Plasmid Markers,fermentas.com,λ DNA – HindIII Digest,bp,8,125,3,,8,http://www.neb.com/nebecomm/products/productN3012.asp
Phage and Plasmid Markers,fermentas.com,λ DNA – HindIII/φX174 DNA – HaeIII Digest,bp,1,23130,477,,19,https://www.neb.com/en-us/N3012
Phage and Plasmid Markers,fermentas.com,λ DNA – HindIII/φX174 DNA – HaeIII Digest,bp,2,9416,194,,19,https://www.neb.com/en-us/N3012
Phage and Plasmid Markers,fermentas.com,λ DNA – HindIII/φX174 DNA – HaeIII Digest,bp,3,6557,135,,19,https://www.neb.com/en-us/N3012
Phage and Plasmid Markers,fermentas.com,λ DNA – HindIII/φX174 DNA – HaeIII Digest,bp,4,4361,90,,19,https://www.neb.com/en-us/N3012
Phage and Plasmid Markers,fermentas.com,λ DNA – HindIII/φX174 DNA – HaeIII Digest,bp,5,2322,48,,19,https://www.neb.com/en-us/N3012
Phage and Plasmid Markers,fermentas.com,λ DNA – HindIII/φX174 DNA – HaeIII Digest,bp,6,2027,42,,19,https://www.neb.com/en-us/N3012
Phage and Plasmid Markers,fermentas.com,λ DNA – HindIII/φX174 DNA – HaeIII Digest,bp,7,1353,151,,19,https://www.neb.com/en-us/N3012
Phage and Plasmid Markers,fermentas.com,λ DNA – HindIII/φX174 DNA – HaeIII Digest,bp,8,1078,120,,19,https://www.neb.com/en-us/N3012
Phage and Plasmid Markers,fermentas.com,λ DNA – HindIII/φX174 DNA – HaeIII Digest,bp,9,872,97,,19,https://www.neb.com/en-us/N3012
Phage and Plasmid Markers,fermentas.com,λ DNA – HindIII/φX174 DNA – HaeIII Digest,bp,10,603,67,,19,https://www.neb.com/en-us/N3012
Phage and Plasmid Markers,fermentas.com,λ DNA – HindIII/φX174 DNA – HaeIII Digest,bp,11,564,12,,19,https://www.neb.com/en-us/N3012
Phage and Plasmid Markers,fermentas.com,λ DNA – HindIII/φX174 DNA – HaeIII Digest,bp,12,310,34,,19,https://www.neb.com/en-us/N3012
Phage and Plasmid Markers,fermentas.com,λ DNA – HindIII/φX174 DNA – HaeIII Digest,bp,13,281,32,,19,https://www.neb.com/en-us/N3012
Phage and Plasmid Markers,fermentas.com,λ DNA – HindIII/φX174 DNA – HaeIII Digest,bp,14,271,30,,19,https://www.neb.com/en-us/N3012
Phage and Plasmid Markers,fermentas.com,λ DNA – HindIII/φX174 DNA – HaeIII Digest,bp,15,234,26,,19,https://www.neb.com/en-us/N3012
Phage and Plasmid Markers,fermentas.com,λ DNA – HindIII/φX174 DNA – HaeIII Digest,bp,16,194,22,,19,https://www.neb.com/en-us/N3012
Phage and Plasmid Markers,fermentas.com,λ DNA – HindIII/φX174 DNA – HaeIII Digest,bp,17,125,3,,19,https://www.neb.com/en-us/N3012
Phage and Plasmid Markers,fermentas.com,λ DNA – HindIII/φX174 DNA – HaeIII Digest,bp,18,118,13,,19,https://www.neb.com/en-us/N3012
Phage and Plasmid Markers,fermentas.com,λ DNA – HindIII/φX174 DNA – HaeIII Digest,bp,19,72,8,,19,https://www.neb.com/en-us/N3012
Phage and Plasmid Markers,fermentas.com,λ DNA – PstI Digest,bp,1,11501,237,,20,http://www.fermentas.com/en/products/all/dna-electrophoresis/lambda-dna-markers/sm036-lambda-dna-psti
Phage and Plasmid Markers,fermentas.com,λ DNA – PstI Digest,bp,2,5077,105,,20,http://www.fermentas.com/en/products/all/dna-electrophoresis/lambda-dna-markers/sm036-lambda-dna-psti
Phage and Plasmid Markers,fermentas.com,λ DNA – PstI Digest,bp,3,4749,98,,20,http://www.fermentas.com/en/products/all/dna-electrophoresis/lambda-dna-markers/sm036-lambda-dna-psti
Phage and Plasmid Markers,fermentas.com,λ DNA – PstI Digest,bp,4,4507,93,,20,http://www.fermentas.com/en/products/all/dna-electrophoresis/lambda-dna-markers/sm036-lambda-dna-psti
Phage and Plasmid Markers,fermentas.com,λ DNA – PstI Digest,bp,5,2838,59,,20,http://www.fermentas.com/en/products/all/dna-electrophoresis/lambda-dna-markers/sm036-lambda-dna-psti
Phage and Plasmid Markers,fermentas.com,λ DNA – PstI Digest,bp,6,2556,53,,20,http://www.fermentas.com/en/products/all/dna-electrophoresis/lambda-dna-markers/sm036-lambda-dna-psti
Phage and Plasmid Markers,fermentas.com,λ DNA – PstI Digest,bp,7,2459,51,,20,http://www.fermentas.com/en/products/all/dna-electrophoresis/lambda-dna-markers/sm036-lambda-dna-psti
Phage and Plasmid Markers,fermentas.com,λ DNA – PstI Digest,bp,8,2443,50,,20,http://www.fermentas.com/en/products/all/dna-electrophoresis/lambda-dna-markers/sm036-lambda-dna-psti
Phage and Plasmid Markers,fermentas.com,λ DNA – PstI Digest,bp,9,2140,44,,20,http://www.fermentas.com/en/products/all/dna-electrophoresis/lambda-dna-markers/sm036-lambda-dna-psti
Phage and Plasmid Markers,fermentas.com,λ DNA – PstI Digest,bp,10,1986,41,,20,http://www.fermentas.com/en/products/all/dna-electrophoresis/lambda-dna-markers/sm036-lambda-dna-psti
Phage and Plasmid Markers,fermentas.com,λ DNA – PstI Digest,bp,11,1700,35,,20,http://www.fermentas.com/en/products/all/dna-electrophoresis/lambda-dna-markers/sm036-lambda-dna-psti
Phage and Plasmid Markers,fermentas.com,λ DNA – PstI Digest,bp,12,1159,24,,20,http://www.fermentas.com/en/products/all/dna-electrophoresis/lambda-dna-markers/sm036-lambda-dna-psti
Phage and Plasmid Markers,fermentas.com,λ DNA – PstI Digest,bp,13,1093,23,,20,http://www.fermentas.com/en/products/all/dna-electrophoresis/lambda-dna-markers/sm036-lambda-dna-psti
Phage and Plasmid Markers,fermentas.com,λ DNA – PstI Digest,bp,14,805,17,,20,http://www.fermentas.com/en/products/all/dna-electrophoresis/lambda-dna-markers/sm036-lambda-dna-psti
Phage and Plasmid Markers,fermentas.com,λ DNA – PstI Digest,bp,15,514,11,,20,http://www.fermentas.com/en/products/all/dna-electrophoresis/lambda-dna-markers/sm036-lambda-dna-psti
Phage and Plasmid Markers,fermentas.com,λ DNA – PstI Digest,bp,16,468,10,,20,http://www.fermentas.com/en/products/all/dna-electrophoresis/lambda-dna-markers/sm036-lambda-dna-psti
Phage and Plasmid Markers,fermentas.com,λ DNA – PstI Digest,bp,17,448,9,,20,http://www.fermentas.com/en/products/all/dna-electrophoresis/lambda-dna-markers/sm036-lambda-dna-psti
Phage and Plasmid Markers,fermentas.com,λ DNA – PstI Digest,bp,18,339,7,,20,http://www.fermentas.com/en/products/all/dna-electrophoresis/lambda-dna-markers/sm036-lambda-dna-psti
Phage and Plasmid Markers,fermentas.com,λ DNA – PstI Digest,bp,19,264,5,,20,http://www.fermentas.com/en/products/all/dna-electrophoresis/lambda-dna-markers/sm036-lambda-dna-psti
Phage and Plasmid Markers,fermentas.com,λ DNA – PstI Digest,bp,20,247,5,,20,http://www.fermentas.com/en/products/all/dna-electrophoresis/lambda-dna-markers/sm036-lambda-dna-psti
Phage and Plasmid Markers,fermentas.com,λ DNA – StyI (EcoT14I) Digest,bp,1,19329,399,,10,http://www.clontech.com/takara/US/Products/Molecular_Biology/Molecular_Biology_Reagents/Molecular_Weight_Markers/DNA_Molecular_Weight_Standard_Markers?sitex=10031:22372:US
Phage and Plasmid Markers,fermentas.com,λ DNA – StyI (EcoT14I) Digest,bp,2,7743,160,,10,http://www.clontech.com/takara/US/Products/Molecular_Biology/Molecular_Biology_Reagents/Molecular_Weight_Markers/DNA_Molecular_Weight_Standard_Markers?sitex=10031:22372:US
Phage and Plasmid Markers,fermentas.com,λ DNA – StyI (EcoT14I) Digest,bp,3,6223,128,,10,http://www.clontech.com/takara/US/Products/Molecular_Biology/Molecular_Biology_Reagents/Molecular_Weight_Markers/DNA_Molecular_Weight_Standard_Markers?sitex=10031:22372:US
Phage and Plasmid Markers,fermentas.com,λ DNA – StyI (EcoT14I) Digest,bp,4,4254,88,,10,http://www.clontech.com/takara/US/Products/Molecular_Biology/Molecular_Biology_Reagents/Molecular_Weight_Markers/DNA_Molecular_Weight_Standard_Markers?sitex=10031:22372:US
Phage and Plasmid Markers,fermentas.com,λ DNA – StyI (EcoT14I) Digest,bp,5,3472,72,,10,http://www.clontech.com/takara/US/Products/Molecular_Biology/Molecular_Biology_Reagents/Molecular_Weight_Markers/DNA_Molecular_Weight_Standard_Markers?sitex=10031:22372:US
Phage and Plasmid Markers,fermentas.com,λ DNA – StyI (EcoT14I) Digest,bp,6,2690,55,,10,http://www.clontech.com/takara/US/Products/Molecular_Biology/Molecular_Biology_Reagents/Molecular_Weight_Markers/DNA_Molecular_Weight_Standard_Markers?sitex=10031:22372:US
Phage and Plasmid Markers,fermentas.com,λ DNA – StyI (EcoT14I) Digest,bp,7,1882,39,,10,http://www.clontech.com/takara/US/Products/Molecular_Biology/Molecular_Biology_Reagents/Molecular_Weight_Markers/DNA_Molecular_Weight_Standard_Markers?sitex=10031:22372:US
Phage and Plasmid Markers,fermentas.com,λ DNA – StyI (EcoT14I) Digest,bp,8,1489,31,,10,http://www.clontech.com/takara/US/Products/Molecular_Biology/Molecular_Biology_Reagents/Molecular_Weight_Markers/DNA_Molecular_Weight_Standard_Markers?sitex=10031:22372:US
Phage and Plasmid Markers,fermentas.com,λ DNA – StyI (EcoT14I) Digest,bp,9,925,19,,10,http://www.clontech.com/takara/US/Products/Molecular_Biology/Molecular_Biology_Reagents/Molecular_Weight_Markers/DNA_Molecular_Weight_Standard_Markers?sitex=10031:22372:US
Phage and Plasmid Markers,fermentas.com,λ DNA – StyI (EcoT14I) Digest,bp,10,421,8,,10,http://www.clontech.com/takara/US/Products/Molecular_Biology/Molecular_Biology_Reagents/Molecular_Weight_Markers/DNA_Molecular_Weight_Standard_Markers?sitex=10031:22372:US
Phage and Plasmid Markers,fermentas.com,φX174 DNA – HaeIII Digest,bp,1,1353,151,,11,http://www.neb.com/nebecomm/products/productN3026.asp
Phage and Plasmid Markers,fermentas.com,φX174 DNA – HaeIII Digest,bp,2,1078,120,,11,http://www.neb.com/nebecomm/products/productN3026.asp
Phage and Plasmid Markers,fermentas.com,φX174 DNA – HaeIII Digest,bp,3,872,97,,11,http://www.neb.com/nebecomm/products/productN3026.asp
Phage and Plasmid Markers,fermentas.com,φX174 DNA – HaeIII Digest,bp,4,603,67,,11,http://www.neb.com/nebecomm/products/productN3026.asp
Phage and Plasmid Markers,fermentas.com,φX174 DNA – HaeIII Digest,bp,5,310,34,,11,http://www.neb.com/nebecomm/products/productN3026.asp
Phage and Plasmid Markers,fermentas.com,φX174 DNA – HaeIII Digest,bp,6,281,32,,11,http://www.neb.com/nebecomm/products/productN3026.asp
Phage and Plasmid Markers,fermentas.com,φX174 DNA – HaeIII Digest,bp,7,271,30,,11,http://www.neb.com/nebecomm/products/productN3026.asp
Phage and Plasmid Markers,fermentas.com,φX174 DNA – HaeIII Digest,bp,8,234,26,,11,http://www.neb.com/nebecomm/products/productN3026.asp
Phage and Plasmid Markers,fermentas.com,φX174 DNA – HaeIII Digest,bp,9,194,22,,11,http://www.neb.com/nebecomm/products/productN3026.asp
Phage and Plasmid Markers,fermentas.com,φX174 DNA – HaeIII Digest,bp,10,118,13,,11,http://www.neb.com/nebecomm/products/productN3026.asp
Phage and Plasmid Markers,fermentas.com,φX174 DNA – HaeIII Digest,bp,11,72,8,,11,http://www.neb.com/nebecomm/products/productN3026.asp
Phage and Plasmid Markers,fermentas.com,φX174 DNA – HincII Digest,bp,1,1057,147,,13,http://www.clontech.com/takara/US/Products/Molecular_Biology/Molecular_Biology_Reagents/Molecular_Weight_Markers/DNA_Molecular_Weight_Standard_Markers?sitex=10031:22372:US
Phage and Plasmid Markers,fermentas.com,φX174 DNA – HincII Digest,bp,2,770,107,,13,http://www.clontech.com/takara/US/Products/Molecular_Biology/Molecular_Biology_Reagents/Molecular_Weight_Markers/DNA_Molecular_Weight_Standard_Markers?sitex=10031:22372:US
Phage and Plasmid Markers,fermentas.com,φX174 DNA – HincII Digest,bp,3,612,85,,13,http://www.clontech.com/takara/US/Products/Molecular_Biology/Molecular_Biology_Reagents/Molecular_Weight_Markers/DNA_Molecular_Weight_Standard_Markers?sitex=10031:22372:US
Phage and Plasmid Markers,fermentas.com,φX174 DNA – HincII Digest,bp,4,495,69,,13,http://www.clontech.com/takara/US/Products/Molecular_Biology/Molecular_Biology_Reagents/Molecular_Weight_Markers/DNA_Molecular_Weight_Standard_Markers?sitex=10031:22372:US
Phage and Plasmid Markers,fermentas.com,φX174 DNA – HincII Digest,bp,5,392,55,,13,http://www.clontech.com/takara/US/Products/Molecular_Biology/Molecular_Biology_Reagents/Molecular_Weight_Markers/DNA_Molecular_Weight_Standard_Markers?sitex=10031:22372:US
Phage and Plasmid Markers,fermentas.com,φX174 DNA – HincII Digest,bp,6,345,48,,13,http://www.clontech.com/takara/US/Products/Molecular_Biology/Molecular_Biology_Reagents/Molecular_Weight_Markers/DNA_Molecular_Weight_Standard_Markers?sitex=10031:22372:US
Phage and Plasmid Markers,fermentas.com,φX174 DNA – HincII Digest,bp,7,341,47,,13,http://www.clontech.com/takara/US/Products/Molecular_Biology/Molecular_Biology_Reagents/Molecular_Weight_Markers/DNA_Molecular_Weight_Standard_Markers?sitex=10031:22372:US
Phage and Plasmid Markers,fermentas.com,φX174 DNA – HincII Digest,bp,8,335,47,,13,http://www.clontech.com/takara/US/Products/Molecular_Biology/Molecular_Biology_Reagents/Molecular_Weight_Markers/DNA_Molecular_Weight_Standard_Markers?sitex=10031:22372:US
Phage and Plasmid Markers,fermentas.com,φX174 DNA – HincII Digest,bp,9,297,41,,13,http://www.clontech.com/takara/US/Products/Molecular_Biology/Molecular_Biology_Reagents/Molecular_Weight_Markers/DNA_Molecular_Weight_Standard_Markers?sitex=10031:22372:US
Phage and Plasmid Markers,fermentas.com,φX174 DNA – HincII Digest,bp,10,291,41,,13,http://www.clontech.com/takara/US/Products/Molecular_Biology/Molecular_Biology_Reagents/Molecular_Weight_Markers/DNA_Molecular_Weight_Standard_Markers?sitex=10031:22372:US
Phage and Plasmid Markers,fermentas.com,φX174 DNA – HincII Digest,bp,11,201,29,,13,http://www.clontech.com/takara/US/Products/Molecular_Biology/Molecular_Biology_Reagents/Molecular_Weight_Markers/DNA_Molecular_Weight_Standard_Markers?sitex=10031:22372:US
Phage and Plasmid Markers,fermentas.com,φX174 DNA – HincII Digest,bp,12,162,23,,13,http://www.clontech.com/takara/US/Products/Molecular_Biology/Molecular_Biology_Reagents/Molecular_Weight_Markers/DNA_Molecular_Weight_Standard_Markers?sitex=10031:22372:US
Phage and Plasmid Markers,fermentas.com,φX174 DNA – HincII Digest,bp,13,79,11,,13,http://www.clontech.com/takara/US/Products/Molecular_Biology/Molecular_Biology_Reagents/Molecular_Weight_Markers/DNA_Molecular_Weight_Standard_Markers?sitex=10031:22372:US
Phage and Plasmid Markers,fermentas.com,φX174 DNA – HinfI Digest,bp,1,726,81,,17,http://www.promega.com/products/cloning-and-dna-markers/molecular-weight-markers/conventional-dna-markers/
Phage and Plasmid Markers,fermentas.com,φX174 DNA – HinfI Digest,bp,2,713,79,,17,http://www.promega.com/products/cloning-and-dna-markers/molecular-weight-markers/conventional-dna-markers/
Phage and Plasmid Markers,fermentas.com,φX174 DNA – HinfI Digest,bp,3,553,62,,17,http://www.promega.com/products/cloning-and-dna-markers/molecular-weight-markers/conventional-dna-markers/
Phage and Plasmid Markers,fermentas.com,φX174 DNA – HinfI Digest,bp,4,500,56,,17,http://www.promega.com/products/cloning-and-dna-markers/molecular-weight-markers/conventional-dna-markers/
Phage and Plasmid Markers,fermentas.com,φX174 DNA – HinfI Digest,bp,5,427,48,,17,http://www.promega.com/products/cloning-and-dna-markers/molecular-weight-markers/conventional-dna-markers/
Phage and Plasmid Markers,fermentas.com,φX174 DNA – HinfI Digest,bp,6,417,46,,17,http://www.promega.com/products/cloning-and-dna-markers/molecular-weight-markers/conventional-dna-markers/
Phage and Plasmid Markers,fermentas.com,φX174 DNA – HinfI Digest,bp,7,413,46,,17,http://www.promega.com/products/cloning-and-dna-markers/molecular-weight-markers/conventional-dna-markers/
Phage and Plasmid Markers,fermentas.com,φX174 DNA – HinfI Digest,bp,8,311,35,,17,http://www.promega.com/products/cloning-and-dna-markers/molecular-weight-markers/conventional-dna-markers/
Phage and Plasmid Markers,fermentas.com,φX174 DNA – HinfI Digest,bp,9,249,28,,17,http://www.promega.com/products/cloning-and-dna-markers/molecular-weight-markers/conventional-dna-markers/
Phage and Plasmid Markers,fermentas.com,φX174 DNA – HinfI Digest,bp,10,200,22,,17,http://www.promega.com/products/cloning-and-dna-markers/molecular-weight-markers/conventional-dna-markers/
Phage and Plasmid Markers,fermentas.com,φX174 DNA – HinfI Digest,bp,11,151,17,,17,http://www.promega.com/products/cloning-and-dna-markers/molecular-weight-markers/conventional-dna-markers/
Phage and Plasmid Markers,fermentas.com,φX174 DNA – HinfI Digest,bp,12,140,16,,17,http://www.promega.com/products/cloning-and-dna-markers/molecular-weight-markers/conventional-dna-markers/
Phage and Plasmid Markers,fermentas.com,φX174 DNA – HinfI Digest,bp,13,118,13,,17,http://www.promega.com/products/cloning-and-dna-markers/molecular-weight-markers/conventional-dna-markers/
Phage and Plasmid Markers,fermentas.com,φX174 DNA – HinfI Digest,bp,14,100,11,,17,http://www.promega.com/products/cloning-and-dna-markers/molecular-weight-markers/conventional-dna-markers/
Phage and Plasmid Markers,fermentas.com,φX174 DNA – HinfI Digest,bp,15,82,9,,17,http://www.promega.com/products/cloning-and-dna-markers/molecular-weight-markers/conventional-dna-markers/
Phage and Plasmid Markers,fermentas.com,φX174 DNA – HinfI Digest,bp,16,66,15,,17,http://www.promega.com/products/cloning-and-dna-markers/molecular-weight-markers/conventional-dna-markers/
Phage and Plasmid Markers,fermentas.com,φX174 DNA – HinfI Digest,bp,17,48,5,,17,http://www.promega.com/products/cloning-and-dna-markers/molecular-weight-markers/conventional-dna-markers/
Accuris,accuris-usa.com,SmartCheck™ 50 bp DNA Ladder,bp,1,1500,110,,13,https://accuris-usa.com/Products/smartcheck-dna-ladders/
Accuris,accuris-usa.com,SmartCheck™ 50 bp DNA Ladder,bp,2,1000,72,,13,https://accuris-usa.com/Products/smartcheck-dna-ladders/
Accuris,accuris-usa.com,SmartCheck™ 50 bp DNA Ladder,bp,3,700,50,,13,https://accuris-usa.com/Products/smartcheck-dna-ladders/
Accuris,accuris-usa.com,SmartCheck™ 50 bp DNA Ladder,bp,4,600,45,,13,https://accuris-usa.com/Products/smartcheck-dna-ladders/
Accuris,accuris-usa.com,SmartCheck™ 50 bp DNA Ladder,bp,5,500,73,reference band,13,https://accuris-usa.com/Products/smartcheck-dna-ladders/
Accuris,accuris-usa.com,SmartCheck™ 50 bp DNA Ladder,bp,6,400,30,,13,https://accuris-usa.com/Products/smartcheck-dna-ladders/
Accuris,accuris-usa.com,SmartCheck™ 50 bp DNA Ladder,bp,7,350,25,,13,https://accuris-usa.com/Products/smartcheck-dna-ladders/
Accuris,accuris-usa.com,SmartCheck™ 50 bp DNA Ladder,bp,8,300,20,,13,https://accuris-usa.com/Products/smartcheck-dna-ladders/
Accuris,accuris-usa.com,SmartCheck™ 50 bp DNA Ladder,bp,9,250,18,,13,https://accuris-usa.com/Products/smartcheck-dna-ladders/
Accuris,accuris-usa.com,SmartCheck™ 50 bp DNA Ladder,bp,10,200,30,reference band,13,https://accuris-usa.com/Products/smartcheck-dna-ladders/
Accuris,accuris-usa.com,SmartCheck™ 50 bp DNA Ladder,bp,11,150,10,,13,https://accuris-usa.com/Products/smartcheck-dna-ladders/
Accuris,accuris-usa.com,SmartCheck™ 50 bp DNA Ladder,bp,12,100,10,,13,https://accuris-usa.com/Products/smartcheck-dna-ladders/
Accuris,accuris-usa.com,SmartCheck™ 50 bp DNA Ladder,bp,13,50,7,,13,https://accuris-usa.com/Products/smartcheck-dna-ladders/
Accuris,accuris-usa.com,SmartCheck™ 100 bp DNA Ladder,bp,1,1000,78,,10,https://accuris-usa.com/Products/smartcheck-dna-ladders/
Accuris,accuris-usa.com,SmartCheck™ 100 bp DNA Ladder,bp,2,900,70,,10,https://accuris-usa.com/Products/smartcheck-dna-ladders/
Accuris,accuris-usa.com,SmartCheck™ 100 bp DNA Ladder,bp,3,800,63,,10,https://accuris-usa.com/Products/smartcheck-dna-ladders/
Accuris,accuris-usa.com,SmartCheck™ 100 bp DNA Ladder,bp,4,700,55,,10,https://accuris-usa.com/Products/smartcheck-dna-ladders/
Accuris,accuris-usa.com,SmartCheck™ 100 bp DNA Ladder,bp,5,600,47,,10,https://accuris-usa.com/Products/smartcheck-dna-ladders/
Accuris,accuris-usa.com,SmartCheck™ 100 bp DNA Ladder,bp,6,500,78,reference band,10,https://accuris-usa.com/Products/smartcheck-dna-ladders/
Accuris,accuris-usa.com,SmartCheck™ 100 bp DNA Ladder,bp,7,400,31,,10,https://accuris-usa.com/Products/smartcheck-dna-ladders/
Accuris,accuris-usa.com,SmartCheck™ 100 bp DNA Ladder,bp,8,300,24,,10,https://accuris-usa.com/Products/smartcheck-dna-ladders/
Accuris,accuris-usa.com,SmartCheck™ 100 bp DNA Ladder,bp,9,200,31,,10,https://accuris-usa.com/Products/smartcheck-dna-ladders/
Accuris,accuris-usa.com,SmartCheck™ 100 bp DNA Ladder,bp,10,100,23,,10,https://accuris-usa.com/Products/smartcheck-dna-ladders/
Accuris,accuris-usa.com,SmartCheck™ 1 kb DNA Ladder,bp,1,10000,40,,13,https://accuris-usa.com/Products/smartcheck-dna-ladders/
Accuris,accuris-usa.com,SmartCheck™ 1 kb DNA Ladder,bp,2,8000,40,,13,https://accuris-usa.com/Products/smartcheck-dna-ladders/
Accuris,accuris-usa.com,SmartCheck™ 1 kb DNA Ladder,bp,3,6000,40,,13,https://accuris-usa.com/Products/smartcheck-dna-ladders/
Accuris,accuris-usa.com,SmartCheck™ 1 kb DNA Ladder,bp,4,5000,40,,13,https://accuris-usa.com/Products/smartcheck-dna-ladders/
Accuris,accuris-usa.com,SmartCheck™ 1 kb DNA Ladder,bp,5,4000,40,,13,https://accuris-usa.com/Products/smartcheck-dna-ladders/
Accuris,accuris-usa.com,SmartCheck™ 1 kb DNA Ladder,bp,6,3000,100,reference band,13,https://accuris-usa.com/Products/smartcheck-dna-ladders/
Accuris,accuris-usa.com,SmartCheck™ 1 kb DNA Ladder,bp,7,2500,35,,13,https://accuris-usa.com/Products/smartcheck-dna-ladders/
Accuris,accuris-usa.com,SmartCheck™ 1 kb DNA Ladder,bp,8,2000,30,,13,https://accuris-usa.com/Products/smartcheck-dna-ladders/
Accuris,accuris-usa.com,SmartCheck™ 1 kb DNA Ladder,bp,9,1500,25,,13,https://accuris-usa.com/Products/smartcheck-dna-ladders/
Accuris,accuris-usa.com,SmartCheck™ 1 kb DNA Ladder,bp,10,1000,50,reference band,13,https://accuris-usa.com/Products/smartcheck-dna-ladders/
Accuris,accuris-usa.com,SmartCheck™ 1 kb DNA Ladder,bp,11,750,15,,13,https://accuris-usa.com/Products/smartcheck-dna-ladders/
Accuris,accuris-usa.com,SmartCheck™ 1 kb DNA Ladder,bp,12,500,20,,13,https://accuris-usa.com/Products/smartcheck-dna-ladders/
Accuris,accuris-usa.com,SmartCheck™ 1 kb DNA Ladder,bp,13,250,25,,13,https://accuris-usa.com/Products/smartcheck-dna-ladders/
Agilent,genomics.agilent.com,Kb DNA Ladder,bp,1,12000,80,,15,http://www.genomics.agilent.com/en/Optimization-Ladders-Markers/DNA-Ladders-Markers/?cid=AG-PT-159&tabId=AG-PR-1043
Agilent,genomics.agilent.com,Kb DNA Ladder,bp,2,10000,80,,15,http://www.genomics.agilent.com/en/Optimization-Ladders-Markers/DNA-Ladders-Markers/?cid=AG-PT-159&tabId=AG-PR-1043
Agilent,genomics.agilent.com,Kb DNA Ladder,bp,3,9000,80,,15,http://www.genomics.agilent.com/en/Optimization-Ladders-Markers/DNA-Ladders-Markers/?cid=AG-PT-159&tabId=AG-PR-1043
Agilent,genomics.agilent.com,Kb DNA Ladder,bp,4,8000,80,,15,http://www.genomics.agilent.com/en/Optimization-Ladders-Markers/DNA-Ladders-Markers/?cid=AG-PT-159&tabId=AG-PR-1043
Agilent,genomics.agilent.com,Kb DNA Ladder,bp,5,7000,80,,15,http://www.genomics.agilent.com/en/Optimization-Ladders-Markers/DNA-Ladders-Markers/?cid=AG-PT-159&tabId=AG-PR-1043
Agilent,genomics.agilent.com,Kb DNA Ladder,bp,6,6000,80,,15,http://www.genomics.agilent.com/en/Optimization-Ladders-Markers/DNA-Ladders-Markers/?cid=AG-PT-159&tabId=AG-PR-1043
Agilent,genomics.agilent.com,Kb DNA Ladder,bp,7,5000,80,,15,http://www.genomics.agilent.com/en/Optimization-Ladders-Markers/DNA-Ladders-Markers/?cid=AG-PT-159&tabId=AG-PR-1043
Agilent,genomics.agilent.com,Kb DNA Ladder,bp,8,4000,80,,15,http://www.genomics.agilent.com/en/Optimization-Ladders-Markers/DNA-Ladders-Markers/?cid=AG-PT-159&tabId=AG-PR-1043
Agilent,genomics.agilent.com,Kb DNA Ladder,bp,9,3000,80,,15,http://www.genomics.agilent.com/en/Optimization-Ladders-Markers/DNA-Ladders-Markers/?cid=AG-PT-159&tabId=AG-PR-1043
Agilent,genomics.agilent.com,Kb DNA Ladder,bp,10,2000,80,,15,http://www.genomics.agilent.com/en/Optimization-Ladders-Markers/DNA-Ladders-Markers/?cid=AG-PT-159&tabId=AG-PR-1043
Agilent,genomics.agilent.com,Kb DNA Ladder,bp,11,1500,40,,15,http://www.genomics.agilent.com/en/Optimization-Ladders-Markers/DNA-Ladders-Markers/?cid=AG-PT-159&tabId=AG-PR-1043
Agilent,genomics.agilent.com,Kb DNA Ladder,bp,12,1000,40,,15,http://www.genomics.agilent.com/en/Optimization-Ladders-Markers/DNA-Ladders-Markers/?cid=AG-PT-159&tabId=AG-PR-1043
Agilent,genomics.agilent.com,Kb DNA Ladder,bp,13,750,40,,15,http://www.genomics.agilent.com/en/Optimization-Ladders-Markers/DNA-Ladders-Markers/?cid=AG-PT-159&tabId=AG-PR-1043
Agilent,genomics.agilent.com,Kb DNA Ladder,bp,14,500,40,,15,http://www.genomics.agilent.com/en/Optimization-Ladders-Markers/DNA-Ladders-Markers/?cid=AG-PT-159&tabId=AG-PR-1043
Agilent,genomics.agilent.com,Kb DNA Ladder,bp,15,250,40,,15,http://www.genomics.agilent.com/en/Optimization-Ladders-Markers/DNA-Ladders-Markers/?cid=AG-PT-159&tabId=AG-PR-1043
Agilent,genomics.agilent.com,TapeStation D1000 Ladder,bp,1,1500,50,,10,https://www.agilent.com/en/product/genomics/tapestation-systems/tapestation-reagents
Agilent,genomics.agilent.com,TapeStation D1000 Ladder,bp,2,1000,50,,10,https://www.agilent.com/en/product/genomics/tapestation-systems/tapestation-reagents
Agilent,genomics.agilent.com,TapeStation D1000 Ladder,bp,3,700,50,,10,https://www.agilent.com/en/product/genomics/tapestation-systems/tapestation-reagents
Agilent,genomics.agilent.com,TapeStation D1000 Ladder,bp,4,500,50,,10,https://www.agilent.com/en/product/genomics/tapestation-systems/tapestation-reagents
Agilent,genomics.agilent.com,TapeStation D1000 Ladder,bp,5,400,50,,10,https://www.agilent.com/en/product/genomics/tapestation-systems/tapestation-reagents
Agilent,genomics.agilent.com,TapeStation D1000 Ladder,bp,6,300,50,,10,https://www.agilent.com/en/product/genomics/tapestation-systems/tapestation-reagents
Agilent,genomics.agilent.com,TapeStation D1000 Ladder,bp,7,200,50,,10,https://www.agilent.com/en/product/genomics/tapestation-systems/tapestation-reagents
Agilent,genomics.agilent.com,TapeStation D1000 Ladder,bp,8,100,50,,10,https://www.agilent.com/en/product/genomics/tapestation-systems/tapestation-reagents
Agilent,genomics.agilent.com,TapeStation D1000 Ladder,bp,9,50,50,,10,https://www.agilent.com/en/product/genomics/tapestation-systems/tapestation-reagents
Agilent,genomics.agilent.com,TapeStation D1000 Ladder,bp,10,25,50,,10,https://www.agilent.com/en/product/genomics/tapestation-systems/tapestation-reagents
Agilent,genomics.agilent.com,TapeStation D5000 Ladder,bp,1,10000,50,,11,https://www.agilent.com/en/product/genomics/tapestation-systems/tapestation-reagents
Agilent,genomics.agilent.com,TapeStation D5000 Ladder,bp,2,5000,50,,11,https://www.agilent.com/en/product/genomics/tapestation-systems/tapestation-reagents
Agilent,genomics.agilent.com,TapeStation D5000 Ladder,bp,3,3500,50,,11,https://www.agilent.com/en/product/genomics/tapestation-systems/tapestation-reagents
Agilent,genomics.agilent.com,TapeStation D5000 Ladder,bp,4,2500,50,,11,https://www.agilent.com/en/product/genomics/tapestation-systems/tapestation-reagents
Agilent,genomics.agilent.com,TapeStation D5000 Ladder,bp,5,1500,50,,11,https://www.agilent.com/en/product/genomics/tapestation-systems/tapestation-reagents
Agilent,genomics.agilent.com,TapeStation D5000 Ladder,bp,6,1000,50,,11,https://www.agilent.com/en/product/genomics/tapestation-systems/tapestation-reagents
Agilent,genomics.agilent.com,TapeStation D5000 Ladder,bp,7,600,50,,11,https://www.agilent.com/en/product/genomics/tapestation-systems/tapestation-reagents
Agilent,genomics.agilent.com,TapeStation D5000 Ladder,bp,8,400,50,,11,https://www.agilent.com/en/product/genomics/tapestation-systems/tapestation-reagents
Agilent,genomics.agilent.com,TapeStation D5000 Ladder,bp,9,250,50,,11,https://www.agilent.com/en/product/genomics/tapestation-systems/tapestation-reagents
Agilent,genomics.agilent.com,TapeStation D5000 Ladder,bp,10,100,50,,11,https://www.agilent.com/en/product/genomics/tapestation-systems/tapestation-reagents
Agilent,genomics.agilent.com,TapeStation D5000 Ladder,bp,11,15,50,,11,https://www.agilent.com/en/product/genomics/tapestation-systems/tapestation-reagents
Axygen,fishersci.com,100 bp DNA Ladder,bp,1,3000,108,,12,http://www.fishersci.com/ecomm/servlet/fsproductdetail_10652_13762314__-1_0
Axygen,fishersci.com,100 bp DNA Ladder,bp,2,2000,147,,12,http://www.fishersci.com/ecomm/servlet/fsproductdetail_10652_13762314__-1_0
Axygen,fishersci.com,100 bp DNA Ladder,bp,3,1500,116,,12,http://www.fishersci.com/ecomm/servlet/fsproductdetail_10652_13762314__-1_0
Axygen,fishersci.com,100 bp DNA Ladder,bp,4,1000,77,,12,http://www.fishersci.com/ecomm/servlet/fsproductdetail_10652_13762314__-1_0
Axygen,fishersci.com,100 bp DNA Ladder,bp,5,800,62,,12,http://www.fishersci.com/ecomm/servlet/fsproductdetail_10652_13762314__-1_0
Axygen,fishersci.com,100 bp DNA Ladder,bp,6,700,54,,12,http://www.fishersci.com/ecomm/servlet/fsproductdetail_10652_13762314__-1_0
Axygen,fishersci.com,100 bp DNA Ladder,bp,7,600,46,,12,http://www.fishersci.com/ecomm/servlet/fsproductdetail_10652_13762314__-1_0
Axygen,fishersci.com,100 bp DNA Ladder,bp,8,500,150,reference band,12,http://www.fishersci.com/ecomm/servlet/fsproductdetail_10652_13762314__-1_0
Axygen,fishersci.com,100 bp DNA Ladder,bp,9,400,60,,12,http://www.fishersci.com/ecomm/servlet/fsproductdetail_10652_13762314__-1_0
Axygen,fishersci.com,100 bp DNA Ladder,bp,10,300,56,,12,http://www.fishersci.com/ecomm/servlet/fsproductdetail_10652_13762314__-1_0
Axygen,fishersci.com,100 bp DNA Ladder,bp,11,200,60,,12,http://www.fishersci.com/ecomm/servlet/fsproductdetail_10652_13762314__-1_0
Axygen,fishersci.com,100 bp DNA Ladder,bp,12,100,60,,12,http://www.fishersci.com/ecomm/servlet/fsproductdetail_10652_13762314__-1_0
Axygen,fishersci.com,1 Kb DNA Ladder,bp,1,10000,80,,13,http://www.fishersci.com/ecomm/servlet/fsproductdetail_10652_13762314__-1_0
Axygen,fishersci.com,1 Kb DNA Ladder,bp,2,8000,80,,13,http://www.fishersci.com/ecomm/servlet/fsproductdetail_10652_13762314__-1_0
Axygen,fishersci.com,1 Kb DNA Ladder,bp,3,6000,80,,13,http://www.fishersci.com/ecomm/servlet/fsproductdetail_10652_13762314__-1_0
Axygen,fishersci.com,1 Kb DNA Ladder,bp,4,5000,80,,13,http://www.fishersci.com/ecomm/servlet/fsproductdetail_10652_13762314__-1_0
Axygen,fishersci.com,1 Kb DNA Ladder,bp,5,4000,80,,13,http://www.fishersci.com/ecomm/servlet/fsproductdetail_10652_13762314__-1_0
Axygen,fishersci.com,1 Kb DNA Ladder,bp,6,3000,120,,13,http://www.fishersci.com/ecomm/servlet/fsproductdetail_10652_13762314__-1_0
Axygen,fishersci.com,1 Kb DNA Ladder,bp,7,2500,123,,13,http://www.fishersci.com/ecomm/servlet/fsproductdetail_10652_13762314__-1_0
Axygen,fishersci.com,1 Kb DNA Ladder,bp,8,2000,81,,13,http://www.fishersci.com/ecomm/servlet/fsproductdetail_10652_13762314__-1_0
Axygen,fishersci.com,1 Kb DNA Ladder,bp,9,1500,73,,13,http://www.fishersci.com/ecomm/servlet/fsproductdetail_10652_13762314__-1_0
Axygen,fishersci.com,1 Kb DNA Ladder,bp,10,1000,41,,13,http://www.fishersci.com/ecomm/servlet/fsproductdetail_10652_13762314__-1_0
Axygen,fishersci.com,1 Kb DNA Ladder,bp,11,700,57,,13,http://www.fishersci.com/ecomm/servlet/fsproductdetail_10652_13762314__-1_0
Axygen,fishersci.com,1 Kb DNA Ladder,bp,12,500,61,,13,http://www.fishersci.com/ecomm/servlet/fsproductdetail_10652_13762314__-1_0
Axygen,fishersci.com,1 Kb DNA Ladder,bp,13,300,44,,13,http://www.fishersci.com/ecomm/servlet/fsproductdetail_10652_13762314__-1_0
Axygen,fishersci.com,Broad Range Marker,bp,1,8000,75,,11,http://www.fishersci.com/ecomm/servlet/fsproductdetail_10652_13762314__-1_0
Axygen,fishersci.com,Broad Range Marker,bp,2,6000,75,,11,http://www.fishersci.com/ecomm/servlet/fsproductdetail_10652_13762314__-1_0
Axygen,fishersci.com,Broad Range Marker,bp,3,5000,75,,11,http://www.fishersci.com/ecomm/servlet/fsproductdetail_10652_13762314__-1_0
Axygen,fishersci.com,Broad Range Marker,bp,4,4000,65,,11,http://www.fishersci.com/ecomm/servlet/fsproductdetail_10652_13762314__-1_0
Axygen,fishersci.com,Broad Range Marker,bp,5,3000,90,,11,http://www.fishersci.com/ecomm/servlet/fsproductdetail_10652_13762314__-1_0
Axygen,fishersci.com,Broad Range Marker,bp,6,2000,165,reference band,11,http://www.fishersci.com/ecomm/servlet/fsproductdetail_10652_13762314__-1_0
Axygen,fishersci.com,Broad Range Marker,bp,7,1500,60,,11,http://www.fishersci.com/ecomm/servlet/fsproductdetail_10652_13762314__-1_0
Axygen,fishersci.com,Broad Range Marker,bp,8,1000,210,reference band,11,http://www.fishersci.com/ecomm/servlet/fsproductdetail_10652_13762314__-1_0
Axygen,fishersci.com,Broad Range Marker,bp,9,750,50,,11,http://www.fishersci.com/ecomm/servlet/fsproductdetail_10652_13762314__-1_0
Axygen,fishersci.com,Broad Range Marker,bp,10,500,60,,11,http://www.fishersci.com/ecomm/servlet/fsproductdetail_10652_13762314__-1_0
Axygen,fishersci.com,Broad Range Marker,bp,11,250,75,,11,http://www.fishersci.com/ecomm/servlet/fsproductdetail_10652_13762314__-1_0
Axygen,fishersci.com,High Range Marker,kb,1,10000,100,,8,http://www.fishersci.com/ecomm/servlet/fsproductdetail_10652_13762314__-1_0
Axygen,fishersci.com,High Range Marker,kb,2,8000,100,,8,http://www.fishersci.com/ecomm/servlet/fsproductdetail_10652_13762314__-1_0
Axygen,fishersci.com,High Range Marker,kb,3,6000,100,,8,http://www.fishersci.com/ecomm/servlet/fsproductdetail_10652_13762314__-1_0
Axygen,fishersci.com,High Range Marker,kb,4,5000,100,,8,http://www.fishersci.com/ecomm/servlet/fsproductdetail_10652_13762314__-1_0
Axygen,fishersci.com,High Range Marker,kb,5,4000,100,,8,http://www.fishersci.com/ecomm/servlet/fsproductdetail_10652_13762314__-1_0
Axygen,fishersci.com,High Range Marker,kb,6,3000,230,reference band,8,http://www.fishersci.com/ecomm/servlet/fsproductdetail_10652_13762314__-1_0
Axygen,fishersci.com,High Range Marker,kb,7,2000,70,,8,http://www.fishersci.com/ecomm/servlet/fsproductdetail_10652_13762314__-1_0
Axygen,fishersci.com,High Range Marker,kb,8,1000,200,reference band,8,http://www.fishersci.com/ecomm/servlet/fsproductdetail_10652_13762314__-1_0
Axygen,fishersci.com,Low Range Marker,bp,1,3000,120,,8,http://www.fishersci.com/ecomm/servlet/fsproductdetail_10652_13762314__-1_0
Axygen,fishersci.com,Low Range Marker,bp,2,2000,220,reference band,8,http://www.fishersci.com/ecomm/servlet/fsproductdetail_10652_13762314__-1_0
Axygen,fishersci.com,Low Range Marker,bp,3,1500,65,,8,http://www.fishersci.com/ecomm/servlet/fsproductdetail_10652_13762314__-1_0
Axygen,fishersci.com,Low Range Marker,bp,4,1000,235,reference band,8,http://www.fishersci.com/ecomm/servlet/fsproductdetail_10652_13762314__-1_0
Axygen,fishersci.com,Low Range Marker,bp,5,750,70,,8,http://www.fishersci.com/ecomm/servlet/fsproductdetail_10652_13762314__-1_0
Axygen,fishersci.com,Low Range Marker,bp,6,500,80,,8,http://www.fishersci.com/ecomm/servlet/fsproductdetail_10652_13762314__-1_0
Axygen,fishersci.com,Low Range Marker,bp,7,250,105,,8,http://www.fishersci.com/ecomm/servlet/fsproductdetail_10652_13762314__-1_0
Axygen,fishersci.com,Low Range Marker,bp,8,125,105,,8,http://www.fishersci.com/ecomm/servlet/fsproductdetail_10652_13762314__-1_0
Azura Genomics,azuragenomics.com,Azura PureView™ 50 bp DNA Ladder,bp,1,1500,220,,13,https://www.azuragenomics.com/products/azura-pureview-50-bp-dna-ladder
Azura Genomics,azuragenomics.com,Azura PureView™ 50 bp DNA Ladder,bp,2,1000,145,,13,https://www.azuragenomics.com/products/azura-pureview-50-bp-dna-ladder
Azura Genomics,azuragenomics.com,Azura PureView™ 50 bp DNA Ladder,bp,3,700,100,,13,https://www.azuragenomics.com/products/azura-pureview-50-bp-dna-ladder
Azura Genomics,azuragenomics.com,Azura PureView™ 50 bp DNA Ladder,bp,4,600,90,,13,https://www.azuragenomics.com/products/azura-pureview-50-bp-dna-ladder
Azura Genomics,azuragenomics.com,Azura PureView™ 50 bp DNA Ladder,bp,5,500,145,reference band,13,https://www.azuragenomics.com/products/azura-pureview-50-bp-dna-ladder
Azura Genomics,azuragenomics.com,Azura PureView™ 50 bp DNA Ladder,bp,6,400,60,,13,https://www.azuragenomics.com/products/azura-pureview-50-bp-dna-ladder
Azura Genomics,azuragenomics.com,Azura PureView™ 50 bp DNA Ladder,bp,7,350,50,,13,https://www.azuragenomics.com/products/azura-pureview-50-bp-dna-ladder
Azura Genomics,azuragenomics.com,Azura PureView™ 50 bp DNA Ladder,bp,8,300,40,,13,https://www.azuragenomics.com/products/azura-pureview-50-bp-dna-ladder
Azura Genomics,azuragenomics.com,Azura PureView™ 50 bp DNA Ladder,bp,9,250,35,,13,https://www.azuragenomics.com/products/azura-pureview-50-bp-dna-ladder
Azura Genomics,azuragenomics.com,Azura PureView™ 50 bp DNA Ladder,bp,10,200,60,reference band,13,https://www.azuragenomics.com/products/azura-pureview-50-bp-dna-ladder
Azura Genomics,azuragenomics.com,Azura PureView™ 50 bp DNA Ladder,bp,11,150,20,,13,https://www.azuragenomics.com/products/azura-pureview-50-bp-dna-ladder
Azura Genomics,azuragenomics.com,Azura PureView™ 50 bp DNA Ladder,bp,12,100,20,,13,https://www.azuragenomics.com/products/azura-pureview-50-bp-dna-ladder
Azura Genomics,azuragenomics.com,Azura PureView™ 50 bp DNA Ladder,bp,13,50,15,,13,https://www.azuragenomics.com/products/azura-pureview-50-bp-dna-ladder
Azura Genomics,azuragenomics.com,Azura PureView™ 100 bp DNA Ladder,bp,1,1500,145,reference band,11,https://www.azuragenomics.com/products/azura-pureview-100-bp-dna-ladder
Azura Genomics,azuragenomics.com,Azura PureView™ 100 bp DNA Ladder,bp,2,1000,100,,11,https://www.azuragenomics.com/products/azura-pureview-100-bp-dna-ladder
Azura Genomics,azuragenomics.com,Azura PureView™ 100 bp DNA Ladder,bp,3,900,80,,11,https://www.azuragenomics.com/products/azura-pureview-100-bp-dna-ladder
Azura Genomics,azuragenomics.com,Azura PureView™ 100 bp DNA Ladder,bp,4,800,80,,11,https://www.azuragenomics.com/products/azura-pureview-100-bp-dna-ladder
Azura Genomics,azuragenomics.com,Azura PureView™ 100 bp DNA Ladder,bp,5,700,55,,11,https://www.azuragenomics.com/products/azura-pureview-100-bp-dna-ladder
Azura Genomics,azuragenomics.com,Azura PureView™ 100 bp DNA Ladder,bp,6,600,60,,11,https://www.azuragenomics.com/products/azura-pureview-100-bp-dna-ladder
Azura Genomics,azuragenomics.com,Azura PureView™ 100 bp DNA Ladder,bp,7,500,170,reference band,11,https://www.azuragenomics.com/products/azura-pureview-100-bp-dna-ladder
Azura Genomics,azuragenomics.com,Azura PureView™ 100 bp DNA Ladder,bp,8,400,80,,11,https://www.azuragenomics.com/products/azura-pureview-100-bp-dna-ladder
Azura Genomics,azuragenomics.com,Azura PureView™ 100 bp DNA Ladder,bp,9,300,70,,11,https://www.azuragenomics.com/products/azura-pureview-100-bp-dna-ladder
Azura Genomics,azuragenomics.com,Azura PureView™ 100 bp DNA Ladder,bp,10,200,80,,11,https://www.azuragenomics.com/products/azura-pureview-100-bp-dna-ladder
Azura Genomics,azuragenomics.com,Azura PureView™ 100 bp DNA Ladder,bp,11,100,80,,11,https://www.azuragenomics.com/products/azura-pureview-100-bp-dna-ladder
Azura Genomics,azuragenomics.com,Azura PureView™ 1 kb DNA Ladder,bp,1,10000,80,,13,https://www.azuragenomics.com/products/azura-pureview-1kb-dna-ladder
Azura Genomics,azuragenomics.com,Azura PureView™ 1 kb DNA Ladder,bp,2,8000,80,,13,https://www.azuragenomics.com/products/azura-pureview-1kb-dna-ladder
Azura Genomics,azuragenomics.com,Azura PureView™ 1 kb DNA Ladder,bp,3,6000,80,,13,https://www.azuragenomics.com/products/azura-pureview-1kb-dna-ladder
Azura Genomics,azuragenomics.com,Azura PureView™ 1 kb DNA Ladder,bp,4,5000,80,,13,https://www.azuragenomics.com/products/azura-pureview-1kb-dna-ladder
Azura Genomics,azuragenomics.com,Azura PureView™ 1 kb DNA Ladder,bp,5,4000,80,,13,https://www.azuragenomics.com/products/azura-pureview-1kb-dna-ladder
Azura Genomics,azuragenomics.com,Azura PureView™ 1 kb DNA Ladder,bp,6,3000,200,reference band,13,https://www.azuragenomics.com/products/azura-pureview-1kb-dna-ladder
Azura Genomics,azuragenomics.com,Azura PureView™ 1 kb DNA Ladder,bp,7,2500,70,,13,https://www.azuragenomics.com/products/azura-pureview-1kb-dna-ladder
Azura Genomics,azuragenomics.com,Azura PureView™ 1 kb DNA Ladder,bp,8,2000,60,,13,https://www.azuragenomics.com/products/azura-pureview-1kb-dna-ladder
Azura Genomics,azuragenomics.com,Azura PureView™ 1 kb DNA Ladder,bp,9,1500,50,,13,https://www.azuragenomics.com/products/azura-pureview-1kb-dna-ladder
Azura Genomics,azuragenomics.com,Azura PureView™ 1 kb DNA Ladder,bp,10,1000,100,reference band,13,https://www.azuragenomics.com/products/azura-pureview-1kb-dna-ladder
Azura Genomics,azuragenomics.com,Azura PureView™ 1 kb DNA Ladder,bp,11,750,30,,13,https://www.azuragenomics.com/products/azura-pureview-1kb-dna-ladder
Azura Genomics,azuragenomics.com,Azura PureView™ 1 kb DNA Ladder,bp,12,500,40,,13,https://www.azuragenomics.com/products/azura-pureview-1kb-dna-ladder
Azura Genomics,azuragenomics.com,Azura PureView™ 1 kb DNA Ladder,bp,13,250,50,,13,https://www.azuragenomics.com/products/azura-pureview-1kb-dna-ladder
Bio-Rad,bio-rad.com,100 bp PCR Molecular Ruler,bp,1,3000,100,reference band,30,https://www.bio-rad.com/en-us/sku/170-8206-100-bp-molecular-ruler-500-ul
Bio-Rad,bio-rad.com,100 bp PCR Molecular Ruler,bp,2,2900,40,hidden,30,https://www.bio-rad.com/en-us/sku/170-8206-100-bp-molecular-ruler-500-ul
Bio-Rad,bio-rad.com,100 bp PCR Molecular Ruler,bp,3,2800,40,hidden,30,https://www.bio-rad.com/en-us/sku/170-8206-100-bp-molecular-ruler-500-ul
Bio-Rad,bio-rad.com,100 bp PCR Molecular Ruler,bp,4,2700,40,hidden,30,https://www.bio-rad.com/en-us/sku/170-8206-100-bp-molecular-ruler-500-ul
Bio-Rad,bio-rad.com,100 bp PCR Molecular Ruler,bp,5,2600,40,hidden,30,https://www.bio-rad.com/en-us/sku/170-8206-100-bp-molecular-ruler-500-ul
Bio-Rad,bio-rad.com,100 bp PCR Molecular Ruler,bp,6,2500,40,hidden,30,https://www.bio-rad.com/en-us/sku/170-8206-100-bp-molecular-ruler-500-ul
Bio-Rad,bio-rad.com,100 bp PCR Molecular Ruler,bp,7,2400,40,hidden,30,https://www.bio-rad.com/en-us/sku/170-8206-100-bp-molecular-ruler-500-ul
Bio-Rad,bio-rad.com,100 bp PCR Molecular Ruler,bp,8,2300,40,hidden,30,https://www.bio-rad.com/en-us/sku/170-8206-100-bp-molecular-ruler-500-ul
Bio-Rad,bio-rad.com,100 bp PCR Molecular Ruler,bp,9,2200,40,hidden,30,https://www.bio-rad.com/en-us/sku/170-8206-100-bp-molecular-ruler-500-ul
Bio-Rad,bio-rad.com,100 bp PCR Molecular Ruler,bp,10,2100,40,hidden,30,https://www.bio-rad.com/en-us/sku/170-8206-100-bp-molecular-ruler-500-ul
Bio-Rad,bio-rad.com,100 bp PCR Molecular Ruler,bp,11,2000,40,,30,https://www.bio-rad.com/en-us/sku/170-8206-100-bp-molecular-ruler-500-ul
Bio-Rad,bio-rad.com,100 bp PCR Molecular Ruler,bp,12,1900,40,hidden,30,https://www.bio-rad.com/en-us/sku/170-8206-100-bp-molecular-ruler-500-ul
Bio-Rad,bio-rad.com,100 bp PCR Molecular Ruler,bp,13,1800,40,hidden,30,https://www.bio-rad.com/en-us/sku/170-8206-100-bp-molecular-ruler-500-ul
Bio-Rad,bio-rad.com,100 bp PCR Molecular Ruler,bp,14,1700,40,hidden,30,https://www.bio-rad.com/en-us/sku/170-8206-100-bp-molecular-ruler-500-ul
Bio-Rad,bio-rad.com,100 bp PCR Molecular Ruler,bp,15,1600,40,hidden,30,https://www.bio-rad.com/en-us/sku/170-8206-100-bp-molecular-ruler-500-ul
Bio-Rad,bio-rad.com,100 bp PCR Molecular Ruler,bp,16,1500,40,hidden,30,https://www.bio-rad.com/en-us/sku/170-8206-100-bp-molecular-ruler-500-ul
Bio-Rad,bio-rad.com,100 bp PCR Molecular Ruler,bp,17,1400,40,hidden,30,https://www.bio-rad.com/en-us/sku/170-8206-100-bp-molecular-ruler-500-ul
Bio-Rad,bio-rad.com,100 bp PCR Molecular Ruler,bp,18,1300,40,hidden,30,https://www.bio-rad.com/en-us/sku/170-8206-100-bp-molecular-ruler-500-ul
Bio-Rad,bio-rad.com,100 bp PCR Molecular Ruler,bp,19,1200,40,hidden,30,https://www.bio-rad.com/en-us/sku/170-8206-100-bp-molecular-ruler-500-ul
Bio-Rad,bio-rad.com,100 bp PCR Molecular Ruler,bp,20,1100,40,hidden,30,https://www.bio-rad.com/en-us/sku/170-8206-100-bp-molecular-ruler-500-ul
Bio-Rad,bio-rad.com,100 bp PCR Molecular Ruler,bp,21,1000,100,reference band,30,https://www.bio-rad.com/en-us/sku/170-8206-100-bp-molecular-ruler-500-ul
Bio-Rad,bio-rad.com,100 bp PCR Molecular Ruler,bp,22,900,40,,30,https://www.bio-rad.com/en-us/sku/170-8206-100-bp-molecular-ruler-500-ul
Bio-Rad,bio-rad.com,100 bp PCR Molecular Ruler,bp,23,800,40,,30,https://www.bio-rad.com/en-us/sku/170-8206-100-bp-molecular-ruler-500-ul
Bio-Rad,bio-rad.com,100 bp PCR Molecular Ruler,bp,24,700,40,,30,https://www.bio-rad.com/en-us/sku/170-8206-100-bp-molecular-ruler-500-ul
Bio-Rad,bio-rad.com,100 bp PCR Molecular Ruler,bp,25,600,40,,30,https://www.bio-rad.com/en-us/sku/170-8206-100-bp-molecular-ruler-500-ul
Bio-Rad,bio-rad.com,100 bp PCR Molecular Ruler,bp,26,500,40,,30,https://www.bio-rad.com/en-us/sku/170-8206-100-bp-molecular-ruler-500-ul
Bio-Rad,bio-rad.com,100 bp PCR Molecular Ruler,bp,27,400,40,,30,https://www.bio-rad.com/en-us/sku/170-8206-100-bp-molecular-ruler-500-ul
Bio-Rad,bio-rad.com,100 bp PCR Molecular Ruler,bp,28,300,40,,30,https://www.bio-rad.com/en-us/sku/170-8206-100-bp-molecular-ruler-500-ul
Bio-Rad,bio-rad.com,100 bp PCR Molecular Ruler,bp,29,200,40,,30,https://www.bio-rad.com/en-us/sku/170-8206-100-bp-molecular-ruler-500-ul
Bio-Rad,bio-rad.com,100 bp PCR Molecular Ruler,bp,30,100,40,,30,https://www.bio-rad.com/en-us/sku/170-8206-100-bp-molecular-ruler-500-ul
Bioline,bioline.com,EasyLadder I,bp,1,2000,50,,5,http://www.bioline.com/h_prod_detail.asp?itemid=180
Bioline,bioline.com,EasyLadder I,bp,2,1000,50,,5,http://www.bioline.com/h_prod_detail.asp?itemid=180
Bioline,bioline.com,EasyLadder I,bp,3,500,50,,5,http://www.bioline.com/h_prod_detail.asp?itemid=180
Bioline,bioline.com,EasyLadder I,bp,4,250,50,,5,http://www.bioline.com/h_prod_detail.asp?itemid=180
Bioline,bioline.com,EasyLadder I,bp,5,100,50,,5,http://www.bioline.com/h_prod_detail.asp?itemid=180
Bioline,bioline.com,EasyLadder II,bp,1,5000,50,,5,http://www.bioline.com/h_prod_detail.asp?itemid=179
Bioline,bioline.com,EasyLadder II,bp,2,3000,50,,5,http://www.bioline.com/h_prod_detail.asp?itemid=179
Bioline,bioline.com,EasyLadder II,bp,3,2000,50,,5,http://www.bioline.com/h_prod_detail.asp?itemid=179
Bioline,bioline.com,EasyLadder II,bp,4,1000,50,,5,http://www.bioline.com/h_prod_detail.asp?itemid=179
Bioline,bioline.com,EasyLadder II,bp,5,500,50,,5,http://www.bioline.com/h_prod_detail.asp?itemid=179
Bioline,bioline.com,HyperLadder™ 25 bp,bp,1,500,60,,12,http://www.bioline.com/us/hyperladder-25bp.html
Bioline,bioline.com,HyperLadder™ 25 bp,bp,2,400,60,,12,http://www.bioline.com/us/hyperladder-25bp.html
Bioline,bioline.com,HyperLadder™ 25 bp,bp,3,300,60,,12,http://www.bioline.com/us/hyperladder-25bp.html
Bioline,bioline.com,HyperLadder™ 25 bp,bp,4,250,60,,12,http://www.bioline.com/us/hyperladder-25bp.html
Bioline,bioline.com,HyperLadder™ 25 bp,bp,5,200,120,reference band,12,http://www.bioline.com/us/hyperladder-25bp.html
Bioline,bioline.com,HyperLadder™ 25 bp,bp,6,175,80,,12,http://www.bioline.com/us/hyperladder-25bp.html
Bioline,bioline.com,HyperLadder™ 25 bp,bp,7,150,80,,12,http://www.bioline.com/us/hyperladder-25bp.html
Bioline,bioline.com,HyperLadder™ 25 bp,bp,8,125,80,,12,http://www.bioline.com/us/hyperladder-25bp.html
Bioline,bioline.com,HyperLadder™ 25 bp,bp,9,100,120,reference band,12,http://www.bioline.com/us/hyperladder-25bp.html
Bioline,bioline.com,HyperLadder™ 25 bp,bp,10,75,80,,12,http://www.bioline.com/us/hyperladder-25bp.html
Bioline,bioline.com,HyperLadder™ 25 bp,bp,11,50,80,,12,http://www.bioline.com/us/hyperladder-25bp.html
Bioline,bioline.com,HyperLadder™ 25 bp,bp,12,25,80,,12,http://www.bioline.com/us/hyperladder-25bp.html
Bioline,bioline.com,HyperLadder™ 50 bp,bp,1,2000,50,reference band,15,http://www.bioline.com/us/hyperladder-50bp.html
Bioline,bioline.com,HyperLadder™ 50 bp,bp,2,1800,20,,15,http://www.bioline.com/us/hyperladder-50bp.html
Bioline,bioline.com,HyperLadder™ 50 bp,bp,3,1600,20,,15,http://www.bioline.com/us/hyperladder-50bp.html
Bioline,bioline.com,HyperLadder™ 50 bp,bp,4,1400,20,,15,http://www.bioline.com/us/hyperladder-50bp.html
Bioline,bioline.com,HyperLadder™ 50 bp,bp,5,1200,20,,15,http://www.bioline.com/us/hyperladder-50bp.html
Bioline,bioline.com,HyperLadder™ 50 bp,bp,6,1000,100,reference band,15,http://www.bioline.com/us/hyperladder-50bp.html
Bioline,bioline.com,HyperLadder™ 50 bp,bp,7,800,30,,15,http://www.bioline.com/us/hyperladder-50bp.html
Bioline,bioline.com,HyperLadder™ 50 bp,bp,8,700,30,,15,http://www.bioline.com/us/hyperladder-50bp.html
Bioline,bioline.com,HyperLadder™ 50 bp,bp,9,600,30,,15,http://www.bioline.com/us/hyperladder-50bp.html
Bioline,bioline.com,HyperLadder™ 50 bp,bp,10,500,30,,15,http://www.bioline.com/us/hyperladder-50bp.html
Bioline,bioline.com,HyperLadder™ 50 bp,bp,11,400,30,,15,http://www.bioline.com/us/hyperladder-50bp.html
Bioline,bioline.com,HyperLadder™ 50 bp,bp,12,300,100,reference band,15,http://www.bioline.com/us/hyperladder-50bp.html
Bioline,bioline.com,HyperLadder™ 50 bp,bp,13,200,40,,15,http://www.bioline.com/us/hyperladder-50bp.html
Bioline,bioline.com,HyperLadder™ 50 bp,bp,14,100,40,,15,http://www.bioline.com/us/hyperladder-50bp.html
Bioline,bioline.com,HyperLadder™ 50 bp,bp,15,50,40,,15,http://www.bioline.com/us/hyperladder-50bp.html
Bioline,bioline.com,HyperLadder™ 100 bp,bp,1,1013,100,,11,http://www.bioline.com/us/hyperladder-100bp.html
Bioline,bioline.com,HyperLadder™ 100 bp,bp,2,900,90,,11,http://www.bioline.com/us/hyperladder-100bp.html
Bioline,bioline.com,HyperLadder™ 100 bp,bp,3,800,80,,11,http://www.bioline.com/us/hyperladder-100bp.html
Bioline,bioline.com,HyperLadder™ 100 bp,bp,4,700,70,,11,http://www.bioline.com/us/hyperladder-100bp.html
Bioline,bioline.com,HyperLadder™ 100 bp,bp,5,600,60,,11,http://www.bioline.com/us/hyperladder-100bp.html
Bioline,bioline.com,HyperLadder™ 100 bp,bp,6,500,50,,11,http://www.bioline.com/us/hyperladder-100bp.html
Bioline,bioline.com,HyperLadder™ 100 bp,bp,7,400,40,,11,http://www.bioline.com/us/hyperladder-100bp.html
Bioline,bioline.com,HyperLadder™ 100 bp,bp,8,311,30,,11,http://www.bioline.com/us/hyperladder-100bp.html
Bioline,bioline.com,HyperLadder™ 100 bp,bp,9,300,30,,11,http://www.bioline.com/us/hyperladder-100bp.html
Bioline,bioline.com,HyperLadder™ 100 bp,bp,10,200,20,,11,http://www.bioline.com/us/hyperladder-100bp.html
Bioline,bioline.com,HyperLadder™ 100 bp,bp,11,100,40,,11,http://www.bioline.com/us/hyperladder-100bp.html
Bioline,bioline.com,HyperLadder™ 100 bp Plus,bp,1,2531,50,,13,http://www.bioline.com/us/hyperladder-100bp-plus.html
Bioline,bioline.com,HyperLadder™ 100 bp Plus,bp,2,2000,40,,13,http://www.bioline.com/us/hyperladder-100bp-plus.html
Bioline,bioline.com,HyperLadder™ 100 bp Plus,bp,3,1500,30,,13,http://www.bioline.com/us/hyperladder-100bp-plus.html
Bioline,bioline.com,HyperLadder™ 100 bp Plus,bp,4,1000,50,,13,http://www.bioline.com/us/hyperladder-100bp-plus.html
Bioline,bioline.com,HyperLadder™ 100 bp Plus,bp,5,800,40,,13,http://www.bioline.com/us/hyperladder-100bp-plus.html
Bioline,bioline.com,HyperLadder™ 100 bp Plus,bp,6,700,35,,13,http://www.bioline.com/us/hyperladder-100bp-plus.html
Bioline,bioline.com,HyperLadder™ 100 bp Plus,bp,7,600,30,,13,http://www.bioline.com/us/hyperladder-100bp-plus.html
Bioline,bioline.com,HyperLadder™ 100 bp Plus,bp,8,517,25,,13,http://www.bioline.com/us/hyperladder-100bp-plus.html
Bioline,bioline.com,HyperLadder™ 100 bp Plus,bp,9,500,25,,13,http://www.bioline.com/us/hyperladder-100bp-plus.html
Bioline,bioline.com,HyperLadder™ 100 bp Plus,bp,10,400,40,,13,http://www.bioline.com/us/hyperladder-100bp-plus.html
Bioline,bioline.com,HyperLadder™ 100 bp Plus,bp,11,300,30,,13,http://www.bioline.com/us/hyperladder-100bp-plus.html
Bioline,bioline.com,HyperLadder™ 100 bp Plus,bp,12,200,30,,13,http://www.bioline.com/us/hyperladder-100bp-plus.html
Bioline,bioline.com,HyperLadder™ 100 bp Plus,bp,13,100,30,,13,http://www.bioline.com/us/hyperladder-100bp-plus.html
Bioline,bioline.com,HyperLadder™ 500 bp,bp,1,5000,50,,11,http://www.bioline.com/h_prod_detail.asp?itemid=151
Bioline,bioline.com,HyperLadder™ 500 bp,bp,2,4500,50,,11,http://www.bioline.com/h_prod_detail.asp?itemid=151
Bioline,bioline.com,HyperLadder™ 500 bp,bp,3,4000,50,,11,http://www.bioline.com/h_prod_detail.asp?itemid=151
Bioline,bioline.com,HyperLadder™ 500 bp,bp,4,3500,100,reference band,11,http://www.bioline.com/h_prod_detail.asp?itemid=151
Bioline,bioline.com,HyperLadder™ 500 bp,bp,5,3000,50,,11,http://www.bioline.com/h_prod_detail.asp?itemid=151
Bioline,bioline.com,HyperLadder™ 500 bp,bp,6,2500,50,,11,http://www.bioline.com/h_prod_detail.asp?itemid=151
Bioline,bioline.com,HyperLadder™ 500 bp,bp,7,2000,40,,11,http://www.bioline.com/h_prod_detail.asp?itemid=151
Bioline,bioline.com,HyperLadder™ 500 bp,bp,8,1500,30,,11,http://www.bioline.com/h_prod_detail.asp?itemid=151
Bioline,bioline.com,HyperLadder™ 500 bp,bp,9,1000,100,reference band,11,http://www.bioline.com/h_prod_detail.asp?itemid=151
Bioline,bioline.com,HyperLadder™ 500 bp,bp,10,700,50,,11,http://www.bioline.com/h_prod_detail.asp?itemid=151
Bioline,bioline.com,HyperLadder™ 500 bp,bp,11,500,50,,11,http://www.bioline.com/h_prod_detail.asp?itemid=151
Bioline,bioline.com,HyperLadder™ 1 kb,bp,1,10037,100,,15,http://www.bioline.com/us/hyperladder-1kb.html
Bioline,bioline.com,HyperLadder™ 1 kb,bp,2,8000,80,,15,http://www.bioline.com/us/hyperladder-1kb.html
Bioline,bioline.com,HyperLadder™ 1 kb,bp,3,6000,60,,15,http://www.bioline.com/us/hyperladder-1kb.html
Bioline,bioline.com,HyperLadder™ 1 kb,bp,4,5000,50,,15,http://www.bioline.com/us/hyperladder-1kb.html
Bioline,bioline.com,HyperLadder™ 1 kb,bp,5,4000,40,,15,http://www.bioline.com/us/hyperladder-1kb.html
Bioline,bioline.com,HyperLadder™ 1 kb,bp,6,3000,30,,15,http://www.bioline.com/us/hyperladder-1kb.html
Bioline,bioline.com,HyperLadder™ 1 kb,bp,7,2500,25,,15,http://www.bioline.com/us/hyperladder-1kb.html
Bioline,bioline.com,HyperLadder™ 1 kb,bp,8,2000,20,,15,http://www.bioline.com/us/hyperladder-1kb.html
Bioline,bioline.com,HyperLadder™ 1 kb,bp,9,1517,15,,15,http://www.bioline.com/us/hyperladder-1kb.html
Bioline,bioline.com,HyperLadder™ 1 kb,bp,10,1500,15,,15,http://www.bioline.com/us/hyperladder-1kb.html
Bioline,bioline.com,HyperLadder™ 1 kb,bp,11,1000,100,,15,http://www.bioline.com/us/hyperladder-1kb.html
Bioline,bioline.com,HyperLadder™ 1 kb,bp,12,800,80,,15,http://www.bioline.com/us/hyperladder-1kb.html
Bioline,bioline.com,HyperLadder™ 1 kb,bp,13,600,60,,15,http://www.bioline.com/us/hyperladder-1kb.html
Bioline,bioline.com,HyperLadder™ 1 kb,bp,14,400,40,,15,http://www.bioline.com/us/hyperladder-1kb.html
Bioline,bioline.com,HyperLadder™ 1 kb,bp,15,200,20,,15,http://www.bioline.com/us/hyperladder-1kb.html
Bioline,bioline.com,HyperLadder™ 1 kb Plus,bp,1,12007,100,,15,http://www.bioline.com/us/hyperladder-1kb-plus.html
Bioline,bioline.com,HyperLadder™ 1 kb Plus,bp,2,10000,80,,15,http://www.bioline.com/us/hyperladder-1kb-plus.html
Bioline,bioline.com,HyperLadder™ 1 kb Plus,bp,3,8000,60,,15,http://www.bioline.com/us/hyperladder-1kb-plus.html
Bioline,bioline.com,HyperLadder™ 1 kb Plus,bp,4,6000,60,,15,http://www.bioline.com/us/hyperladder-1kb-plus.html
Bioline,bioline.com,HyperLadder™ 1 kb Plus,bp,5,5000,50,,15,http://www.bioline.com/us/hyperladder-1kb-plus.html
Bioline,bioline.com,HyperLadder™ 1 kb Plus,bp,6,4000,40,,15,http://www.bioline.com/us/hyperladder-1kb-plus.html
Bioline,bioline.com,HyperLadder™ 1 kb Plus,bp,7,3000,30,,15,http://www.bioline.com/us/hyperladder-1kb-plus.html
Bioline,bioline.com,HyperLadder™ 1 kb Plus,bp,8,2500,50,,15,http://www.bioline.com/us/hyperladder-1kb-plus.html
Bioline,bioline.com,HyperLadder™ 1 kb Plus,bp,9,2000,40,,15,http://www.bioline.com/us/hyperladder-1kb-plus.html
Bioline,bioline.com,HyperLadder™ 1 kb Plus,bp,10,1500,30,,15,http://www.bioline.com/us/hyperladder-1kb-plus.html
Bioline,bioline.com,HyperLadder™ 1 kb Plus,bp,11,1000,100,,15,http://www.bioline.com/us/hyperladder-1kb-plus.html
Bioline,bioline.com,HyperLadder™ 1 kb Plus,bp,12,700,70,,15,http://www.bioline.com/us/hyperladder-1kb-plus.html
Bioline,bioline.com,HyperLadder™ 1 kb Plus,bp,13,517,25,,15,http://www.bioline.com/us/hyperladder-1kb-plus.html
Bioline,bioline.com,HyperLadder™ 1 kb Plus,bp,14,500,25,,15,http://www.bioline.com/us/hyperladder-1kb-plus.html
Bioline,bioline.com,HyperLadder™ 1 kb Plus,bp,15,250,50,,15,http://www.bioline.com/us/hyperladder-1kb-plus.html
Bioneer,us.bioneer.com,10 bp DNA Ladder,bp,1,100,100,,10,http://us.bioneer.com/products/laddersandmarkers/10bpDNALadder-technical.aspx
Bioneer,us.bioneer.com,10 bp DNA Ladder,bp,2,90,60,,10,http://us.bioneer.com/products/laddersandmarkers/10bpDNALadder-technical.aspx
Bioneer,us.bioneer.com,10 bp DNA Ladder,bp,3,80,60,,10,http://us.bioneer.com/products/laddersandmarkers/10bpDNALadder-technical.aspx
Bioneer,us.bioneer.com,10 bp DNA Ladder,bp,4,70,60,,10,http://us.bioneer.com/products/laddersandmarkers/10bpDNALadder-technical.aspx
Bioneer,us.bioneer.com,10 bp DNA Ladder,bp,5,60,60,,10,http://us.bioneer.com/products/laddersandmarkers/10bpDNALadder-technical.aspx
Bioneer,us.bioneer.com,10 bp DNA Ladder,bp,6,50,50,,10,http://us.bioneer.com/products/laddersandmarkers/10bpDNALadder-technical.aspx
Bioneer,us.bioneer.com,10 bp DNA Ladder,bp,7,40,220,reference band,10,http://us.bioneer.com/products/laddersandmarkers/10bpDNALadder-technical.aspx
Bioneer,us.bioneer.com,10 bp DNA Ladder,bp,8,30,74,,10,http://us.bioneer.com/products/laddersandmarkers/10bpDNALadder-technical.aspx
Bioneer,us.bioneer.com,10 bp DNA Ladder,bp,9,20,80,,10,http://us.bioneer.com/products/laddersandmarkers/10bpDNALadder-technical.aspx
Bioneer,us.bioneer.com,10 bp DNA Ladder,bp,10,10,80,,10,http://us.bioneer.com/products/laddersandmarkers/10bpDNALadder-technical.aspx
Bioneer,us.bioneer.com,25/100 bp Mixed DNA Ladder,bp,1,2000,80,reference band,17,http://us.bioneer.com/products/laddersandmarkers/25100bpMixedDNALadderoverview.aspx
Bioneer,us.bioneer.com,25/100 bp Mixed DNA Ladder,bp,2,1000,80,reference band,17,http://us.bioneer.com/products/laddersandmarkers/25100bpMixedDNALadderoverview.aspx
Bioneer,us.bioneer.com,25/100 bp Mixed DNA Ladder,bp,3,900,36,,17,http://us.bioneer.com/products/laddersandmarkers/25100bpMixedDNALadderoverview.aspx
Bioneer,us.bioneer.com,25/100 bp Mixed DNA Ladder,bp,4,800,32,,17,http://us.bioneer.com/products/laddersandmarkers/25100bpMixedDNALadderoverview.aspx
Bioneer,us.bioneer.com,25/100 bp Mixed DNA Ladder,bp,5,700,28,,17,http://us.bioneer.com/products/laddersandmarkers/25100bpMixedDNALadderoverview.aspx
Bioneer,us.bioneer.com,25/100 bp Mixed DNA Ladder,bp,6,600,24,,17,http://us.bioneer.com/products/laddersandmarkers/25100bpMixedDNALadderoverview.aspx
Bioneer,us.bioneer.com,25/100 bp Mixed DNA Ladder,bp,7,500,80,reference band,17,http://us.bioneer.com/products/laddersandmarkers/25100bpMixedDNALadderoverview.aspx
Bioneer,us.bioneer.com,25/100 bp Mixed DNA Ladder,bp,8,400,24,,17,http://us.bioneer.com/products/laddersandmarkers/25100bpMixedDNALadderoverview.aspx
Bioneer,us.bioneer.com,25/100 bp Mixed DNA Ladder,bp,9,300,24,,17,http://us.bioneer.com/products/laddersandmarkers/25100bpMixedDNALadderoverview.aspx
Bioneer,us.bioneer.com,25/100 bp Mixed DNA Ladder,bp,10,200,24,,17,http://us.bioneer.com/products/laddersandmarkers/25100bpMixedDNALadderoverview.aspx
Bioneer,us.bioneer.com,25/100 bp Mixed DNA Ladder,bp,11,175,44,,17,http://us.bioneer.com/products/laddersandmarkers/25100bpMixedDNALadderoverview.aspx
Bioneer,us.bioneer.com,25/100 bp Mixed DNA Ladder,bp,12,150,224,reference band,17,http://us.bioneer.com/products/laddersandmarkers/25100bpMixedDNALadderoverview.aspx
Bioneer,us.bioneer.com,25/100 bp Mixed DNA Ladder,bp,13,125,44,,17,http://us.bioneer.com/products/laddersandmarkers/25100bpMixedDNALadderoverview.aspx
Bioneer,us.bioneer.com,25/100 bp Mixed DNA Ladder,bp,14,100,47,,17,http://us.bioneer.com/products/laddersandmarkers/25100bpMixedDNALadderoverview.aspx
Bioneer,us.bioneer.com,25/100 bp Mixed DNA Ladder,bp,15,75,77,,17,http://us.bioneer.com/products/laddersandmarkers/25100bpMixedDNALadderoverview.aspx
Bioneer,us.bioneer.com,25/100 bp Mixed DNA Ladder,bp,16,50,160,,17,http://us.bioneer.com/products/laddersandmarkers/25100bpMixedDNALadderoverview.aspx
Bioneer,us.bioneer.com,25/100 bp Mixed DNA Ladder,bp,17,25,172,,17,http://us.bioneer.com/products/laddersandmarkers/25100bpMixedDNALadderoverview.aspx
Bioneer,us.bioneer.com,100 bp DNA Ladder,bp,1,2000,226,reference band,13,http://us.bioneer.com/products/laddersandmarkers/100bpDNALaddertechnical.aspx
Bioneer,us.bioneer.com,100 bp DNA Ladder,bp,2,1600,54,,13,http://us.bioneer.com/products/laddersandmarkers/100bpDNALaddertechnical.aspx
Bioneer,us.bioneer.com,100 bp DNA Ladder,bp,3,1200,40,,13,http://us.bioneer.com/products/laddersandmarkers/100bpDNALaddertechnical.aspx
Bioneer,us.bioneer.com,100 bp DNA Ladder,bp,4,1000,160,reference band,13,http://us.bioneer.com/products/laddersandmarkers/100bpDNALaddertechnical.aspx
Bioneer,us.bioneer.com,100 bp DNA Ladder,bp,5,900,72,,13,http://us.bioneer.com/products/laddersandmarkers/100bpDNALaddertechnical.aspx
Bioneer,us.bioneer.com,100 bp DNA Ladder,bp,6,800,64,,13,http://us.bioneer.com/products/laddersandmarkers/100bpDNALaddertechnical.aspx
Bioneer,us.bioneer.com,100 bp DNA Ladder,bp,7,700,56,,13,http://us.bioneer.com/products/laddersandmarkers/100bpDNALaddertechnical.aspx
Bioneer,us.bioneer.com,100 bp DNA Ladder,bp,8,600,48,,13,http://us.bioneer.com/products/laddersandmarkers/100bpDNALaddertechnical.aspx
Bioneer,us.bioneer.com,100 bp DNA Ladder,bp,9,500,160,reference band,13,http://us.bioneer.com/products/laddersandmarkers/100bpDNALaddertechnical.aspx
Bioneer,us.bioneer.com,100 bp DNA Ladder,bp,10,400,48,,13,http://us.bioneer.com/products/laddersandmarkers/100bpDNALaddertechnical.aspx
Bioneer,us.bioneer.com,100 bp DNA Ladder,bp,11,300,48,,13,http://us.bioneer.com/products/laddersandmarkers/100bpDNALaddertechnical.aspx
Bioneer,us.bioneer.com,100 bp DNA Ladder,bp,12,200,48,,13,http://us.bioneer.com/products/laddersandmarkers/100bpDNALaddertechnical.aspx
Bioneer,us.bioneer.com,100 bp DNA Ladder,bp,13,100,56,,13,http://us.bioneer.com/products/laddersandmarkers/100bpDNALaddertechnical.aspx
Bioneer,us.bioneer.com,100 bp Plus DNA Ladder,bp,1,10200,29,,19,http://us.bioneer.com/products/laddersandmarkers/100bpPlusDNALadderoverview.aspx
Bioneer,us.bioneer.com,100 bp Plus DNA Ladder,bp,2,8000,29,,19,http://us.bioneer.com/products/laddersandmarkers/100bpPlusDNALadderoverview.aspx
Bioneer,us.bioneer.com,100 bp Plus DNA Ladder,bp,3,5991,34,,19,http://us.bioneer.com/products/laddersandmarkers/100bpPlusDNALadderoverview.aspx
Bioneer,us.bioneer.com,100 bp Plus DNA Ladder,bp,4,5007,34,,19,http://us.bioneer.com/products/laddersandmarkers/100bpPlusDNALadderoverview.aspx
Bioneer,us.bioneer.com,100 bp Plus DNA Ladder,bp,5,4000,38,,19,http://us.bioneer.com/products/laddersandmarkers/100bpPlusDNALadderoverview.aspx
Bioneer,us.bioneer.com,100 bp Plus DNA Ladder,bp,6,2961,48,,19,http://us.bioneer.com/products/laddersandmarkers/100bpPlusDNALadderoverview.aspx
Bioneer,us.bioneer.com,100 bp Plus DNA Ladder,bp,7,2000,226,reference band,19,http://us.bioneer.com/products/laddersandmarkers/100bpPlusDNALadderoverview.aspx
Bioneer,us.bioneer.com,100 bp Plus DNA Ladder,bp,8,1600,54,,19,http://us.bioneer.com/products/laddersandmarkers/100bpPlusDNALadderoverview.aspx
Bioneer,us.bioneer.com,100 bp Plus DNA Ladder,bp,9,1200,40,,19,http://us.bioneer.com/products/laddersandmarkers/100bpPlusDNALadderoverview.aspx
Bioneer,us.bioneer.com,100 bp Plus DNA Ladder,bp,10,1000,160,reference band,19,http://us.bioneer.com/products/laddersandmarkers/100bpPlusDNALadderoverview.aspx
Bioneer,us.bioneer.com,100 bp Plus DNA Ladder,bp,11,900,72,,19,http://us.bioneer.com/products/laddersandmarkers/100bpPlusDNALadderoverview.aspx
Bioneer,us.bioneer.com,100 bp Plus DNA Ladder,bp,12,800,64,,19,http://us.bioneer.com/products/laddersandmarkers/100bpPlusDNALadderoverview.aspx
Bioneer,us.bioneer.com,100 bp Plus DNA Ladder,bp,13,700,56,,19,http://us.bioneer.com/products/laddersandmarkers/100bpPlusDNALadderoverview.aspx
Bioneer,us.bioneer.com,100 bp Plus DNA Ladder,bp,14,600,48,,19,http://us.bioneer.com/products/laddersandmarkers/100bpPlusDNALadderoverview.aspx
Bioneer,us.bioneer.com,100 bp Plus DNA Ladder,bp,15,500,160,reference band,19,http://us.bioneer.com/products/laddersandmarkers/100bpPlusDNALadderoverview.aspx
Bioneer,us.bioneer.com,100 bp Plus DNA Ladder,bp,16,400,48,,19,http://us.bioneer.com/products/laddersandmarkers/100bpPlusDNALadderoverview.aspx
Bioneer,us.bioneer.com,100 bp Plus DNA Ladder,bp,17,300,48,,19,http://us.bioneer.com/products/laddersandmarkers/100bpPlusDNALadderoverview.aspx
Bioneer,us.bioneer.com,100 bp Plus DNA Ladder,bp,18,200,48,,19,http://us.bioneer.com/products/laddersandmarkers/100bpPlusDNALadderoverview.aspx
Bioneer,us.bioneer.com,100 bp Plus DNA Ladder,bp,19,100,56,,19,http://us.bioneer.com/products/laddersandmarkers/100bpPlusDNALadderoverview.aspx
Bioneer,us.bioneer.com,1 kb DNA Ladder,bp,1,10200,48,,10,http://us.bioneer.com/products/laddersandmarkers/1kbDNALadderoverview.aspx
Bioneer,us.bioneer.com,1 kb DNA Ladder,bp,2,8029,47,,10,http://us.bioneer.com/products/laddersandmarkers/1kbDNALadderoverview.aspx
Bioneer,us.bioneer.com,1 kb DNA Ladder,bp,3,5991,56,,10,http://us.bioneer.com/products/laddersandmarkers/1kbDNALadderoverview.aspx
Bioneer,us.bioneer.com,1 kb DNA Ladder,bp,4,5007,56,,10,http://us.bioneer.com/products/laddersandmarkers/1kbDNALadderoverview.aspx
Bioneer,us.bioneer.com,1 kb DNA Ladder,bp,5,4025,64,,10,http://us.bioneer.com/products/laddersandmarkers/1kbDNALadderoverview.aspx
Bioneer,us.bioneer.com,1 kb DNA Ladder,bp,6,2961,200,reference band,10,http://us.bioneer.com/products/laddersandmarkers/1kbDNALadderoverview.aspx
Bioneer,us.bioneer.com,1 kb DNA Ladder,bp,7,2000,124,,10,http://us.bioneer.com/products/laddersandmarkers/1kbDNALadderoverview.aspx
Bioneer,us.bioneer.com,1 kb DNA Ladder,bp,8,1600,125,,10,http://us.bioneer.com/products/laddersandmarkers/1kbDNALadderoverview.aspx
Bioneer,us.bioneer.com,1 kb DNA Ladder,bp,9,1000,160,,10,http://us.bioneer.com/products/laddersandmarkers/1kbDNALadderoverview.aspx
Bioneer,us.bioneer.com,1 kb DNA Ladder,bp,10,500,160,,10,http://us.bioneer.com/products/laddersandmarkers/1kbDNALadderoverview.aspx
Bionexus,bionexus.net,DNA Mass Marker,bp,1,4000,75,,5,http://www.bionexus.net/product/BN2055.html
Bionexus,bionexus.net,DNA Mass Marker,bp,2,2000,200,,5,http://www.bionexus.net/product/BN2055.html
Bionexus,bionexus.net,DNA Mass Marker,bp,3,1000,100,,5,http://www.bionexus.net/product/BN2055.html
Bionexus,bionexus.net,DNA Mass Marker,bp,4,500,50,,5,http://www.bionexus.net/product/BN2055.html
Bionexus,bionexus.net,DNA Mass Marker,bp,5,100,20,,5,http://www.bionexus.net/product/BN2055.html
Bionexus,bionexus.net,Hi-Lo DNA Marker,bp,1,10000,30,,16,http://www.bionexus.net/Merchant2/merchant.mvc?Screen=PROD&amp;Store_Code=Bionexus%2C+Inc.&amp;Product_Code=BN2050&amp;Category_Code=
Bionexus,bionexus.net,Hi-Lo DNA Marker,bp,2,8000,30,,16,http://www.bionexus.net/Merchant2/merchant.mvc?Screen=PROD&amp;Store_Code=Bionexus%2C+Inc.&amp;Product_Code=BN2050&amp;Category_Code=
Bionexus,bionexus.net,Hi-Lo DNA Marker,bp,3,6000,45,,16,http://www.bionexus.net/Merchant2/merchant.mvc?Screen=PROD&amp;Store_Code=Bionexus%2C+Inc.&amp;Product_Code=BN2050&amp;Category_Code=
Bionexus,bionexus.net,Hi-Lo DNA Marker,bp,4,4000,60,,16,http://www.bionexus.net/Merchant2/merchant.mvc?Screen=PROD&amp;Store_Code=Bionexus%2C+Inc.&amp;Product_Code=BN2050&amp;Category_Code=
Bionexus,bionexus.net,Hi-Lo DNA Marker,bp,5,3000,85,,16,http://www.bionexus.net/Merchant2/merchant.mvc?Screen=PROD&amp;Store_Code=Bionexus%2C+Inc.&amp;Product_Code=BN2050&amp;Category_Code=
Bionexus,bionexus.net,Hi-Lo DNA Marker,bp,6,2000,150,reference band,16,http://www.bionexus.net/Merchant2/merchant.mvc?Screen=PROD&amp;Store_Code=Bionexus%2C+Inc.&amp;Product_Code=BN2050&amp;Category_Code=
Bionexus,bionexus.net,Hi-Lo DNA Marker,bp,7,1550,100,,16,http://www.bionexus.net/Merchant2/merchant.mvc?Screen=PROD&amp;Store_Code=Bionexus%2C+Inc.&amp;Product_Code=BN2050&amp;Category_Code=
Bionexus,bionexus.net,Hi-Lo DNA Marker,bp,8,1400,100,,16,http://www.bionexus.net/Merchant2/merchant.mvc?Screen=PROD&amp;Store_Code=Bionexus%2C+Inc.&amp;Product_Code=BN2050&amp;Category_Code=
Bionexus,bionexus.net,Hi-Lo DNA Marker,bp,9,1000,120,reference band,16,http://www.bionexus.net/Merchant2/merchant.mvc?Screen=PROD&amp;Store_Code=Bionexus%2C+Inc.&amp;Product_Code=BN2050&amp;Category_Code=
Bionexus,bionexus.net,Hi-Lo DNA Marker,bp,10,750,30,,16,http://www.bionexus.net/Merchant2/merchant.mvc?Screen=PROD&amp;Store_Code=Bionexus%2C+Inc.&amp;Product_Code=BN2050&amp;Category_Code=
Bionexus,bionexus.net,Hi-Lo DNA Marker,bp,11,500,60,reference band,16,http://www.bionexus.net/Merchant2/merchant.mvc?Screen=PROD&amp;Store_Code=Bionexus%2C+Inc.&amp;Product_Code=BN2050&amp;Category_Code=
Bionexus,bionexus.net,Hi-Lo DNA Marker,bp,12,400,20,,16,http://www.bionexus.net/Merchant2/merchant.mvc?Screen=PROD&amp;Store_Code=Bionexus%2C+Inc.&amp;Product_Code=BN2050&amp;Category_Code=
Bionexus,bionexus.net,Hi-Lo DNA Marker,bp,13,300,40,,16,http://www.bionexus.net/Merchant2/merchant.mvc?Screen=PROD&amp;Store_Code=Bionexus%2C+Inc.&amp;Product_Code=BN2050&amp;Category_Code=
Bionexus,bionexus.net,Hi-Lo DNA Marker,bp,14,200,30,,16,http://www.bionexus.net/Merchant2/merchant.mvc?Screen=PROD&amp;Store_Code=Bionexus%2C+Inc.&amp;Product_Code=BN2050&amp;Category_Code=
Bionexus,bionexus.net,Hi-Lo DNA Marker,bp,15,100,20,,16,http://www.bionexus.net/Merchant2/merchant.mvc?Screen=PROD&amp;Store_Code=Bionexus%2C+Inc.&amp;Product_Code=BN2050&amp;Category_Code=
Bionexus,bionexus.net,Hi-Lo DNA Marker,bp,16,50,15,,16,http://www.bionexus.net/Merchant2/merchant.mvc?Screen=PROD&amp;Store_Code=Bionexus%2C+Inc.&amp;Product_Code=BN2050&amp;Category_Code=
Bionexus,bionexus.net,Lo DNA Marker,bp,1,2000,150,,11,http://www.bionexus.net/product/BN2051.html
Bionexus,bionexus.net,Lo DNA Marker,bp,2,1550,100,,11,http://www.bionexus.net/product/BN2051.html
Bionexus,bionexus.net,Lo DNA Marker,bp,3,1400,100,,11,http://www.bionexus.net/product/BN2051.html
Bionexus,bionexus.net,Lo DNA Marker,bp,4,1000,120,,11,http://www.bionexus.net/product/BN2051.html
Bionexus,bionexus.net,Lo DNA Marker,bp,5,750,30,,11,http://www.bionexus.net/product/BN2051.html
Bionexus,bionexus.net,Lo DNA Marker,bp,6,500,60,,11,http://www.bionexus.net/product/BN2051.html
Bionexus,bionexus.net,Lo DNA Marker,bp,7,400,20,,11,http://www.bionexus.net/product/BN2051.html
Bionexus,bionexus.net,Lo DNA Marker,bp,8,300,40,,11,http://www.bionexus.net/product/BN2051.html
Bionexus,bionexus.net,Lo DNA Marker,bp,9,200,30,,11,http://www.bionexus.net/product/BN2051.html
Bionexus,bionexus.net,Lo DNA Marker,bp,10,100,20,,11,http://www.bionexus.net/product/BN2051.html
Bionexus,bionexus.net,Lo DNA Marker,bp,11,50,15,,11,http://www.bionexus.net/product/BN2051.html
biotechrabbit,biotechrabbit.com,50 bp DNA Ladder,bp,1,1500,80,,17,http://www.biotechrabbit.com/products/electrophoresis-ladders/dna-electrophoresis/50-bp-dna-ladder-ready-to-use.html
biotechrabbit,biotechrabbit.com,50 bp DNA Ladder,bp,2,1200,70,,17,http://www.biotechrabbit.com/products/electrophoresis-ladders/dna-electrophoresis/50-bp-dna-ladder-ready-to-use.html
biotechrabbit,biotechrabbit.com,50 bp DNA Ladder,bp,3,1000,66,,17,http://www.biotechrabbit.com/products/electrophoresis-ladders/dna-electrophoresis/50-bp-dna-ladder-ready-to-use.html
biotechrabbit,biotechrabbit.com,50 bp DNA Ladder,bp,4,900,60,,17,http://www.biotechrabbit.com/products/electrophoresis-ladders/dna-electrophoresis/50-bp-dna-ladder-ready-to-use.html
biotechrabbit,biotechrabbit.com,50 bp DNA Ladder,bp,5,800,54,,17,http://www.biotechrabbit.com/products/electrophoresis-ladders/dna-electrophoresis/50-bp-dna-ladder-ready-to-use.html
biotechrabbit,biotechrabbit.com,50 bp DNA Ladder,bp,6,700,46,,17,http://www.biotechrabbit.com/products/electrophoresis-ladders/dna-electrophoresis/50-bp-dna-ladder-ready-to-use.html
biotechrabbit,biotechrabbit.com,50 bp DNA Ladder,bp,7,600,40,,17,http://www.biotechrabbit.com/products/electrophoresis-ladders/dna-electrophoresis/50-bp-dna-ladder-ready-to-use.html
biotechrabbit,biotechrabbit.com,50 bp DNA Ladder,bp,8,500,134,reference band,17,http://www.biotechrabbit.com/products/electrophoresis-ladders/dna-electrophoresis/50-bp-dna-ladder-ready-to-use.html
biotechrabbit,biotechrabbit.com,50 bp DNA Ladder,bp,9,450,46,,17,http://www.biotechrabbit.com/products/electrophoresis-ladders/dna-electrophoresis/50-bp-dna-ladder-ready-to-use.html
biotechrabbit,biotechrabbit.com,50 bp DNA Ladder,bp,10,400,54,,17,http://www.biotechrabbit.com/products/electrophoresis-ladders/dna-electrophoresis/50-bp-dna-ladder-ready-to-use.html
biotechrabbit,biotechrabbit.com,50 bp DNA Ladder,bp,11,350,36,,17,http://www.biotechrabbit.com/products/electrophoresis-ladders/dna-electrophoresis/50-bp-dna-ladder-ready-to-use.html
biotechrabbit,biotechrabbit.com,50 bp DNA Ladder,bp,12,300,40,,17,http://www.biotechrabbit.com/products/electrophoresis-ladders/dna-electrophoresis/50-bp-dna-ladder-ready-to-use.html
biotechrabbit,biotechrabbit.com,50 bp DNA Ladder,bp,13,250,50,,17,http://www.biotechrabbit.com/products/electrophoresis-ladders/dna-electrophoresis/50-bp-dna-ladder-ready-to-use.html
biotechrabbit,biotechrabbit.com,50 bp DNA Ladder,bp,14,200,134,,17,http://www.biotechrabbit.com/products/electrophoresis-ladders/dna-electrophoresis/50-bp-dna-ladder-ready-to-use.html
biotechrabbit,biotechrabbit.com,50 bp DNA Ladder,bp,15,150,60,,17,http://www.biotechrabbit.com/products/electrophoresis-ladders/dna-electrophoresis/50-bp-dna-ladder-ready-to-use.html
biotechrabbit,biotechrabbit.com,50 bp DNA Ladder,bp,16,100,54,,17,http://www.biotechrabbit.com/products/electrophoresis-ladders/dna-electrophoresis/50-bp-dna-ladder-ready-to-use.html
biotechrabbit,biotechrabbit.com,50 bp DNA Ladder,bp,17,50,60,,17,http://www.biotechrabbit.com/products/electrophoresis-ladders/dna-electrophoresis/50-bp-dna-ladder-ready-to-use.html
biotechrabbit,biotechrabbit.com,100 bp DNA Ladder,bp,1,3000,108,,12,http://www.biotechrabbit.com/products/electrophoresis-ladders/dna-electrophoresis/100-bp-dna-ladder-ready-to-use.html
biotechrabbit,biotechrabbit.com,100 bp DNA Ladder,bp,2,2000,147,,12,http://www.biotechrabbit.com/products/electrophoresis-ladders/dna-electrophoresis/100-bp-dna-ladder-ready-to-use.html
biotechrabbit,biotechrabbit.com,100 bp DNA Ladder,bp,3,1500,116,,12,http://www.biotechrabbit.com/products/electrophoresis-ladders/dna-electrophoresis/100-bp-dna-ladder-ready-to-use.html
biotechrabbit,biotechrabbit.com,100 bp DNA Ladder,bp,4,1000,77,,12,http://www.biotechrabbit.com/products/electrophoresis-ladders/dna-electrophoresis/100-bp-dna-ladder-ready-to-use.html
biotechrabbit,biotechrabbit.com,100 bp DNA Ladder,bp,5,800,62,,12,http://www.biotechrabbit.com/products/electrophoresis-ladders/dna-electrophoresis/100-bp-dna-ladder-ready-to-use.html
biotechrabbit,biotechrabbit.com,100 bp DNA Ladder,bp,6,700,54,,12,http://www.biotechrabbit.com/products/electrophoresis-ladders/dna-electrophoresis/100-bp-dna-ladder-ready-to-use.html
biotechrabbit,biotechrabbit.com,100 bp DNA Ladder,bp,7,600,46,,12,http://www.biotechrabbit.com/products/electrophoresis-ladders/dna-electrophoresis/100-bp-dna-ladder-ready-to-use.html
biotechrabbit,biotechrabbit.com,100 bp DNA Ladder,bp,8,500,150,reference band,12,http://www.biotechrabbit.com/products/electrophoresis-ladders/dna-electrophoresis/100-bp-dna-ladder-ready-to-use.html
biotechrabbit,biotechrabbit.com,100 bp DNA Ladder,bp,9,400,60,,12,http://www.biotechrabbit.com/products/electrophoresis-ladders/dna-electrophoresis/100-bp-dna-ladder-ready-to-use.html
biotechrabbit,biotechrabbit.com,100 bp DNA Ladder,bp,10,300,56,,12,http://www.biotechrabbit.com/products/electrophoresis-ladders/dna-electrophoresis/100-bp-dna-ladder-ready-to-use.html
biotechrabbit,biotechrabbit.com,100 bp DNA Ladder,bp,11,200,60,,12,http://www.biotechrabbit.com/products/electrophoresis-ladders/dna-electrophoresis/100-bp-dna-ladder-ready-to-use.html
biotechrabbit,biotechrabbit.com,100 bp DNA Ladder,bp,12,100,60,,12,http://www.biotechrabbit.com/products/electrophoresis-ladders/dna-electrophoresis/100-bp-dna-ladder-ready-to-use.html
biotechrabbit,biotechrabbit.com,1 kb DNA Ladder,bp,1,10000,80,,13,http://www.biotechrabbit.com/products/electrophoresis-ladders/dna-electrophoresis/1-kb-dna-ladder-ready-to-use.html
biotechrabbit,biotechrabbit.com,1 kb DNA Ladder,bp,2,8000,80,,13,http://www.biotechrabbit.com/products/electrophoresis-ladders/dna-electrophoresis/1-kb-dna-ladder-ready-to-use.html
biotechrabbit,biotechrabbit.com,1 kb DNA Ladder,bp,3,6000,80,,13,http://www.biotechrabbit.com/products/electrophoresis-ladders/dna-electrophoresis/1-kb-dna-ladder-ready-to-use.html
biotechrabbit,biotechrabbit.com,1 kb DNA Ladder,bp,4,5000,80,,13,http://www.biotechrabbit.com/products/electrophoresis-ladders/dna-electrophoresis/1-kb-dna-ladder-ready-to-use.html
biotechrabbit,biotechrabbit.com,1 kb DNA Ladder,bp,5,4000,80,,13,http://www.biotechrabbit.com/products/electrophoresis-ladders/dna-electrophoresis/1-kb-dna-ladder-ready-to-use.html
biotechrabbit,biotechrabbit.com,1 kb DNA Ladder,bp,6,3000,120,reference band,13,http://www.biotechrabbit.com/products/electrophoresis-ladders/dna-electrophoresis/1-kb-dna-ladder-ready-to-use.html
biotechrabbit,biotechrabbit.com,1 kb DNA Ladder,bp,7,2500,123,reference band,13,http://www.biotechrabbit.com/products/electrophoresis-ladders/dna-electrophoresis/1-kb-dna-ladder-ready-to-use.html
biotechrabbit,biotechrabbit.com,1 kb DNA Ladder,bp,8,2000,81,,13,http://www.biotechrabbit.com/products/electrophoresis-ladders/dna-electrophoresis/1-kb-dna-ladder-ready-to-use.html
biotechrabbit,biotechrabbit.com,1 kb DNA Ladder,bp,9,1500,73,,13,http://www.biotechrabbit.com/products/electrophoresis-ladders/dna-electrophoresis/1-kb-dna-ladder-ready-to-use.html
biotechrabbit,biotechrabbit.com,1 kb DNA Ladder,bp,10,1000,41,,13,http://www.biotechrabbit.com/products/electrophoresis-ladders/dna-electrophoresis/1-kb-dna-ladder-ready-to-use.html
biotechrabbit,biotechrabbit.com,1 kb DNA Ladder,bp,11,700,57,,13,http://www.biotechrabbit.com/products/electrophoresis-ladders/dna-electrophoresis/1-kb-dna-ladder-ready-to-use.html
biotechrabbit,biotechrabbit.com,1 kb DNA Ladder,bp,12,500,61,,13,http://www.biotechrabbit.com/products/electrophoresis-ladders/dna-electrophoresis/1-kb-dna-ladder-ready-to-use.html
biotechrabbit,biotechrabbit.com,1 kb DNA Ladder,bp,13,300,44,,13,http://www.biotechrabbit.com/products/electrophoresis-ladders/dna-electrophoresis/1-kb-dna-ladder-ready-to-use.html
Biotium,biotium.com,100 bp DNA Ladder,bp,1,1500,109,reference band,11,https://biotium.com/product/100-bp-dna-ladder-ready-to-load/
Biotium,biotium.com,100 bp DNA Ladder,bp,2,1000,75,,11,https://biotium.com/product/100-bp-dna-ladder-ready-to-load/
Biotium,biotium.com,100 bp DNA Ladder,bp,3,900,60,,11,https://biotium.com/product/100-bp-dna-ladder-ready-to-load/
Biotium,biotium.com,100 bp DNA Ladder,bp,4,800,60,,11,https://biotium.com/product/100-bp-dna-ladder-ready-to-load/
Biotium,biotium.com,100 bp DNA Ladder,bp,5,700,41,,11,https://biotium.com/product/100-bp-dna-ladder-ready-to-load/
Biotium,biotium.com,100 bp DNA Ladder,bp,6,600,45,,11,https://biotium.com/product/100-bp-dna-ladder-ready-to-load/
Biotium,biotium.com,100 bp DNA Ladder,bp,7,500,128,reference band,11,https://biotium.com/product/100-bp-dna-ladder-ready-to-load/
Biotium,biotium.com,100 bp DNA Ladder,bp,8,400,60,,11,https://biotium.com/product/100-bp-dna-ladder-ready-to-load/
Biotium,biotium.com,100 bp DNA Ladder,bp,9,300,53,,11,https://biotium.com/product/100-bp-dna-ladder-ready-to-load/
Biotium,biotium.com,100 bp DNA Ladder,bp,10,200,60,,11,https://biotium.com/product/100-bp-dna-ladder-ready-to-load/
Biotium,biotium.com,100 bp DNA Ladder,bp,11,100,60,,11,https://biotium.com/product/100-bp-dna-ladder-ready-to-load/
Biotium,biotium.com,1 kb DNA Ladder,bp,1,10000,42,,13,https://biotium.com/product/1-kb-dna-ladder-ready-to-load/
Biotium,biotium.com,1 kb DNA Ladder,bp,2,8000,42,,13,https://biotium.com/product/1-kb-dna-ladder-ready-to-load/
Biotium,biotium.com,1 kb DNA Ladder,bp,3,6000,42,,13,https://biotium.com/product/1-kb-dna-ladder-ready-to-load/
Biotium,biotium.com,1 kb DNA Ladder,bp,4,5000,42,,13,https://biotium.com/product/1-kb-dna-ladder-ready-to-load/
Biotium,biotium.com,1 kb DNA Ladder,bp,5,4000,27,,13,https://biotium.com/product/1-kb-dna-ladder-ready-to-load/
Biotium,biotium.com,1 kb DNA Ladder,bp,6,3000,138,reference band,13,https://biotium.com/product/1-kb-dna-ladder-ready-to-load/
Biotium,biotium.com,1 kb DNA Ladder,bp,7,2500,51,,13,https://biotium.com/product/1-kb-dna-ladder-ready-to-load/
Biotium,biotium.com,1 kb DNA Ladder,bp,8,2000,51,,13,https://biotium.com/product/1-kb-dna-ladder-ready-to-load/
Biotium,biotium.com,1 kb DNA Ladder,bp,9,1500,30,,13,https://biotium.com/product/1-kb-dna-ladder-ready-to-load/
Biotium,biotium.com,1 kb DNA Ladder,bp,10,1000,138,reference band,13,https://biotium.com/product/1-kb-dna-ladder-ready-to-load/
Biotium,biotium.com,1 kb DNA Ladder,bp,11,750,35,,13,https://biotium.com/product/1-kb-dna-ladder-ready-to-load/
Biotium,biotium.com,1 kb DNA Ladder,bp,12,500,45,,13,https://biotium.com/product/1-kb-dna-ladder-ready-to-load/
Biotium,biotium.com,1 kb DNA Ladder,bp,13,250,68,,13,https://biotium.com/product/1-kb-dna-ladder-ready-to-load/
Biozym,biozym.com,Quantitas DNA Marker: 25 – 500 bp,bp,1,500,60,,12,http://www.biozym.com/DesktopModules/WebShop/shopdisplayproducts.aspx?productid=8023&id=401
Biozym,biozym.com,Quantitas DNA Marker: 25 – 500 bp,bp,2,400,60,,12,http://www.biozym.com/DesktopModules/WebShop/shopdisplayproducts.aspx?productid=8023&id=401
Biozym,biozym.com,Quantitas DNA Marker: 25 – 500 bp,bp,3,300,60,,12,http://www.biozym.com/DesktopModules/WebShop/shopdisplayproducts.aspx?productid=8023&id=401
Biozym,biozym.com,Quantitas DNA Marker: 25 – 500 bp,bp,4,250,60,,12,http://www.biozym.com/DesktopModules/WebShop/shopdisplayproducts.aspx?productid=8023&id=401
Biozym,biozym.com,Quantitas DNA Marker: 25 – 500 bp,bp,5,200,120,reference band,12,http://www.biozym.com/DesktopModules/WebShop/shopdisplayproducts.aspx?productid=8023&id=401
Biozym,biozym.com,Quantitas DNA Marker: 25 – 500 bp,bp,6,175,80,,12,http://www.biozym.com/DesktopModules/WebShop/shopdisplayproducts.aspx?productid=8023&id=401
Biozym,biozym.com,Quantitas DNA Marker: 25 – 500 bp,bp,7,150,80,,12,http://www.biozym.com/DesktopModules/WebShop/shopdisplayproducts.aspx?productid=8023&id=401
Biozym,biozym.com,Quantitas DNA Marker: 25 – 500 bp,bp,8,125,80,,12,http://www.biozym.com/DesktopModules/WebShop/shopdisplayproducts.aspx?productid=8023&id=401
Biozym,biozym.com,Quantitas DNA Marker: 25 – 500 bp,bp,9,100,120,reference band,12,http://www.biozym.com/DesktopModules/WebShop/shopdisplayproducts.aspx?productid=8023&id=401
Biozym,biozym.com,Quantitas DNA Marker: 25 – 500 bp,bp,10,75,80,,12,http://www.biozym.com/DesktopModules/WebShop/shopdisplayproducts.aspx?productid=8023&id=401
Biozym,biozym.com,Quantitas DNA Marker: 25 – 500 bp,bp,11,50,80,,12,http://www.biozym.com/DesktopModules/WebShop/shopdisplayproducts.aspx?productid=8023&id=401
Biozym,biozym.com,Quantitas DNA Marker: 25 – 500 bp,bp,12,25,80,,12,http://www.biozym.com/DesktopModules/WebShop/shopdisplayproducts.aspx?productid=8023&id=401
Biozym,biozym.com,Quantitas DNA Marker: 50 bp – 2 kb,bp,1,2000,50,reference band,15,http://www.biozym.com/DesktopModules/WebShop/shopdisplayproducts.aspx?productid=8017&id=401
Biozym,biozym.com,Quantitas DNA Marker: 50 bp – 2 kb,bp,2,1800,20,,15,http://www.biozym.com/DesktopModules/WebShop/shopdisplayproducts.aspx?productid=8017&id=401
Biozym,biozym.com,Quantitas DNA Marker: 50 bp – 2 kb,bp,3,1600,20,,15,http://www.biozym.com/DesktopModules/WebShop/shopdisplayproducts.aspx?productid=8017&id=401
Biozym,biozym.com,Quantitas DNA Marker: 50 bp – 2 kb,bp,4,1400,20,,15,http://www.biozym.com/DesktopModules/WebShop/shopdisplayproducts.aspx?productid=8017&id=401
Biozym,biozym.com,Quantitas DNA Marker: 50 bp – 2 kb,bp,5,1200,20,,15,http://www.biozym.com/DesktopModules/WebShop/shopdisplayproducts.aspx?productid=8017&id=401
Biozym,biozym.com,Quantitas DNA Marker: 50 bp – 2 kb,bp,6,1000,100,reference band,15,http://www.biozym.com/DesktopModules/WebShop/shopdisplayproducts.aspx?productid=8017&id=401
Biozym,biozym.com,Quantitas DNA Marker: 50 bp – 2 kb,bp,7,800,30,,15,http://www.biozym.com/DesktopModules/WebShop/shopdisplayproducts.aspx?productid=8017&id=401
Biozym,biozym.com,Quantitas DNA Marker: 50 bp – 2 kb,bp,8,700,30,,15,http://www.biozym.com/DesktopModules/WebShop/shopdisplayproducts.aspx?productid=8017&id=401
Biozym,biozym.com,Quantitas DNA Marker: 50 bp – 2 kb,bp,9,600,30,,15,http://www.biozym.com/DesktopModules/WebShop/shopdisplayproducts.aspx?productid=8017&id=401
Biozym,biozym.com,Quantitas DNA Marker: 50 bp – 2 kb,bp,10,500,30,,15,http://www.biozym.com/DesktopModules/WebShop/shopdisplayproducts.aspx?productid=8017&id=401
Biozym,biozym.com,Quantitas DNA Marker: 50 bp – 2 kb,bp,11,400,30,,15,http://www.biozym.com/DesktopModules/WebShop/shopdisplayproducts.aspx?productid=8017&id=401
Biozym,biozym.com,Quantitas DNA Marker: 50 bp – 2 kb,bp,12,300,100,reference band,15,http://www.biozym.com/DesktopModules/WebShop/shopdisplayproducts.aspx?productid=8017&id=401
Biozym,biozym.com,Quantitas DNA Marker: 50 bp – 2 kb,bp,13,200,40,,15,http://www.biozym.com/DesktopModules/WebShop/shopdisplayproducts.aspx?productid=8017&id=401
Biozym,biozym.com,Quantitas DNA Marker: 50 bp – 2 kb,bp,14,100,40,,15,http://www.biozym.com/DesktopModules/WebShop/shopdisplayproducts.aspx?productid=8017&id=401
Biozym,biozym.com,Quantitas DNA Marker: 50 bp – 2 kb,bp,15,50,40,,15,http://www.biozym.com/DesktopModules/WebShop/shopdisplayproducts.aspx?productid=8017&id=401
Biozym,biozym.com,Quantitas DNA Marker: 100 bp – 1 kb,bp,1,1000,100,,10,http://www.biozym.com/DesktopModules/WebShop/shopdisplayproducts.aspx?productid=8021&id=401
Biozym,biozym.com,Quantitas DNA Marker: 100 bp – 1 kb,bp,2,900,90,,10,http://www.biozym.com/DesktopModules/WebShop/shopdisplayproducts.aspx?productid=8021&id=401
Biozym,biozym.com,Quantitas DNA Marker: 100 bp – 1 kb,bp,3,800,80,,10,http://www.biozym.com/DesktopModules/WebShop/shopdisplayproducts.aspx?productid=8021&id=401
Biozym,biozym.com,Quantitas DNA Marker: 100 bp – 1 kb,bp,4,700,70,,10,http://www.biozym.com/DesktopModules/WebShop/shopdisplayproducts.aspx?productid=8021&id=401
Biozym,biozym.com,Quantitas DNA Marker: 100 bp – 1 kb,bp,5,600,60,,10,http://www.biozym.com/DesktopModules/WebShop/shopdisplayproducts.aspx?productid=8021&id=401
Biozym,biozym.com,Quantitas DNA Marker: 100 bp – 1 kb,bp,6,500,50,,10,http://www.biozym.com/DesktopModules/WebShop/shopdisplayproducts.aspx?productid=8021&id=401
Biozym,biozym.com,Quantitas DNA Marker: 100 bp – 1 kb,bp,7,400,40,,10,http://www.biozym.com/DesktopModules/WebShop/shopdisplayproducts.aspx?productid=8021&id=401
Biozym,biozym.com,Quantitas DNA Marker: 100 bp – 1 kb,bp,8,300,30,,10,http://www.biozym.com/DesktopModules/WebShop/shopdisplayproducts.aspx?productid=8021&id=401
Biozym,biozym.com,Quantitas DNA Marker: 100 bp – 1 kb,bp,9,200,20,,10,http://www.biozym.com/DesktopModules/WebShop/shopdisplayproducts.aspx?productid=8021&id=401
Biozym,biozym.com,Quantitas DNA Marker: 100 bp – 1 kb,bp,10,100,40,,10,http://www.biozym.com/DesktopModules/WebShop/shopdisplayproducts.aspx?productid=8021&id=401
Biozym,biozym.com,Quantitas DNA Marker: 200 bp – 10 kb,bp,1,10000,100,,14,http://www.biozym.com/DesktopModules/WebShop/shopdisplayproducts.aspx?productid=8013&id=401
Biozym,biozym.com,Quantitas DNA Marker: 200 bp – 10 kb,bp,2,8000,80,,14,http://www.biozym.com/DesktopModules/WebShop/shopdisplayproducts.aspx?productid=8013&id=401
Biozym,biozym.com,Quantitas DNA Marker: 200 bp – 10 kb,bp,3,6000,60,,14,http://www.biozym.com/DesktopModules/WebShop/shopdisplayproducts.aspx?productid=8013&id=401
Biozym,biozym.com,Quantitas DNA Marker: 200 bp – 10 kb,bp,4,5000,50,,14,http://www.biozym.com/DesktopModules/WebShop/shopdisplayproducts.aspx?productid=8013&id=401
Biozym,biozym.com,Quantitas DNA Marker: 200 bp – 10 kb,bp,5,4000,40,,14,http://www.biozym.com/DesktopModules/WebShop/shopdisplayproducts.aspx?productid=8013&id=401
Biozym,biozym.com,Quantitas DNA Marker: 200 bp – 10 kb,bp,6,3000,30,,14,http://www.biozym.com/DesktopModules/WebShop/shopdisplayproducts.aspx?productid=8013&id=401
Biozym,biozym.com,Quantitas DNA Marker: 200 bp – 10 kb,bp,7,2500,25,,14,http://www.biozym.com/DesktopModules/WebShop/shopdisplayproducts.aspx?productid=8013&id=401
Biozym,biozym.com,Quantitas DNA Marker: 200 bp – 10 kb,bp,8,2000,20,,14,http://www.biozym.com/DesktopModules/WebShop/shopdisplayproducts.aspx?productid=8013&id=401
Biozym,biozym.com,Quantitas DNA Marker: 200 bp – 10 kb,bp,9,1500,15,,14,http://www.biozym.com/DesktopModules/WebShop/shopdisplayproducts.aspx?productid=8013&id=401
Biozym,biozym.com,Quantitas DNA Marker: 200 bp – 10 kb,bp,10,1000,100,reference band,14,http://www.biozym.com/DesktopModules/WebShop/shopdisplayproducts.aspx?productid=8013&id=401
Biozym,biozym.com,Quantitas DNA Marker: 200 bp – 10 kb,bp,11,800,80,,14,http://www.biozym.com/DesktopModules/WebShop/shopdisplayproducts.aspx?productid=8013&id=401
Biozym,biozym.com,Quantitas DNA Marker: 200 bp – 10 kb,bp,12,600,60,,14,http://www.biozym.com/DesktopModules/WebShop/shopdisplayproducts.aspx?productid=8013&id=401
Biozym,biozym.com,Quantitas DNA Marker: 200 bp – 10 kb,bp,13,400,40,,14,http://www.biozym.com/DesktopModules/WebShop/shopdisplayproducts.aspx?productid=8013&id=401
Biozym,biozym.com,Quantitas DNA Marker: 200 bp – 10 kb,bp,14,200,20,,14,http://www.biozym.com/DesktopModules/WebShop/shopdisplayproducts.aspx?productid=8013&id=401
Biozym,biozym.com,Quantitas Fast DNA Marker: 100 bp – 2 kb,bp,1,2000,50,,5,http://www.biozym.com/DesktopModules/WebShop/shopdisplayproducts.aspx?productid=8027&id=401
Biozym,biozym.com,Quantitas Fast DNA Marker: 100 bp – 2 kb,bp,2,1000,50,,5,http://www.biozym.com/DesktopModules/WebShop/shopdisplayproducts.aspx?productid=8027&id=401
Biozym,biozym.com,Quantitas Fast DNA Marker: 100 bp – 2 kb,bp,3,500,50,,5,http://www.biozym.com/DesktopModules/WebShop/shopdisplayproducts.aspx?productid=8027&id=401
Biozym,biozym.com,Quantitas Fast DNA Marker: 100 bp – 2 kb,bp,4,250,50,,5,http://www.biozym.com/DesktopModules/WebShop/shopdisplayproducts.aspx?productid=8027&id=401
Biozym,biozym.com,Quantitas Fast DNA Marker: 100 bp – 2 kb,bp,5,100,50,,5,http://www.biozym.com/DesktopModules/WebShop/shopdisplayproducts.aspx?productid=8027&id=401
Canvax Biotech,psparkcloning.com,50-1000 bp DNA Ladder,bp,1,1000,120,,15,http://www.psparkcloning.com/web/product/buscarproductocategorias/idcategoria/20#
Canvax Biotech,psparkcloning.com,50-1000 bp DNA Ladder,bp,2,900,108,,15,http://www.psparkcloning.com/web/product/buscarproductocategorias/idcategoria/20#
Canvax Biotech,psparkcloning.com,50-1000 bp DNA Ladder,bp,3,800,96,,15,http://www.psparkcloning.com/web/product/buscarproductocategorias/idcategoria/20#
Canvax Biotech,psparkcloning.com,50-1000 bp DNA Ladder,bp,4,700,84,,15,http://www.psparkcloning.com/web/product/buscarproductocategorias/idcategoria/20#
Canvax Biotech,psparkcloning.com,50-1000 bp DNA Ladder,bp,5,600,72,,15,http://www.psparkcloning.com/web/product/buscarproductocategorias/idcategoria/20#
Canvax Biotech,psparkcloning.com,50-1000 bp DNA Ladder,bp,6,500,120,reference band,15,http://www.psparkcloning.com/web/product/buscarproductocategorias/idcategoria/20#
Canvax Biotech,psparkcloning.com,50-1000 bp DNA Ladder,bp,7,450,54,,15,http://www.psparkcloning.com/web/product/buscarproductocategorias/idcategoria/20#
Canvax Biotech,psparkcloning.com,50-1000 bp DNA Ladder,bp,8,400,48,,15,http://www.psparkcloning.com/web/product/buscarproductocategorias/idcategoria/20#
Canvax Biotech,psparkcloning.com,50-1000 bp DNA Ladder,bp,9,350,42,,15,http://www.psparkcloning.com/web/product/buscarproductocategorias/idcategoria/20#
Canvax Biotech,psparkcloning.com,50-1000 bp DNA Ladder,bp,10,300,36,,15,http://www.psparkcloning.com/web/product/buscarproductocategorias/idcategoria/20#
Canvax Biotech,psparkcloning.com,50-1000 bp DNA Ladder,bp,11,250,72,reference band,15,http://www.psparkcloning.com/web/product/buscarproductocategorias/idcategoria/20#
Canvax Biotech,psparkcloning.com,50-1000 bp DNA Ladder,bp,12,200,36,,15,http://www.psparkcloning.com/web/product/buscarproductocategorias/idcategoria/20#
Canvax Biotech,psparkcloning.com,50-1000 bp DNA Ladder,bp,13,150,30,,15,http://www.psparkcloning.com/web/product/buscarproductocategorias/idcategoria/20#
Canvax Biotech,psparkcloning.com,50-1000 bp DNA Ladder,bp,14,100,24,,15,http://www.psparkcloning.com/web/product/buscarproductocategorias/idcategoria/20#
Canvax Biotech,psparkcloning.com,50-1000 bp DNA Ladder,bp,15,50,24,,15,http://www.psparkcloning.com/web/product/buscarproductocategorias/idcategoria/20#
Canvax Biotech,psparkcloning.com,100-1000 bp DNA Ladder,bp,1,1000,120,,10,http://www.psparkcloning.com/web/product/buscarproductocategorias/idcategoria/20#
Canvax Biotech,psparkcloning.com,100-1000 bp DNA Ladder,bp,2,900,108,,10,http://www.psparkcloning.com/web/product/buscarproductocategorias/idcategoria/20#
Canvax Biotech,psparkcloning.com,100-1000 bp DNA Ladder,bp,3,800,96,,10,http://www.psparkcloning.com/web/product/buscarproductocategorias/idcategoria/20#
Canvax Biotech,psparkcloning.com,100-1000 bp DNA Ladder,bp,4,700,84,,10,http://www.psparkcloning.com/web/product/buscarproductocategorias/idcategoria/20#
Canvax Biotech,psparkcloning.com,100-1000 bp DNA Ladder,bp,5,600,72,,10,http://www.psparkcloning.com/web/product/buscarproductocategorias/idcategoria/20#
Canvax Biotech,psparkcloning.com,100-1000 bp DNA Ladder,bp,6,500,120,reference band,10,http://www.psparkcloning.com/web/product/buscarproductocategorias/idcategoria/20#
Canvax Biotech,psparkcloning.com,100-1000 bp DNA Ladder,bp,7,400,48,,10,http://www.psparkcloning.com/web/product/buscarproductocategorias/idcategoria/20#
Canvax Biotech,psparkcloning.com,100-1000 bp DNA Ladder,bp,8,300,36,,10,http://www.psparkcloning.com/web/product/buscarproductocategorias/idcategoria/20#
Canvax Biotech,psparkcloning.com,100-1000 bp DNA Ladder,bp,9,200,36,,10,http://www.psparkcloning.com/web/product/buscarproductocategorias/idcategoria/20#
Canvax Biotech,psparkcloning.com,100-1000 bp DNA Ladder,bp,10,100,24,,10,http://www.psparkcloning.com/web/product/buscarproductocategorias/idcategoria/20#
Canvax Biotech,psparkcloning.com,100-1500 bp DNA Ladder,bp,1,1500,120,,11,http://www.psparkcloning.com/web/product/buscarproductocategorias/idcategoria/20#
Canvax Biotech,psparkcloning.com,100-1500 bp DNA Ladder,bp,2,1000,120,,11,http://www.psparkcloning.com/web/product/buscarproductocategorias/idcategoria/20#
Canvax Biotech,psparkcloning.com,100-1500 bp DNA Ladder,bp,3,900,108,,11,http://www.psparkcloning.com/web/product/buscarproductocategorias/idcategoria/20#
Canvax Biotech,psparkcloning.com,100-1500 bp DNA Ladder,bp,4,800,96,,11,http://www.psparkcloning.com/web/product/buscarproductocategorias/idcategoria/20#
Canvax Biotech,psparkcloning.com,100-1500 bp DNA Ladder,bp,5,700,84,,11,http://www.psparkcloning.com/web/product/buscarproductocategorias/idcategoria/20#
Canvax Biotech,psparkcloning.com,100-1500 bp DNA Ladder,bp,6,600,72,,11,http://www.psparkcloning.com/web/product/buscarproductocategorias/idcategoria/20#
Canvax Biotech,psparkcloning.com,100-1500 bp DNA Ladder,bp,7,500,120,reference band,11,http://www.psparkcloning.com/web/product/buscarproductocategorias/idcategoria/20#
Canvax Biotech,psparkcloning.com,100-1500 bp DNA Ladder,bp,8,400,48,,11,http://www.psparkcloning.com/web/product/buscarproductocategorias/idcategoria/20#
Canvax Biotech,psparkcloning.com,100-1500 bp DNA Ladder,bp,9,300,36,,11,http://www.psparkcloning.com/web/product/buscarproductocategorias/idcategoria/20#
Canvax Biotech,psparkcloning.com,100-1500 bp DNA Ladder,bp,10,200,36,,11,http://www.psparkcloning.com/web/product/buscarproductocategorias/idcategoria/20#
Canvax Biotech,psparkcloning.com,100-1500 bp DNA Ladder,bp,11,100,24,,11,http://www.psparkcloning.com/web/product/buscarproductocategorias/idcategoria/20#
Canvax Biotech,psparkcloning.com,100-2000 bp DNA Ladder,bp,1,2000,112,,13,http://www.psparkcloning.com/web/product/buscarproductocategorias/idcategoria/20#
Canvax Biotech,psparkcloning.com,100-2000 bp DNA Ladder,bp,2,1500,84,,13,http://www.psparkcloning.com/web/product/buscarproductocategorias/idcategoria/20#
Canvax Biotech,psparkcloning.com,100-2000 bp DNA Ladder,bp,3,1250,70,,13,http://www.psparkcloning.com/web/product/buscarproductocategorias/idcategoria/20#
Canvax Biotech,psparkcloning.com,100-2000 bp DNA Ladder,bp,4,1000,120,,13,http://www.psparkcloning.com/web/product/buscarproductocategorias/idcategoria/20#
Canvax Biotech,psparkcloning.com,100-2000 bp DNA Ladder,bp,5,900,108,,13,http://www.psparkcloning.com/web/product/buscarproductocategorias/idcategoria/20#
Canvax Biotech,psparkcloning.com,100-2000 bp DNA Ladder,bp,6,800,96,,13,http://www.psparkcloning.com/web/product/buscarproductocategorias/idcategoria/20#
Canvax Biotech,psparkcloning.com,100-2000 bp DNA Ladder,bp,7,700,84,,13,http://www.psparkcloning.com/web/product/buscarproductocategorias/idcategoria/20#
Canvax Biotech,psparkcloning.com,100-2000 bp DNA Ladder,bp,8,600,72,,13,http://www.psparkcloning.com/web/product/buscarproductocategorias/idcategoria/20#
Canvax Biotech,psparkcloning.com,100-2000 bp DNA Ladder,bp,9,500,120,reference band,13,http://www.psparkcloning.com/web/product/buscarproductocategorias/idcategoria/20#
Canvax Biotech,psparkcloning.com,100-2000 bp DNA Ladder,bp,10,400,48,,13,http://www.psparkcloning.com/web/product/buscarproductocategorias/idcategoria/20#
Canvax Biotech,psparkcloning.com,100-2000 bp DNA Ladder,bp,11,300,36,,13,http://www.psparkcloning.com/web/product/buscarproductocategorias/idcategoria/20#
Canvax Biotech,psparkcloning.com,100-2000 bp DNA Ladder,bp,12,200,36,,13,http://www.psparkcloning.com/web/product/buscarproductocategorias/idcategoria/20#
Canvax Biotech,psparkcloning.com,100-2000 bp DNA Ladder,bp,13,100,24,,13,http://www.psparkcloning.com/web/product/buscarproductocategorias/idcategoria/20#
Canvax Biotech,psparkcloning.com,300-10 kb DNA Ladder,bp,1,10000,75,,13,http://www.psparkcloning.com/web/product/buscarproductocategorias/idcategoria/20#
Canvax Biotech,psparkcloning.com,300-10 kb DNA Ladder,bp,2,8000,75,,13,http://www.psparkcloning.com/web/product/buscarproductocategorias/idcategoria/20#
Canvax Biotech,psparkcloning.com,300-10 kb DNA Ladder,bp,3,6000,75,,13,http://www.psparkcloning.com/web/product/buscarproductocategorias/idcategoria/20#
Canvax Biotech,psparkcloning.com,300-10 kb DNA Ladder,bp,4,5000,75,,13,http://www.psparkcloning.com/web/product/buscarproductocategorias/idcategoria/20#
Canvax Biotech,psparkcloning.com,300-10 kb DNA Ladder,bp,5,4000,75,,13,http://www.psparkcloning.com/web/product/buscarproductocategorias/idcategoria/20#
Canvax Biotech,psparkcloning.com,300-10 kb DNA Ladder,bp,6,3000,75,,13,http://www.psparkcloning.com/web/product/buscarproductocategorias/idcategoria/20#
Canvax Biotech,psparkcloning.com,300-10 kb DNA Ladder,bp,7,2500,75,,13,http://www.psparkcloning.com/web/product/buscarproductocategorias/idcategoria/20#
Canvax Biotech,psparkcloning.com,300-10 kb DNA Ladder,bp,8,2000,75,,13,http://www.psparkcloning.com/web/product/buscarproductocategorias/idcategoria/20#
Canvax Biotech,psparkcloning.com,300-10 kb DNA Ladder,bp,9,1500,75,,13,http://www.psparkcloning.com/web/product/buscarproductocategorias/idcategoria/20#
Canvax Biotech,psparkcloning.com,300-10 kb DNA Ladder,bp,10,1000,75,,13,http://www.psparkcloning.com/web/product/buscarproductocategorias/idcategoria/20#
Canvax Biotech,psparkcloning.com,300-10 kb DNA Ladder,bp,11,700,75,,13,http://www.psparkcloning.com/web/product/buscarproductocategorias/idcategoria/20#
Canvax Biotech,psparkcloning.com,300-10 kb DNA Ladder,bp,12,500,75,,13,http://www.psparkcloning.com/web/product/buscarproductocategorias/idcategoria/20#
Canvax Biotech,psparkcloning.com,300-10 kb DNA Ladder,bp,13,300,75,,13,http://www.psparkcloning.com/web/product/buscarproductocategorias/idcategoria/20#
Carl Roth,carlroth.com,20 bp DNA-Ladder,bp,1,200,50,,10,https://www.carlroth.com/en/en/Chemicals/A-Z-Chemicals/D/DNA-Marker%2C-not-prestained/20-bp-DNA-Ladder/p/000000090003bc6900030023_en
Carl Roth,carlroth.com,20 bp DNA-Ladder,bp,2,180,50,,10,https://www.carlroth.com/en/en/Chemicals/A-Z-Chemicals/D/DNA-Marker%2C-not-prestained/20-bp-DNA-Ladder/p/000000090003bc6900030023_en
Carl Roth,carlroth.com,20 bp DNA-Ladder,bp,3,160,50,,10,https://www.carlroth.com/en/en/Chemicals/A-Z-Chemicals/D/DNA-Marker%2C-not-prestained/20-bp-DNA-Ladder/p/000000090003bc6900030023_en
Carl Roth,carlroth.com,20 bp DNA-Ladder,bp,4,140,50,,10,https://www.carlroth.com/en/en/Chemicals/A-Z-Chemicals/D/DNA-Marker%2C-not-prestained/20-bp-DNA-Ladder/p/000000090003bc6900030023_en
Carl Roth,carlroth.com,20 bp DNA-Ladder,bp,5,120,50,,10,https://www.carlroth.com/en/en/Chemicals/A-Z-Chemicals/D/DNA-Marker%2C-not-prestained/20-bp-DNA-Ladder/p/000000090003bc6900030023_en
Carl Roth,carlroth.com,20 bp DNA-Ladder,bp,6,100,120,reference band,10,https://www.carlroth.com/en/en/Chemicals/A-Z-Chemicals/D/DNA-Marker%2C-not-prestained/20-bp-DNA-Ladder/p/000000090003bc6900030023_en
Carl Roth,carlroth.com,20 bp DNA-Ladder,bp,7,80,50,,10,https://www.carlroth.com/en/en/Chemicals/A-Z-Chemicals/D/DNA-Marker%2C-not-prestained/20-bp-DNA-Ladder/p/000000090003bc6900030023_en
Carl Roth,carlroth.com,20 bp DNA-Ladder,bp,8,60,50,,10,https://www.carlroth.com/en/en/Chemicals/A-Z-Chemicals/D/DNA-Marker%2C-not-prestained/20-bp-DNA-Ladder/p/000000090003bc6900030023_en
Carl Roth,carlroth.com,20 bp DNA-Ladder,bp,9,40,50,,10,https://www.carlroth.com/en/en/Chemicals/A-Z-Chemicals/D/DNA-Marker%2C-not-prestained/20-bp-DNA-Ladder/p/000000090003bc6900030023_en
Carl Roth,carlroth.com,20 bp DNA-Ladder,bp,10,20,50,,10,https://www.carlroth.com/en/en/Chemicals/A-Z-Chemicals/D/DNA-Marker%2C-not-prestained/20-bp-DNA-Ladder/p/000000090003bc6900030023_en
Carl Roth,carlroth.com,50 bp DNA-Ladder,bp,1,500,50,,10,https://www.carlroth.com/en/en/Chemicals/A-Z-Chemicals/D/DNA-Marker%2C-not-prestained/50-bp-DNA-Ladder/p/0000000a00039f9500020023_en
Carl Roth,carlroth.com,50 bp DNA-Ladder,bp,2,450,50,,10,https://www.carlroth.com/en/en/Chemicals/A-Z-Chemicals/D/DNA-Marker%2C-not-prestained/50-bp-DNA-Ladder/p/0000000a00039f9500020023_en
Carl Roth,carlroth.com,50 bp DNA-Ladder,bp,3,400,50,,10,https://www.carlroth.com/en/en/Chemicals/A-Z-Chemicals/D/DNA-Marker%2C-not-prestained/50-bp-DNA-Ladder/p/0000000a00039f9500020023_en
Carl Roth,carlroth.com,50 bp DNA-Ladder,bp,4,350,50,,10,https://www.carlroth.com/en/en/Chemicals/A-Z-Chemicals/D/DNA-Marker%2C-not-prestained/50-bp-DNA-Ladder/p/0000000a00039f9500020023_en
Carl Roth,carlroth.com,50 bp DNA-Ladder,bp,5,300,50,,10,https://www.carlroth.com/en/en/Chemicals/A-Z-Chemicals/D/DNA-Marker%2C-not-prestained/50-bp-DNA-Ladder/p/0000000a00039f9500020023_en
Carl Roth,carlroth.com,50 bp DNA-Ladder,bp,6,250,120,reference band,10,https://www.carlroth.com/en/en/Chemicals/A-Z-Chemicals/D/DNA-Marker%2C-not-prestained/50-bp-DNA-Ladder/p/0000000a00039f9500020023_en
Carl Roth,carlroth.com,50 bp DNA-Ladder,bp,7,200,50,,10,https://www.carlroth.com/en/en/Chemicals/A-Z-Chemicals/D/DNA-Marker%2C-not-prestained/50-bp-DNA-Ladder/p/0000000a00039f9500020023_en
Carl Roth,carlroth.com,50 bp DNA-Ladder,bp,8,150,50,,10,https://www.carlroth.com/en/en/Chemicals/A-Z-Chemicals/D/DNA-Marker%2C-not-prestained/50-bp-DNA-Ladder/p/0000000a00039f9500020023_en
Carl Roth,carlroth.com,50 bp DNA-Ladder,bp,9,100,50,,10,https://www.carlroth.com/en/en/Chemicals/A-Z-Chemicals/D/DNA-Marker%2C-not-prestained/50-bp-DNA-Ladder/p/0000000a00039f9500020023_en
Carl Roth,carlroth.com,50 bp DNA-Ladder,bp,10,50,50,,10,https://www.carlroth.com/en/en/Chemicals/A-Z-Chemicals/D/DNA-Marker%2C-not-prestained/50-bp-DNA-Ladder/p/0000000a00039f9500020023_en
Carl Roth,carlroth.com,100 bp DNA-Ladder equalized,bp,1,1000,60,,11,https://www.carlroth.com/en/en/Chemicals/A-Z-Chemicals/D/DNA-Marker%2C-not-prestained/100-bp-DNA-Ladder-%3Cspan%3Eequalized%3C-span%3E/p/000000050002ee2200010023_en
Carl Roth,carlroth.com,100 bp DNA-Ladder equalized,bp,2,900,60,,11,https://www.carlroth.com/en/en/Chemicals/A-Z-Chemicals/D/DNA-Marker%2C-not-prestained/100-bp-DNA-Ladder-%3Cspan%3Eequalized%3C-span%3E/p/000000050002ee2200010023_en
Carl Roth,carlroth.com,100 bp DNA-Ladder equalized,bp,3,800,60,,11,https://www.carlroth.com/en/en/Chemicals/A-Z-Chemicals/D/DNA-Marker%2C-not-prestained/100-bp-DNA-Ladder-%3Cspan%3Eequalized%3C-span%3E/p/000000050002ee2200010023_en
Carl Roth,carlroth.com,100 bp DNA-Ladder equalized,bp,4,700,60,,11,https://www.carlroth.com/en/en/Chemicals/A-Z-Chemicals/D/DNA-Marker%2C-not-prestained/100-bp-DNA-Ladder-%3Cspan%3Eequalized%3C-span%3E/p/000000050002ee2200010023_en
Carl Roth,carlroth.com,100 bp DNA-Ladder equalized,bp,5,600,60,,11,https://www.carlroth.com/en/en/Chemicals/A-Z-Chemicals/D/DNA-Marker%2C-not-prestained/100-bp-DNA-Ladder-%3Cspan%3Eequalized%3C-span%3E/p/000000050002ee2200010023_en
Carl Roth,carlroth.com,100 bp DNA-Ladder equalized,bp,6,500,120,reference band,11,https://www.carlroth.com/en/en/Chemicals/A-Z-Chemicals/D/DNA-Marker%2C-not-prestained/100-bp-DNA-Ladder-%3Cspan%3Eequalized%3C-span%3E/p/000000050002ee2200010023_en
Carl Roth,carlroth.com,100 bp DNA-Ladder equalized,bp,7,400,60,,11,https://www.carlroth.com/en/en/Chemicals/A-Z-Chemicals/D/DNA-Marker%2C-not-prestained/100-bp-DNA-Ladder-%3Cspan%3Eequalized%3C-span%3E/p/000000050002ee2200010023_en
Carl Roth,carlroth.com,100 bp DNA-Ladder equalized,bp,8,300,60,,11,https://www.carlroth.com/en/en/Chemicals/A-Z-Chemicals/D/DNA-Marker%2C-not-prestained/100-bp-DNA-Ladder-%3Cspan%3Eequalized%3C-span%3E/p/000000050002ee2200010023_en
Carl Roth,carlroth.com,100 bp DNA-Ladder equalized,bp,9,200,60,,11,https://www.carlroth.com/en/en/Chemicals/A-Z-Chemicals/D/DNA-Marker%2C-not-prestained/100-bp-DNA-Ladder-%3Cspan%3Eequalized%3C-span%3E/p/000000050002ee2200010023_en
Carl Roth,carlroth.com,100 bp DNA-Ladder equalized,bp,10,150,60,,11,https://www.carlroth.com/en/en/Chemicals/A-Z-Chemicals/D/DNA-Marker%2C-not-prestained/100-bp-DNA-Ladder-%3Cspan%3Eequalized%3C-span%3E/p/000000050002ee2200010023_en
Carl Roth,carlroth.com,100 bp DNA-Ladder equalized,bp,11,100,60,,11,https://www.carlroth.com/en/en/Chemicals/A-Z-Chemicals/D/DNA-Marker%2C-not-prestained/100-bp-DNA-Ladder-%3Cspan%3Eequalized%3C-span%3E/p/000000050002ee2200010023_en
Carl Roth,carlroth.com,100 bp DNA-Ladder equimolar,bp,1,1000,100,,10,https://www.carlroth.com/en/en/Chemicals/A-Z-Chemicals/D/DNA-Marker%2C-not-prestained/100-bp-DNA-Ladder-%3Cspan%3Eequimolar%3C-span%3E/p/000000050002edc700010023_en
Carl Roth,carlroth.com,100 bp DNA-Ladder equimolar,bp,2,900,90,,10,https://www.carlroth.com/en/en/Chemicals/A-Z-Chemicals/D/DNA-Marker%2C-not-prestained/100-bp-DNA-Ladder-%3Cspan%3Eequimolar%3C-span%3E/p/000000050002edc700010023_en
Carl Roth,carlroth.com,100 bp DNA-Ladder equimolar,bp,3,800,80,,10,https://www.carlroth.com/en/en/Chemicals/A-Z-Chemicals/D/DNA-Marker%2C-not-prestained/100-bp-DNA-Ladder-%3Cspan%3Eequimolar%3C-span%3E/p/000000050002edc700010023_en
Carl Roth,carlroth.com,100 bp DNA-Ladder equimolar,bp,4,700,70,,10,https://www.carlroth.com/en/en/Chemicals/A-Z-Chemicals/D/DNA-Marker%2C-not-prestained/100-bp-DNA-Ladder-%3Cspan%3Eequimolar%3C-span%3E/p/000000050002edc700010023_en
Carl Roth,carlroth.com,100 bp DNA-Ladder equimolar,bp,5,600,60,,10,https://www.carlroth.com/en/en/Chemicals/A-Z-Chemicals/D/DNA-Marker%2C-not-prestained/100-bp-DNA-Ladder-%3Cspan%3Eequimolar%3C-span%3E/p/000000050002edc700010023_en
Carl Roth,carlroth.com,100 bp DNA-Ladder equimolar,bp,6,500,50,,10,https://www.carlroth.com/en/en/Chemicals/A-Z-Chemicals/D/DNA-Marker%2C-not-prestained/100-bp-DNA-Ladder-%3Cspan%3Eequimolar%3C-span%3E/p/000000050002edc700010023_en
Carl Roth,carlroth.com,100 bp DNA-Ladder equimolar,bp,7,400,40,,10,https://www.carlroth.com/en/en/Chemicals/A-Z-Chemicals/D/DNA-Marker%2C-not-prestained/100-bp-DNA-Ladder-%3Cspan%3Eequimolar%3C-span%3E/p/000000050002edc700010023_en
Carl Roth,carlroth.com,100 bp DNA-Ladder equimolar,bp,8,300,30,,10,https://www.carlroth.com/en/en/Chemicals/A-Z-Chemicals/D/DNA-Marker%2C-not-prestained/100-bp-DNA-Ladder-%3Cspan%3Eequimolar%3C-span%3E/p/000000050002edc700010023_en
Carl Roth,carlroth.com,100 bp DNA-Ladder equimolar,bp,9,200,20,,10,https://www.carlroth.com/en/en/Chemicals/A-Z-Chemicals/D/DNA-Marker%2C-not-prestained/100-bp-DNA-Ladder-%3Cspan%3Eequimolar%3C-span%3E/p/000000050002edc700010023_en
Carl Roth,carlroth.com,100 bp DNA-Ladder equimolar,bp,10,100,10,,10,https://www.carlroth.com/en/en/Chemicals/A-Z-Chemicals/D/DNA-Marker%2C-not-prestained/100-bp-DNA-Ladder-%3Cspan%3Eequimolar%3C-span%3E/p/000000050002edc700010023_en
Carl Roth,carlroth.com,100 bp DNA-Ladder extended,bp,1,5000,40,,17,https://www.carlroth.com/en/en/Chemicals/A-Z-Chemicals/D/DNA-Marker%2C-not-prestained/100-bp-DNA-Ladder-%3Cspan%3Eextended%3C-span%3E/p/000000050002ee7100010023_en
Carl Roth,carlroth.com,100 bp DNA-Ladder extended,bp,2,4000,40,,17,https://www.carlroth.com/en/en/Chemicals/A-Z-Chemicals/D/DNA-Marker%2C-not-prestained/100-bp-DNA-Ladder-%3Cspan%3Eextended%3C-span%3E/p/000000050002ee7100010023_en
Carl Roth,carlroth.com,100 bp DNA-Ladder extended,bp,3,3000,40,,17,https://www.carlroth.com/en/en/Chemicals/A-Z-Chemicals/D/DNA-Marker%2C-not-prestained/100-bp-DNA-Ladder-%3Cspan%3Eextended%3C-span%3E/p/000000050002ee7100010023_en
Carl Roth,carlroth.com,100 bp DNA-Ladder extended,bp,4,2500,40,,17,https://www.carlroth.com/en/en/Chemicals/A-Z-Chemicals/D/DNA-Marker%2C-not-prestained/100-bp-DNA-Ladder-%3Cspan%3Eextended%3C-span%3E/p/000000050002ee7100010023_en
Carl Roth,carlroth.com,100 bp DNA-Ladder extended,bp,5,2000,40,,17,https://www.carlroth.com/en/en/Chemicals/A-Z-Chemicals/D/DNA-Marker%2C-not-prestained/100-bp-DNA-Ladder-%3Cspan%3Eextended%3C-span%3E/p/000000050002ee7100010023_en
Carl Roth,carlroth.com,100 bp DNA-Ladder extended,bp,6,1500,40,,17,https://www.carlroth.com/en/en/Chemicals/A-Z-Chemicals/D/DNA-Marker%2C-not-prestained/100-bp-DNA-Ladder-%3Cspan%3Eextended%3C-span%3E/p/000000050002ee7100010023_en
Carl Roth,carlroth.com,100 bp DNA-Ladder extended,bp,7,1000,60,,17,https://www.carlroth.com/en/en/Chemicals/A-Z-Chemicals/D/DNA-Marker%2C-not-prestained/100-bp-DNA-Ladder-%3Cspan%3Eextended%3C-span%3E/p/000000050002ee7100010023_en
Carl Roth,carlroth.com,100 bp DNA-Ladder extended,bp,8,900,60,,17,https://www.carlroth.com/en/en/Chemicals/A-Z-Chemicals/D/DNA-Marker%2C-not-prestained/100-bp-DNA-Ladder-%3Cspan%3Eextended%3C-span%3E/p/000000050002ee7100010023_en
Carl Roth,carlroth.com,100 bp DNA-Ladder extended,bp,9,800,60,,17,https://www.carlroth.com/en/en/Chemicals/A-Z-Chemicals/D/DNA-Marker%2C-not-prestained/100-bp-DNA-Ladder-%3Cspan%3Eextended%3C-span%3E/p/000000050002ee7100010023_en
Carl Roth,carlroth.com,100 bp DNA-Ladder extended,bp,10,700,60,,17,https://www.carlroth.com/en/en/Chemicals/A-Z-Chemicals/D/DNA-Marker%2C-not-prestained/100-bp-DNA-Ladder-%3Cspan%3Eextended%3C-span%3E/p/000000050002ee7100010023_en
Carl Roth,carlroth.com,100 bp DNA-Ladder extended,bp,11,600,60,,17,https://www.carlroth.com/en/en/Chemicals/A-Z-Chemicals/D/DNA-Marker%2C-not-prestained/100-bp-DNA-Ladder-%3Cspan%3Eextended%3C-span%3E/p/000000050002ee7100010023_en
Carl Roth,carlroth.com,100 bp DNA-Ladder extended,bp,12,500,60,,17,https://www.carlroth.com/en/en/Chemicals/A-Z-Chemicals/D/DNA-Marker%2C-not-prestained/100-bp-DNA-Ladder-%3Cspan%3Eextended%3C-span%3E/p/000000050002ee7100010023_en
Carl Roth,carlroth.com,100 bp DNA-Ladder extended,bp,13,400,60,,17,https://www.carlroth.com/en/en/Chemicals/A-Z-Chemicals/D/DNA-Marker%2C-not-prestained/100-bp-DNA-Ladder-%3Cspan%3Eextended%3C-span%3E/p/000000050002ee7100010023_en
Carl Roth,carlroth.com,100 bp DNA-Ladder extended,bp,14,300,60,,17,https://www.carlroth.com/en/en/Chemicals/A-Z-Chemicals/D/DNA-Marker%2C-not-prestained/100-bp-DNA-Ladder-%3Cspan%3Eextended%3C-span%3E/p/000000050002ee7100010023_en
Carl Roth,carlroth.com,100 bp DNA-Ladder extended,bp,15,200,60,,17,https://www.carlroth.com/en/en/Chemicals/A-Z-Chemicals/D/DNA-Marker%2C-not-prestained/100-bp-DNA-Ladder-%3Cspan%3Eextended%3C-span%3E/p/000000050002ee7100010023_en
Carl Roth,carlroth.com,100 bp DNA-Ladder extended,bp,16,150,60,,17,https://www.carlroth.com/en/en/Chemicals/A-Z-Chemicals/D/DNA-Marker%2C-not-prestained/100-bp-DNA-Ladder-%3Cspan%3Eextended%3C-span%3E/p/000000050002ee7100010023_en
Carl Roth,carlroth.com,100 bp DNA-Ladder extended,bp,17,100,60,,17,https://www.carlroth.com/en/en/Chemicals/A-Z-Chemicals/D/DNA-Marker%2C-not-prestained/100-bp-DNA-Ladder-%3Cspan%3Eextended%3C-span%3E/p/000000050002ee7100010023_en
Carl Roth,carlroth.com,200 bp DNA-Ladder,bp,1,2000,50,,10,https://www.carlroth.com/en/en/Chemicals/A-Z-Chemicals/D/DNA-Marker%2C-not-prestained/200-bp-DNA-Ladder/p/000000110001a38600010023_en
Carl Roth,carlroth.com,200 bp DNA-Ladder,bp,2,1800,50,,10,https://www.carlroth.com/en/en/Chemicals/A-Z-Chemicals/D/DNA-Marker%2C-not-prestained/200-bp-DNA-Ladder/p/000000110001a38600010023_en
Carl Roth,carlroth.com,200 bp DNA-Ladder,bp,3,1600,50,,10,https://www.carlroth.com/en/en/Chemicals/A-Z-Chemicals/D/DNA-Marker%2C-not-prestained/200-bp-DNA-Ladder/p/000000110001a38600010023_en
Carl Roth,carlroth.com,200 bp DNA-Ladder,bp,4,1400,50,,10,https://www.carlroth.com/en/en/Chemicals/A-Z-Chemicals/D/DNA-Marker%2C-not-prestained/200-bp-DNA-Ladder/p/000000110001a38600010023_en
Carl Roth,carlroth.com,200 bp DNA-Ladder,bp,5,1200,50,,10,https://www.carlroth.com/en/en/Chemicals/A-Z-Chemicals/D/DNA-Marker%2C-not-prestained/200-bp-DNA-Ladder/p/000000110001a38600010023_en
Carl Roth,carlroth.com,200 bp DNA-Ladder,bp,6,1000,120,reference band,10,https://www.carlroth.com/en/en/Chemicals/A-Z-Chemicals/D/DNA-Marker%2C-not-prestained/200-bp-DNA-Ladder/p/000000110001a38600010023_en
Carl Roth,carlroth.com,200 bp DNA-Ladder,bp,7,800,50,,10,https://www.carlroth.com/en/en/Chemicals/A-Z-Chemicals/D/DNA-Marker%2C-not-prestained/200-bp-DNA-Ladder/p/000000110001a38600010023_en
Carl Roth,carlroth.com,200 bp DNA-Ladder,bp,8,600,50,,10,https://www.carlroth.com/en/en/Chemicals/A-Z-Chemicals/D/DNA-Marker%2C-not-prestained/200-bp-DNA-Ladder/p/000000110001a38600010023_en
Carl Roth,carlroth.com,200 bp DNA-Ladder,bp,9,400,50,,10,https://www.carlroth.com/en/en/Chemicals/A-Z-Chemicals/D/DNA-Marker%2C-not-prestained/200-bp-DNA-Ladder/p/000000110001a38600010023_en
Carl Roth,carlroth.com,200 bp DNA-Ladder,bp,10,200,50,,10,https://www.carlroth.com/en/en/Chemicals/A-Z-Chemicals/D/DNA-Marker%2C-not-prestained/200-bp-DNA-Ladder/p/000000110001a38600010023_en
Carl Roth,carlroth.com,250 bp DNA-Ladder,bp,1,8000,50,,16,https://www.carlroth.com/en/en/Chemicals/A-Z-Chemicals/D/DNA-Marker%2C-not-prestained/250-bp-DNA-Ladder/p/000000050002eead00010023_en
Carl Roth,carlroth.com,250 bp DNA-Ladder,bp,2,6000,50,,16,https://www.carlroth.com/en/en/Chemicals/A-Z-Chemicals/D/DNA-Marker%2C-not-prestained/250-bp-DNA-Ladder/p/000000050002eead00010023_en
Carl Roth,carlroth.com,250 bp DNA-Ladder,bp,3,5000,50,,16,https://www.carlroth.com/en/en/Chemicals/A-Z-Chemicals/D/DNA-Marker%2C-not-prestained/250-bp-DNA-Ladder/p/000000050002eead00010023_en
Carl Roth,carlroth.com,250 bp DNA-Ladder,bp,4,4000,50,,16,https://www.carlroth.com/en/en/Chemicals/A-Z-Chemicals/D/DNA-Marker%2C-not-prestained/250-bp-DNA-Ladder/p/000000050002eead00010023_en
Carl Roth,carlroth.com,250 bp DNA-Ladder,bp,5,3000,50,,16,https://www.carlroth.com/en/en/Chemicals/A-Z-Chemicals/D/DNA-Marker%2C-not-prestained/250-bp-DNA-Ladder/p/000000050002eead00010023_en
Carl Roth,carlroth.com,250 bp DNA-Ladder,bp,6,2750,50,,16,https://www.carlroth.com/en/en/Chemicals/A-Z-Chemicals/D/DNA-Marker%2C-not-prestained/250-bp-DNA-Ladder/p/000000050002eead00010023_en
Carl Roth,carlroth.com,250 bp DNA-Ladder,bp,7,2500,120,reference band,16,https://www.carlroth.com/en/en/Chemicals/A-Z-Chemicals/D/DNA-Marker%2C-not-prestained/250-bp-DNA-Ladder/p/000000050002eead00010023_en
Carl Roth,carlroth.com,250 bp DNA-Ladder,bp,8,2250,50,,16,https://www.carlroth.com/en/en/Chemicals/A-Z-Chemicals/D/DNA-Marker%2C-not-prestained/250-bp-DNA-Ladder/p/000000050002eead00010023_en
Carl Roth,carlroth.com,250 bp DNA-Ladder,bp,9,2000,50,,16,https://www.carlroth.com/en/en/Chemicals/A-Z-Chemicals/D/DNA-Marker%2C-not-prestained/250-bp-DNA-Ladder/p/000000050002eead00010023_en
Carl Roth,carlroth.com,250 bp DNA-Ladder,bp,10,1750,50,,16,https://www.carlroth.com/en/en/Chemicals/A-Z-Chemicals/D/DNA-Marker%2C-not-prestained/250-bp-DNA-Ladder/p/000000050002eead00010023_en
Carl Roth,carlroth.com,250 bp DNA-Ladder,bp,11,1500,120,reference band,16,https://www.carlroth.com/en/en/Chemicals/A-Z-Chemicals/D/DNA-Marker%2C-not-prestained/250-bp-DNA-Ladder/p/000000050002eead00010023_en
Carl Roth,carlroth.com,250 bp DNA-Ladder,bp,12,1250,50,,16,https://www.carlroth.com/en/en/Chemicals/A-Z-Chemicals/D/DNA-Marker%2C-not-prestained/250-bp-DNA-Ladder/p/000000050002eead00010023_en
Carl Roth,carlroth.com,250 bp DNA-Ladder,bp,13,1000,50,,16,https://www.carlroth.com/en/en/Chemicals/A-Z-Chemicals/D/DNA-Marker%2C-not-prestained/250-bp-DNA-Ladder/p/000000050002eead00010023_en
Carl Roth,carlroth.com,250 bp DNA-Ladder,bp,14,750,50,,16,https://www.carlroth.com/en/en/Chemicals/A-Z-Chemicals/D/DNA-Marker%2C-not-prestained/250-bp-DNA-Ladder/p/000000050002eead00010023_en
Carl Roth,carlroth.com,250 bp DNA-Ladder,bp,15,500,50,,16,https://www.carlroth.com/en/en/Chemicals/A-Z-Chemicals/D/DNA-Marker%2C-not-prestained/250-bp-DNA-Ladder/p/000000050002eead00010023_en
Carl Roth,carlroth.com,250 bp DNA-Ladder,bp,16,250,50,,16,https://www.carlroth.com/en/en/Chemicals/A-Z-Chemicals/D/DNA-Marker%2C-not-prestained/250-bp-DNA-Ladder/p/000000050002eead00010023_en
Carl Roth,carlroth.com,500 bp DNA-Ladder,bp,1,5000,50,,10,https://www.carlroth.com/en/en/Chemicals/A-Z-Chemicals/D/DNA-Marker%2C-not-prestained/500-bp-DNA-Ladder/p/000000110001a3b500010023_en
Carl Roth,carlroth.com,500 bp DNA-Ladder,bp,2,4500,50,,10,https://www.carlroth.com/en/en/Chemicals/A-Z-Chemicals/D/DNA-Marker%2C-not-prestained/500-bp-DNA-Ladder/p/000000110001a3b500010023_en
Carl Roth,carlroth.com,500 bp DNA-Ladder,bp,3,4000,50,,10,https://www.carlroth.com/en/en/Chemicals/A-Z-Chemicals/D/DNA-Marker%2C-not-prestained/500-bp-DNA-Ladder/p/000000110001a3b500010023_en
Carl Roth,carlroth.com,500 bp DNA-Ladder,bp,4,3500,50,,10,https://www.carlroth.com/en/en/Chemicals/A-Z-Chemicals/D/DNA-Marker%2C-not-prestained/500-bp-DNA-Ladder/p/000000110001a3b500010023_en
Carl Roth,carlroth.com,500 bp DNA-Ladder,bp,5,3000,50,,10,https://www.carlroth.com/en/en/Chemicals/A-Z-Chemicals/D/DNA-Marker%2C-not-prestained/500-bp-DNA-Ladder/p/000000110001a3b500010023_en
Carl Roth,carlroth.com,500 bp DNA-Ladder,bp,6,2500,120,reference band,10,https://www.carlroth.com/en/en/Chemicals/A-Z-Chemicals/D/DNA-Marker%2C-not-prestained/500-bp-DNA-Ladder/p/000000110001a3b500010023_en
Carl Roth,carlroth.com,500 bp DNA-Ladder,bp,7,2000,50,,10,https://www.carlroth.com/en/en/Chemicals/A-Z-Chemicals/D/DNA-Marker%2C-not-prestained/500-bp-DNA-Ladder/p/000000110001a3b500010023_en
Carl Roth,carlroth.com,500 bp DNA-Ladder,bp,8,1500,50,,10,https://www.carlroth.com/en/en/Chemicals/A-Z-Chemicals/D/DNA-Marker%2C-not-prestained/500-bp-DNA-Ladder/p/000000110001a3b500010023_en
Carl Roth,carlroth.com,500 bp DNA-Ladder,bp,9,1000,50,,10,https://www.carlroth.com/en/en/Chemicals/A-Z-Chemicals/D/DNA-Marker%2C-not-prestained/500-bp-DNA-Ladder/p/000000110001a3b500010023_en
Carl Roth,carlroth.com,500 bp DNA-Ladder,bp,10,500,50,,10,https://www.carlroth.com/en/en/Chemicals/A-Z-Chemicals/D/DNA-Marker%2C-not-prestained/500-bp-DNA-Ladder/p/000000110001a3b500010023_en
Carl Roth,carlroth.com,1 kbp DNA-Ladder,bp,1,10000,40,,11,https://www.carlroth.com/en/en/Chemicals/A-Z-Chemicals/D/DNA-Marker%2C-not-prestained/1-kbp-DNA-Ladder/p/000000050002eeda00010023_en
Carl Roth,carlroth.com,1 kbp DNA-Ladder,bp,2,8000,40,,11,https://www.carlroth.com/en/en/Chemicals/A-Z-Chemicals/D/DNA-Marker%2C-not-prestained/1-kbp-DNA-Ladder/p/000000050002eeda00010023_en
Carl Roth,carlroth.com,1 kbp DNA-Ladder,bp,3,6000,40,,11,https://www.carlroth.com/en/en/Chemicals/A-Z-Chemicals/D/DNA-Marker%2C-not-prestained/1-kbp-DNA-Ladder/p/000000050002eeda00010023_en
Carl Roth,carlroth.com,1 kbp DNA-Ladder,bp,4,5000,60,,11,https://www.carlroth.com/en/en/Chemicals/A-Z-Chemicals/D/DNA-Marker%2C-not-prestained/1-kbp-DNA-Ladder/p/000000050002eeda00010023_en
Carl Roth,carlroth.com,1 kbp DNA-Ladder,bp,5,4000,60,,11,https://www.carlroth.com/en/en/Chemicals/A-Z-Chemicals/D/DNA-Marker%2C-not-prestained/1-kbp-DNA-Ladder/p/000000050002eeda00010023_en
Carl Roth,carlroth.com,1 kbp DNA-Ladder,bp,6,3000,60,,11,https://www.carlroth.com/en/en/Chemicals/A-Z-Chemicals/D/DNA-Marker%2C-not-prestained/1-kbp-DNA-Ladder/p/000000050002eeda00010023_en
Carl Roth,carlroth.com,1 kbp DNA-Ladder,bp,7,2500,60,,11,https://www.carlroth.com/en/en/Chemicals/A-Z-Chemicals/D/DNA-Marker%2C-not-prestained/1-kbp-DNA-Ladder/p/000000050002eeda00010023_en
Carl Roth,carlroth.com,1 kbp DNA-Ladder,bp,8,2000,60,,11,https://www.carlroth.com/en/en/Chemicals/A-Z-Chemicals/D/DNA-Marker%2C-not-prestained/1-kbp-DNA-Ladder/p/000000050002eeda00010023_en
Carl Roth,carlroth.com,1 kbp DNA-Ladder,bp,9,1500,60,,11,https://www.carlroth.com/en/en/Chemicals/A-Z-Chemicals/D/DNA-Marker%2C-not-prestained/1-kbp-DNA-Ladder/p/000000050002eeda00010023_en
Carl Roth,carlroth.com,1 kbp DNA-Ladder,bp,10,1000,60,,11,https://www.carlroth.com/en/en/Chemicals/A-Z-Chemicals/D/DNA-Marker%2C-not-prestained/1-kbp-DNA-Ladder/p/000000050002eeda00010023_en
Carl Roth,carlroth.com,1 kbp DNA-Ladder,bp,11,500,60,,11,https://www.carlroth.com/en/en/Chemicals/A-Z-Chemicals/D/DNA-Marker%2C-not-prestained/1-kbp-DNA-Ladder/p/000000050002eeda00010023_en
Carl Roth,carlroth.com,DNA-Ladder combi,bp,1,10000,40,,20,https://www.carlroth.com/en/en/Chemicals/A-Z-Chemicals/D/DNA-Marker%2C-not-prestained/DNA-Ladder-combi/p/000000060001306000020023_en
Carl Roth,carlroth.com,DNA-Ladder combi,bp,2,8000,40,,20,https://www.carlroth.com/en/en/Chemicals/A-Z-Chemicals/D/DNA-Marker%2C-not-prestained/DNA-Ladder-combi/p/000000060001306000020023_en
Carl Roth,carlroth.com,DNA-Ladder combi,bp,3,6000,40,,20,https://www.carlroth.com/en/en/Chemicals/A-Z-Chemicals/D/DNA-Marker%2C-not-prestained/DNA-Ladder-combi/p/000000060001306000020023_en
Carl Roth,carlroth.com,DNA-Ladder combi,bp,4,5000,60,,20,https://www.carlroth.com/en/en/Chemicals/A-Z-Chemicals/D/DNA-Marker%2C-not-prestained/DNA-Ladder-combi/p/000000060001306000020023_en
Carl Roth,carlroth.com,DNA-Ladder combi,bp,5,4000,60,,20,https://www.carlroth.com/en/en/Chemicals/A-Z-Chemicals/D/DNA-Marker%2C-not-prestained/DNA-Ladder-combi/p/000000060001306000020023_en
Carl Roth,carlroth.com,DNA-Ladder combi,bp,6,3000,60,,20,https://www.carlroth.com/en/en/Chemicals/A-Z-Chemicals/D/DNA-Marker%2C-not-prestained/DNA-Ladder-combi/p/000000060001306000020023_en
Carl Roth,carlroth.com,DNA-Ladder combi,bp,7,2500,60,,20,https://www.carlroth.com/en/en/Chemicals/A-Z-Chemicals/D/DNA-Marker%2C-not-prestained/DNA-Ladder-combi/p/000000060001306000020023_en
Carl Roth,carlroth.com,DNA-Ladder combi,bp,8,2000,60,,20,https://www.carlroth.com/en/en/Chemicals/A-Z-Chemicals/D/DNA-Marker%2C-not-prestained/DNA-Ladder-combi/p/000000060001306000020023_en
Carl Roth,carlroth.com,DNA-Ladder combi,bp,9,1500,60,,20,https://www.carlroth.com/en/en/Chemicals/A-Z-Chemicals/D/DNA-Marker%2C-not-prestained/DNA-Ladder-combi/p/000000060001306000020023_en
Carl Roth,carlroth.com,DNA-Ladder combi,bp,10,1000,120,reference band,20,https://www.carlroth.com/en/en/Chemicals/A-Z-Chemicals/D/DNA-Marker%2C-not-prestained/DNA-Ladder-combi/p/000000060001306000020023_en
Carl Roth,carlroth.com,DNA-Ladder combi,bp,11,900,60,,20,https://www.carlroth.com/en/en/Chemicals/A-Z-Chemicals/D/DNA-Marker%2C-not-prestained/DNA-Ladder-combi/p/000000060001306000020023_en
Carl Roth,carlroth.com,DNA-Ladder combi,bp,12,800,60,,20,https://www.carlroth.com/en/en/Chemicals/A-Z-Chemicals/D/DNA-Marker%2C-not-prestained/DNA-Ladder-combi/p/000000060001306000020023_en
Carl Roth,carlroth.com,DNA-Ladder combi,bp,13,700,60,,20,https://www.carlroth.com/en/en/Chemicals/A-Z-Chemicals/D/DNA-Marker%2C-not-prestained/DNA-Ladder-combi/p/000000060001306000020023_en
Carl Roth,carlroth.com,DNA-Ladder combi,bp,14,600,60,,20,https://www.carlroth.com/en/en/Chemicals/A-Z-Chemicals/D/DNA-Marker%2C-not-prestained/DNA-Ladder-combi/p/000000060001306000020023_en
Carl Roth,carlroth.com,DNA-Ladder combi,bp,15,500,180,reference band,20,https://www.carlroth.com/en/en/Chemicals/A-Z-Chemicals/D/DNA-Marker%2C-not-prestained/DNA-Ladder-combi/p/000000060001306000020023_en
Carl Roth,carlroth.com,DNA-Ladder combi,bp,16,400,60,,20,https://www.carlroth.com/en/en/Chemicals/A-Z-Chemicals/D/DNA-Marker%2C-not-prestained/DNA-Ladder-combi/p/000000060001306000020023_en
Carl Roth,carlroth.com,DNA-Ladder combi,bp,17,300,60,,20,https://www.carlroth.com/en/en/Chemicals/A-Z-Chemicals/D/DNA-Marker%2C-not-prestained/DNA-Ladder-combi/p/000000060001306000020023_en
Carl Roth,carlroth.com,DNA-Ladder combi,bp,18,200,60,,20,https://www.carlroth.com/en/en/Chemicals/A-Z-Chemicals/D/DNA-Marker%2C-not-prestained/DNA-Ladder-combi/p/000000060001306000020023_en
Carl Roth,carlroth.com,DNA-Ladder combi,bp,19,150,60,,20,https://www.carlroth.com/en/en/Chemicals/A-Z-Chemicals/D/DNA-Marker%2C-not-prestained/DNA-Ladder-combi/p/000000060001306000020023_en
Carl Roth,carlroth.com,DNA-Ladder combi,bp,20,100,60,,20,https://www.carlroth.com/en/en/Chemicals/A-Z-Chemicals/D/DNA-Marker%2C-not-prestained/DNA-Ladder-combi/p/000000060001306000020023_en
Carl Roth,carlroth.com,DNA-Marker short-run 1,bp,1,2500,60,,5,https://www.carlroth.com/en/en/Life-Science/Electrophoresis/DNA-Markers/DNA-Markers-for-Short-Runs/DNA-Marker-short-run-1/p/00000003000251bf00020023_en
Carl Roth,carlroth.com,DNA-Marker short-run 1,bp,2,2000,60,,5,https://www.carlroth.com/en/en/Life-Science/Electrophoresis/DNA-Markers/DNA-Markers-for-Short-Runs/DNA-Marker-short-run-1/p/00000003000251bf00020023_en
Carl Roth,carlroth.com,DNA-Marker short-run 1,bp,3,1500,120,reference band,5,https://www.carlroth.com/en/en/Life-Science/Electrophoresis/DNA-Markers/DNA-Markers-for-Short-Runs/DNA-Marker-short-run-1/p/00000003000251bf00020023_en
Carl Roth,carlroth.com,DNA-Marker short-run 1,bp,4,1000,60,,5,https://www.carlroth.com/en/en/Life-Science/Electrophoresis/DNA-Markers/DNA-Markers-for-Short-Runs/DNA-Marker-short-run-1/p/00000003000251bf00020023_en
Carl Roth,carlroth.com,DNA-Marker short-run 1,bp,5,500,60,,5,https://www.carlroth.com/en/en/Life-Science/Electrophoresis/DNA-Markers/DNA-Markers-for-Short-Runs/DNA-Marker-short-run-1/p/00000003000251bf00020023_en
Carl Roth,carlroth.com,DNA-Marker short-run extended,bp,1,6000,60,,9,https://www.carlroth.com/en/en/Life-Science/Electrophoresis/DNA-Markers/DNA-Markers-for-Short-Runs/DNA-Marker-short-run-%3Cspan%3Eextended%3C-span%3E/p/0000000800010a9d00030023_en
Carl Roth,carlroth.com,DNA-Marker short-run extended,bp,2,4000,60,,9,https://www.carlroth.com/en/en/Life-Science/Electrophoresis/DNA-Markers/DNA-Markers-for-Short-Runs/DNA-Marker-short-run-%3Cspan%3Eextended%3C-span%3E/p/0000000800010a9d00030023_en
Carl Roth,carlroth.com,DNA-Marker short-run extended,bp,3,2500,60,,9,https://www.carlroth.com/en/en/Life-Science/Electrophoresis/DNA-Markers/DNA-Markers-for-Short-Runs/DNA-Marker-short-run-%3Cspan%3Eextended%3C-span%3E/p/0000000800010a9d00030023_en
Carl Roth,carlroth.com,DNA-Marker short-run extended,bp,4,2000,60,,9,https://www.carlroth.com/en/en/Life-Science/Electrophoresis/DNA-Markers/DNA-Markers-for-Short-Runs/DNA-Marker-short-run-%3Cspan%3Eextended%3C-span%3E/p/0000000800010a9d00030023_en
Carl Roth,carlroth.com,DNA-Marker short-run extended,bp,5,1500,120,reference band,9,https://www.carlroth.com/en/en/Life-Science/Electrophoresis/DNA-Markers/DNA-Markers-for-Short-Runs/DNA-Marker-short-run-%3Cspan%3Eextended%3C-span%3E/p/0000000800010a9d00030023_en
Carl Roth,carlroth.com,DNA-Marker short-run extended,bp,6,1000,60,,9,https://www.carlroth.com/en/en/Life-Science/Electrophoresis/DNA-Markers/DNA-Markers-for-Short-Runs/DNA-Marker-short-run-%3Cspan%3Eextended%3C-span%3E/p/0000000800010a9d00030023_en
Carl Roth,carlroth.com,DNA-Marker short-run extended,bp,7,500,60,,9,https://www.carlroth.com/en/en/Life-Science/Electrophoresis/DNA-Markers/DNA-Markers-for-Short-Runs/DNA-Marker-short-run-%3Cspan%3Eextended%3C-span%3E/p/0000000800010a9d00030023_en
Carl Roth,carlroth.com,DNA-Marker short-run extended,bp,8,200,60,,9,https://www.carlroth.com/en/en/Life-Science/Electrophoresis/DNA-Markers/DNA-Markers-for-Short-Runs/DNA-Marker-short-run-%3Cspan%3Eextended%3C-span%3E/p/0000000800010a9d00030023_en
Carl Roth,carlroth.com,DNA-Marker short-run extended,bp,9,100,60,,9,https://www.carlroth.com/en/en/Life-Science/Electrophoresis/DNA-Markers/DNA-Markers-for-Short-Runs/DNA-Marker-short-run-%3Cspan%3Eextended%3C-span%3E/p/0000000800010a9d00030023_en
Carl Roth,carlroth.com,PCR-Marker DNAscore,bp,1,1500,120,reference band,7,https://www.carlroth.com/en/en/Life-Science/Electrophoresis/DNA-Markers/DNA-Markers-for-Short-Runs/PCR-Marker-DNA%3Cspan%3Escore%3C-span%3E/p/000000050000935b00030023_en
Carl Roth,carlroth.com,PCR-Marker DNAscore,bp,2,1200,50,,7,https://www.carlroth.com/en/en/Life-Science/Electrophoresis/DNA-Markers/DNA-Markers-for-Short-Runs/PCR-Marker-DNA%3Cspan%3Escore%3C-span%3E/p/000000050000935b00030023_en
Carl Roth,carlroth.com,PCR-Marker DNAscore,bp,3,1100,50,,7,https://www.carlroth.com/en/en/Life-Science/Electrophoresis/DNA-Markers/DNA-Markers-for-Short-Runs/PCR-Marker-DNA%3Cspan%3Escore%3C-span%3E/p/000000050000935b00030023_en
Carl Roth,carlroth.com,PCR-Marker DNAscore,bp,4,1000,120,reference band,7,https://www.carlroth.com/en/en/Life-Science/Electrophoresis/DNA-Markers/DNA-Markers-for-Short-Runs/PCR-Marker-DNA%3Cspan%3Escore%3C-span%3E/p/000000050000935b00030023_en
Carl Roth,carlroth.com,PCR-Marker DNAscore,bp,5,900,50,,7,https://www.carlroth.com/en/en/Life-Science/Electrophoresis/DNA-Markers/DNA-Markers-for-Short-Runs/PCR-Marker-DNA%3Cspan%3Escore%3C-span%3E/p/000000050000935b00030023_en
Carl Roth,carlroth.com,PCR-Marker DNAscore,bp,6,800,50,,7,https://www.carlroth.com/en/en/Life-Science/Electrophoresis/DNA-Markers/DNA-Markers-for-Short-Runs/PCR-Marker-DNA%3Cspan%3Escore%3C-span%3E/p/000000050000935b00030023_en
Carl Roth,carlroth.com,PCR-Marker DNAscore,bp,7,500,100,reference band,7,https://www.carlroth.com/en/en/Life-Science/Electrophoresis/DNA-Markers/DNA-Markers-for-Short-Runs/PCR-Marker-DNA%3Cspan%3Escore%3C-span%3E/p/000000050000935b00030023_en
Dongsheng Biotech,gdsbio.cn,10 bp Ladder,bp,1,300,40,,18,https://gdsbio.cn/product/product-22457-36137
Dongsheng Biotech,gdsbio.cn,10 bp Ladder,bp,2,280,40,,18,https://gdsbio.cn/product/product-22457-36137
Dongsheng Biotech,gdsbio.cn,10 bp Ladder,bp,3,260,40,,18,https://gdsbio.cn/product/product-22457-36137
Dongsheng Biotech,gdsbio.cn,10 bp Ladder,bp,4,240,40,,18,https://gdsbio.cn/product/product-22457-36137
Dongsheng Biotech,gdsbio.cn,10 bp Ladder,bp,5,220,40,,18,https://gdsbio.cn/product/product-22457-36137
Dongsheng Biotech,gdsbio.cn,10 bp Ladder,bp,6,200,100,reference band,18,https://gdsbio.cn/product/product-22457-36137
Dongsheng Biotech,gdsbio.cn,10 bp Ladder,bp,7,190,40,,18,https://gdsbio.cn/product/product-22457-36137
Dongsheng Biotech,gdsbio.cn,10 bp Ladder,bp,8,180,40,,18,https://gdsbio.cn/product/product-22457-36137
Dongsheng Biotech,gdsbio.cn,10 bp Ladder,bp,9,170,40,,18,https://gdsbio.cn/product/product-22457-36137
Dongsheng Biotech,gdsbio.cn,10 bp Ladder,bp,10,160,40,,18,https://gdsbio.cn/product/product-22457-36137
Dongsheng Biotech,gdsbio.cn,10 bp Ladder,bp,11,150,40,,18,https://gdsbio.cn/product/product-22457-36137
Dongsheng Biotech,gdsbio.cn,10 bp Ladder,bp,12,140,40,,18,https://gdsbio.cn/product/product-22457-36137
Dongsheng Biotech,gdsbio.cn,10 bp Ladder,bp,13,130,40,,18,https://gdsbio.cn/product/product-22457-36137
Dongsheng Biotech,gdsbio.cn,10 bp Ladder,bp,14,120,40,,18,https://gdsbio.cn/product/product-22457-36137
Dongsheng Biotech,gdsbio.cn,10 bp Ladder,bp,15,110,40,,18,https://gdsbio.cn/product/product-22457-36137
Dongsheng Biotech,gdsbio.cn,10 bp Ladder,bp,16,100,100,reference band,18,https://gdsbio.cn/product/product-22457-36137
Dongsheng Biotech,gdsbio.cn,10 bp Ladder,bp,17,90,40,,18,https://gdsbio.cn/product/product-22457-36137
Dongsheng Biotech,gdsbio.cn,10 bp Ladder,bp,18,80,40,,18,https://gdsbio.cn/product/product-22457-36137
Dongsheng Biotech,gdsbio.cn,20 bp Ladder,bp,1,300,40,,13,https://gdsbio.cn/product/product-22457-36141
Dongsheng Biotech,gdsbio.cn,20 bp Ladder,bp,2,280,40,,13,https://gdsbio.cn/product/product-22457-36141
Dongsheng Biotech,gdsbio.cn,20 bp Ladder,bp,3,260,40,,13,https://gdsbio.cn/product/product-22457-36141
Dongsheng Biotech,gdsbio.cn,20 bp Ladder,bp,4,240,40,,13,https://gdsbio.cn/product/product-22457-36141
Dongsheng Biotech,gdsbio.cn,20 bp Ladder,bp,5,220,40,,13,https://gdsbio.cn/product/product-22457-36141
Dongsheng Biotech,gdsbio.cn,20 bp Ladder,bp,6,200,100,reference band,13,https://gdsbio.cn/product/product-22457-36141
Dongsheng Biotech,gdsbio.cn,20 bp Ladder,bp,7,180,40,,13,https://gdsbio.cn/product/product-22457-36141
Dongsheng Biotech,gdsbio.cn,20 bp Ladder,bp,8,160,40,,13,https://gdsbio.cn/product/product-22457-36141
Dongsheng Biotech,gdsbio.cn,20 bp Ladder,bp,9,140,40,,13,https://gdsbio.cn/product/product-22457-36141
Dongsheng Biotech,gdsbio.cn,20 bp Ladder,bp,10,120,40,,13,https://gdsbio.cn/product/product-22457-36141
Dongsheng Biotech,gdsbio.cn,20 bp Ladder,bp,11,100,100,reference band,13,https://gdsbio.cn/product/product-22457-36141
Dongsheng Biotech,gdsbio.cn,20 bp Ladder,bp,12,80,40,,13,https://gdsbio.cn/product/product-22457-36141
Dongsheng Biotech,gdsbio.cn,20 bp Ladder,bp,13,60,40,,13,https://gdsbio.cn/product/product-22457-36141
Dongsheng Biotech,gdsbio.cn,50 bp Ladder,bp,1,500,40,,8,https://gdsbio.cn/product/product-22457-36139
Dongsheng Biotech,gdsbio.cn,50 bp Ladder,bp,2,400,40,,8,https://gdsbio.cn/product/product-22457-36139
Dongsheng Biotech,gdsbio.cn,50 bp Ladder,bp,3,300,40,,8,https://gdsbio.cn/product/product-22457-36139
Dongsheng Biotech,gdsbio.cn,50 bp Ladder,bp,4,250,100,reference band,8,https://gdsbio.cn/product/product-22457-36139
Dongsheng Biotech,gdsbio.cn,50 bp Ladder,bp,5,200,40,,8,https://gdsbio.cn/product/product-22457-36139
Dongsheng Biotech,gdsbio.cn,50 bp Ladder,bp,6,150,40,,8,https://gdsbio.cn/product/product-22457-36139
Dongsheng Biotech,gdsbio.cn,50 bp Ladder,bp,7,100,40,,8,https://gdsbio.cn/product/product-22457-36139
Dongsheng Biotech,gdsbio.cn,50 bp Ladder,bp,8,50,40,,8,https://gdsbio.cn/product/product-22457-36139
Dongsheng Biotech,gdsbio.cn,50 bp Ladder Plus,bp,1,1000,40,,13,https://gdsbio.cn/product/product-22457-36146
Dongsheng Biotech,gdsbio.cn,50 bp Ladder Plus,bp,2,900,40,,13,https://gdsbio.cn/product/product-22457-36146
Dongsheng Biotech,gdsbio.cn,50 bp Ladder Plus,bp,3,800,40,,13,https://gdsbio.cn/product/product-22457-36146
Dongsheng Biotech,gdsbio.cn,50 bp Ladder Plus,bp,4,700,40,,13,https://gdsbio.cn/product/product-22457-36146
Dongsheng Biotech,gdsbio.cn,50 bp Ladder Plus,bp,5,600,40,,13,https://gdsbio.cn/product/product-22457-36146
Dongsheng Biotech,gdsbio.cn,50 bp Ladder Plus,bp,6,500,100,reference band,13,https://gdsbio.cn/product/product-22457-36146
Dongsheng Biotech,gdsbio.cn,50 bp Ladder Plus,bp,7,400,40,,13,https://gdsbio.cn/product/product-22457-36146
Dongsheng Biotech,gdsbio.cn,50 bp Ladder Plus,bp,8,300,40,,13,https://gdsbio.cn/product/product-22457-36146
Dongsheng Biotech,gdsbio.cn,50 bp Ladder Plus,bp,9,250,100,reference band,13,https://gdsbio.cn/product/product-22457-36146
Dongsheng Biotech,gdsbio.cn,50 bp Ladder Plus,bp,10,200,40,,13,https://gdsbio.cn/product/product-22457-36146
Dongsheng Biotech,gdsbio.cn,50 bp Ladder Plus,bp,11,150,40,,13,https://gdsbio.cn/product/product-22457-36146
Dongsheng Biotech,gdsbio.cn,50 bp Ladder Plus,bp,12,100,40,,13,https://gdsbio.cn/product/product-22457-36146
Dongsheng Biotech,gdsbio.cn,50 bp Ladder Plus,bp,13,50,40,,13,https://gdsbio.cn/product/product-22457-36146
Dongsheng Biotech,gdsbio.cn,100 bp Ladder,bp,1,1500,40,,11,https://gdsbio.cn/product/product-22457-36138
Dongsheng Biotech,gdsbio.cn,100 bp Ladder,bp,2,1000,40,,11,https://gdsbio.cn/product/product-22457-36138
Dongsheng Biotech,gdsbio.cn,100 bp Ladder,bp,3,900,40,,11,https://gdsbio.cn/product/product-22457-36138
Dongsheng Biotech,gdsbio.cn,100 bp Ladder,bp,4,800,40,,11,https://gdsbio.cn/product/product-22457-36138
Dongsheng Biotech,gdsbio.cn,100 bp Ladder,bp,5,700,40,,11,https://gdsbio.cn/product/product-22457-36138
Dongsheng Biotech,gdsbio.cn,100 bp Ladder,bp,6,600,40,,11,https://gdsbio.cn/product/product-22457-36138
Dongsheng Biotech,gdsbio.cn,100 bp Ladder,bp,7,500,100,reference band,11,https://gdsbio.cn/product/product-22457-36138
Dongsheng Biotech,gdsbio.cn,100 bp Ladder,bp,8,400,40,,11,https://gdsbio.cn/product/product-22457-36138
Dongsheng Biotech,gdsbio.cn,100 bp Ladder,bp,9,300,40,,11,https://gdsbio.cn/product/product-22457-36138
Dongsheng Biotech,gdsbio.cn,100 bp Ladder,bp,10,200,40,,11,https://gdsbio.cn/product/product-22457-36138
Dongsheng Biotech,gdsbio.cn,100 bp Ladder,bp,11,100,40,,11,https://gdsbio.cn/product/product-22457-36138
Dongsheng Biotech,gdsbio.cn,100 bp Ladder Plus,bp,1,3000,40,,14,https://gdsbio.cn/product/product-22457-36148
Dongsheng Biotech,gdsbio.cn,100 bp Ladder Plus,bp,2,2000,40,,14,https://gdsbio.cn/product/product-22457-36148
Dongsheng Biotech,gdsbio.cn,100 bp Ladder Plus,bp,3,1500,40,,14,https://gdsbio.cn/product/product-22457-36148
Dongsheng Biotech,gdsbio.cn,100 bp Ladder Plus,bp,4,1200,100,reference band,14,https://gdsbio.cn/product/product-22457-36148
Dongsheng Biotech,gdsbio.cn,100 bp Ladder Plus,bp,5,1000,40,,14,https://gdsbio.cn/product/product-22457-36148
Dongsheng Biotech,gdsbio.cn,100 bp Ladder Plus,bp,6,900,40,,14,https://gdsbio.cn/product/product-22457-36148
Dongsheng Biotech,gdsbio.cn,100 bp Ladder Plus,bp,7,800,40,,14,https://gdsbio.cn/product/product-22457-36148
Dongsheng Biotech,gdsbio.cn,100 bp Ladder Plus,bp,8,700,40,,14,https://gdsbio.cn/product/product-22457-36148
Dongsheng Biotech,gdsbio.cn,100 bp Ladder Plus,bp,9,600,40,,14,https://gdsbio.cn/product/product-22457-36148
Dongsheng Biotech,gdsbio.cn,100 bp Ladder Plus,bp,10,500,100,reference band,14,https://gdsbio.cn/product/product-22457-36148
Dongsheng Biotech,gdsbio.cn,100 bp Ladder Plus,bp,11,400,40,,14,https://gdsbio.cn/product/product-22457-36148
Dongsheng Biotech,gdsbio.cn,100 bp Ladder Plus,bp,12,300,40,,14,https://gdsbio.cn/product/product-22457-36148
Dongsheng Biotech,gdsbio.cn,100 bp Ladder Plus,bp,13,200,40,,14,https://gdsbio.cn/product/product-22457-36148
Dongsheng Biotech,gdsbio.cn,100 bp Ladder Plus,bp,14,100,40,,14,https://gdsbio.cn/product/product-22457-36148
Dongsheng Biotech,gdsbio.cn,200 bp Ladder,bp,1,4000,40,,12,https://gdsbio.cn/product/product-22457-36143
Dongsheng Biotech,gdsbio.cn,200 bp Ladder,bp,2,2200,40,,12,https://gdsbio.cn/product/product-22457-36143
Dongsheng Biotech,gdsbio.cn,200 bp Ladder,bp,3,2000,40,,12,https://gdsbio.cn/product/product-22457-36143
Dongsheng Biotech,gdsbio.cn,200 bp Ladder,bp,4,1800,40,,12,https://gdsbio.cn/product/product-22457-36143
Dongsheng Biotech,gdsbio.cn,200 bp Ladder,bp,5,1600,40,,12,https://gdsbio.cn/product/product-22457-36143
Dongsheng Biotech,gdsbio.cn,200 bp Ladder,bp,6,1400,40,,12,https://gdsbio.cn/product/product-22457-36143
Dongsheng Biotech,gdsbio.cn,200 bp Ladder,bp,7,1200,40,,12,https://gdsbio.cn/product/product-22457-36143
Dongsheng Biotech,gdsbio.cn,200 bp Ladder,bp,8,1000,100,reference band,12,https://gdsbio.cn/product/product-22457-36143
Dongsheng Biotech,gdsbio.cn,200 bp Ladder,bp,9,800,40,,12,https://gdsbio.cn/product/product-22457-36143
Dongsheng Biotech,gdsbio.cn,200 bp Ladder,bp,10,600,40,,12,https://gdsbio.cn/product/product-22457-36143
Dongsheng Biotech,gdsbio.cn,200 bp Ladder,bp,11,400,40,,12,https://gdsbio.cn/product/product-22457-36143
Dongsheng Biotech,gdsbio.cn,200 bp Ladder,bp,12,200,40,,12,https://gdsbio.cn/product/product-22457-36143
Dongsheng Biotech,gdsbio.cn,500 bp Ladder,bp,1,5000,40,,10,https://gdsbio.cn/product/product-22457-35840
Dongsheng Biotech,gdsbio.cn,500 bp Ladder,bp,2,4500,40,,10,https://gdsbio.cn/product/product-22457-35840
Dongsheng Biotech,gdsbio.cn,500 bp Ladder,bp,3,4000,40,,10,https://gdsbio.cn/product/product-22457-35840
Dongsheng Biotech,gdsbio.cn,500 bp Ladder,bp,4,3500,40,,10,https://gdsbio.cn/product/product-22457-35840
Dongsheng Biotech,gdsbio.cn,500 bp Ladder,bp,5,3000,40,,10,https://gdsbio.cn/product/product-22457-35840
Dongsheng Biotech,gdsbio.cn,500 bp Ladder,bp,6,2500,40,,10,https://gdsbio.cn/product/product-22457-35840
Dongsheng Biotech,gdsbio.cn,500 bp Ladder,bp,7,2000,100,reference band,10,https://gdsbio.cn/product/product-22457-35840
Dongsheng Biotech,gdsbio.cn,500 bp Ladder,bp,8,1500,40,,10,https://gdsbio.cn/product/product-22457-35840
Dongsheng Biotech,gdsbio.cn,500 bp Ladder,bp,9,1000,40,,10,https://gdsbio.cn/product/product-22457-35840
Dongsheng Biotech,gdsbio.cn,500 bp Ladder,bp,10,500,40,,10,https://gdsbio.cn/product/product-22457-35840
Dongsheng Biotech,gdsbio.cn,1 kb Ladder,bp,1,10000,40,,10,https://gdsbio.cn/product/product-22457-36167
Dongsheng Biotech,gdsbio.cn,1 kb Ladder,bp,2,8000,40,,10,https://gdsbio.cn/product/product-22457-36167
Dongsheng Biotech,gdsbio.cn,1 kb Ladder,bp,3,6000,40,,10,https://gdsbio.cn/product/product-22457-36167
Dongsheng Biotech,gdsbio.cn,1 kb Ladder,bp,4,5000,100,reference band,10,https://gdsbio.cn/product/product-22457-36167
Dongsheng Biotech,gdsbio.cn,1 kb Ladder,bp,5,4000,40,,10,https://gdsbio.cn/product/product-22457-36167
Dongsheng Biotech,gdsbio.cn,1 kb Ladder,bp,6,3000,40,,10,https://gdsbio.cn/product/product-22457-36167
Dongsheng Biotech,gdsbio.cn,1 kb Ladder,bp,7,2000,100,reference band,10,https://gdsbio.cn/product/product-22457-36167
Dongsheng Biotech,gdsbio.cn,1 kb Ladder,bp,8,1500,40,,10,https://gdsbio.cn/product/product-22457-36167
Dongsheng Biotech,gdsbio.cn,1 kb Ladder,bp,9,1000,40,,10,https://gdsbio.cn/product/product-22457-36167
Dongsheng Biotech,gdsbio.cn,1 kb Ladder,bp,10,500,40,,10,https://gdsbio.cn/product/product-22457-36167
Dongsheng Biotech,gdsbio.cn,1 kb Ladder Plus,bp,1,10000,40,,15,https://gdsbio.cn/product/product-22457-35841
Dongsheng Biotech,gdsbio.cn,1 kb Ladder Plus,bp,2,8000,40,,15,https://gdsbio.cn/product/product-22457-35841
Dongsheng Biotech,gdsbio.cn,1 kb Ladder Plus,bp,3,6000,40,,15,https://gdsbio.cn/product/product-22457-35841
Dongsheng Biotech,gdsbio.cn,1 kb Ladder Plus,bp,4,5000,40,,15,https://gdsbio.cn/product/product-22457-35841
Dongsheng Biotech,gdsbio.cn,1 kb Ladder Plus,bp,5,4000,40,,15,https://gdsbio.cn/product/product-22457-35841
Dongsheng Biotech,gdsbio.cn,1 kb Ladder Plus,bp,6,3000,100,reference band,15,https://gdsbio.cn/product/product-22457-35841
Dongsheng Biotech,gdsbio.cn,1 kb Ladder Plus,bp,7,2000,40,,15,https://gdsbio.cn/product/product-22457-35841
Dongsheng Biotech,gdsbio.cn,1 kb Ladder Plus,bp,8,1500,40,,15,https://gdsbio.cn/product/product-22457-35841
Dongsheng Biotech,gdsbio.cn,1 kb Ladder Plus,bp,9,1000,40,,15,https://gdsbio.cn/product/product-22457-35841
Dongsheng Biotech,gdsbio.cn,1 kb Ladder Plus,bp,10,700,40,,15,https://gdsbio.cn/product/product-22457-35841
Dongsheng Biotech,gdsbio.cn,1 kb Ladder Plus,bp,11,500,100,reference band,15,https://gdsbio.cn/product/product-22457-35841
Dongsheng Biotech,gdsbio.cn,1 kb Ladder Plus,bp,12,400,40,,15,https://gdsbio.cn/product/product-22457-35841
Dongsheng Biotech,gdsbio.cn,1 kb Ladder Plus,bp,13,300,40,,15,https://gdsbio.cn/product/product-22457-35841
Dongsheng Biotech,gdsbio.cn,1 kb Ladder Plus,bp,14,200,40,,15,https://gdsbio.cn/product/product-22457-35841
Dongsheng Biotech,gdsbio.cn,1 kb Ladder Plus,bp,15,100,40,,15,https://gdsbio.cn/product/product-22457-35841
Dongsheng Biotech,gdsbio.cn,DS™2000,bp,1,2000,75,,6,https://gdsbio.cn/product/product-22457-36165
Dongsheng Biotech,gdsbio.cn,DS™2000,bp,2,1000,75,,6,https://gdsbio.cn/product/product-22457-36165
Dongsheng Biotech,gdsbio.cn,DS™2000,bp,3,750,150,reference band,6,https://gdsbio.cn/product/product-22457-36165
Dongsheng Biotech,gdsbio.cn,DS™2000,bp,4,500,75,,6,https://gdsbio.cn/product/product-22457-36165
Dongsheng Biotech,gdsbio.cn,DS™2000,bp,5,250,75,,6,https://gdsbio.cn/product/product-22457-36165
Dongsheng Biotech,gdsbio.cn,DS™2000,bp,6,100,75,,6,https://gdsbio.cn/product/product-22457-36165
Dongsheng Biotech,gdsbio.cn,DS™5000,bp,1,5000,75,,9,https://gdsbio.cn/product/product-22457-36166
Dongsheng Biotech,gdsbio.cn,DS™5000,bp,2,3000,75,,9,https://gdsbio.cn/product/product-22457-36166
Dongsheng Biotech,gdsbio.cn,DS™5000,bp,3,2000,75,,9,https://gdsbio.cn/product/product-22457-36166
Dongsheng Biotech,gdsbio.cn,DS™5000,bp,4,1500,75,,9,https://gdsbio.cn/product/product-22457-36166
Dongsheng Biotech,gdsbio.cn,DS™5000,bp,5,1000,150,reference band,9,https://gdsbio.cn/product/product-22457-36166
Dongsheng Biotech,gdsbio.cn,DS™5000,bp,6,750,75,,9,https://gdsbio.cn/product/product-22457-36166
Dongsheng Biotech,gdsbio.cn,DS™5000,bp,7,500,75,,9,https://gdsbio.cn/product/product-22457-36166
Dongsheng Biotech,gdsbio.cn,DS™5000,bp,8,250,75,,9,https://gdsbio.cn/product/product-22457-36166
Dongsheng Biotech,gdsbio.cn,DS™5000,bp,9,100,75,,9,https://gdsbio.cn/product/product-22457-36166
Dongsheng Biotech,gdsbio.cn,DS™10000,bp,1,10000,50,,7,https://gdsbio.cn/product/product-22457-36142
Dongsheng Biotech,gdsbio.cn,DS™10000,bp,2,7000,50,,7,https://gdsbio.cn/product/product-22457-36142
Dongsheng Biotech,gdsbio.cn,DS™10000,bp,3,4000,50,,7,https://gdsbio.cn/product/product-22457-36142
Dongsheng Biotech,gdsbio.cn,DS™10000,bp,4,2000,125,reference band,7,https://gdsbio.cn/product/product-22457-36142
Dongsheng Biotech,gdsbio.cn,DS™10000,bp,5,1000,50,,7,https://gdsbio.cn/product/product-22457-36142
Dongsheng Biotech,gdsbio.cn,DS™10000,bp,6,500,50,,7,https://gdsbio.cn/product/product-22457-36142
Dongsheng Biotech,gdsbio.cn,DS™10000,bp,7,250,50,,7,https://gdsbio.cn/product/product-22457-36142
Dongsheng Biotech,gdsbio.cn,DS™15000,bp,1,15000,50,,7,https://gdsbio.cn/product/product-22457-35842
Dongsheng Biotech,gdsbio.cn,DS™15000,bp,2,10000,50,,7,https://gdsbio.cn/product/product-22457-35842
Dongsheng Biotech,gdsbio.cn,DS™15000,bp,3,7500,50,,7,https://gdsbio.cn/product/product-22457-35842
Dongsheng Biotech,gdsbio.cn,DS™15000,bp,4,5000,50,,7,https://gdsbio.cn/product/product-22457-35842
Dongsheng Biotech,gdsbio.cn,DS™15000,bp,5,2500,125,reference band,7,https://gdsbio.cn/product/product-22457-35842
Dongsheng Biotech,gdsbio.cn,DS™15000,bp,6,1000,50,,7,https://gdsbio.cn/product/product-22457-35842
Dongsheng Biotech,gdsbio.cn,DS™15000,bp,7,250,50,,7,https://gdsbio.cn/product/product-22457-35842
Dongsheng Biotech,gdsbio.cn,Low Ladder,bp,1,700,40,,10,https://gdsbio.cn/product/product-22457-36145
Dongsheng Biotech,gdsbio.cn,Low Ladder,bp,2,500,40,,10,https://gdsbio.cn/product/product-22457-36145
Dongsheng Biotech,gdsbio.cn,Low Ladder,bp,3,400,40,,10,https://gdsbio.cn/product/product-22457-36145
Dongsheng Biotech,gdsbio.cn,Low Ladder,bp,4,300,100,reference band,10,https://gdsbio.cn/product/product-22457-36145
Dongsheng Biotech,gdsbio.cn,Low Ladder,bp,5,200,40,,10,https://gdsbio.cn/product/product-22457-36145
Dongsheng Biotech,gdsbio.cn,Low Ladder,bp,6,150,40,,10,https://gdsbio.cn/product/product-22457-36145
Dongsheng Biotech,gdsbio.cn,Low Ladder,bp,7,100,100,reference band,10,https://gdsbio.cn/product/product-22457-36145
Dongsheng Biotech,gdsbio.cn,Low Ladder,bp,8,75,40,,10,https://gdsbio.cn/product/product-22457-36145
Dongsheng Biotech,gdsbio.cn,Low Ladder,bp,9,50,40,,10,https://gdsbio.cn/product/product-22457-36145
Dongsheng Biotech,gdsbio.cn,Low Ladder,bp,10,25,40,,10,https://gdsbio.cn/product/product-22457-36145
Dongsheng Biotech,gdsbio.cn,Marker 1,bp,1,600,50,,6,https://gdsbio.cn/product/product-22457-35845
Dongsheng Biotech,gdsbio.cn,Marker 1,bp,2,500,50,,6,https://gdsbio.cn/product/product-22457-35845
Dongsheng Biotech,gdsbio.cn,Marker 1,bp,3,400,125,reference band,6,https://gdsbio.cn/product/product-22457-35845
Dongsheng Biotech,gdsbio.cn,Marker 1,bp,4,300,50,,6,https://gdsbio.cn/product/product-22457-35845
Dongsheng Biotech,gdsbio.cn,Marker 1,bp,5,200,50,,6,https://gdsbio.cn/product/product-22457-35845
Dongsheng Biotech,gdsbio.cn,Marker 1,bp,6,100,50,,6,https://gdsbio.cn/product/product-22457-35845
Dongsheng Biotech,gdsbio.cn,Marker 2,bp,1,1200,50,,6,https://gdsbio.cn/product/product-22457-36149
Dongsheng Biotech,gdsbio.cn,Marker 2,bp,2,900,50,,6,https://gdsbio.cn/product/product-22457-36149
Dongsheng Biotech,gdsbio.cn,Marker 2,bp,3,700,125,reference band,6,https://gdsbio.cn/product/product-22457-36149
Dongsheng Biotech,gdsbio.cn,Marker 2,bp,4,500,50,,6,https://gdsbio.cn/product/product-22457-36149
Dongsheng Biotech,gdsbio.cn,Marker 2,bp,5,300,50,,6,https://gdsbio.cn/product/product-22457-36149
Dongsheng Biotech,gdsbio.cn,Marker 2,bp,6,100,50,,6,https://gdsbio.cn/product/product-22457-36149
Dongsheng Biotech,gdsbio.cn,Marker 3,bp,1,4500,75,,7,https://gdsbio.cn/product/product-22457-35844
Dongsheng Biotech,gdsbio.cn,Marker 3,bp,2,3000,75,,7,https://gdsbio.cn/product/product-22457-35844
Dongsheng Biotech,gdsbio.cn,Marker 3,bp,3,2000,75,,7,https://gdsbio.cn/product/product-22457-35844
Dongsheng Biotech,gdsbio.cn,Marker 3,bp,4,1200,150,reference band,7,https://gdsbio.cn/product/product-22457-35844
Dongsheng Biotech,gdsbio.cn,Marker 3,bp,5,800,75,,7,https://gdsbio.cn/product/product-22457-35844
Dongsheng Biotech,gdsbio.cn,Marker 3,bp,6,500,75,,7,https://gdsbio.cn/product/product-22457-35844
Dongsheng Biotech,gdsbio.cn,Marker 3,bp,7,200,75,,7,https://gdsbio.cn/product/product-22457-35844
Dongsheng Biotech,gdsbio.cn,Marker 4,bp,1,15000,50,,6,https://gdsbio.cn/product/product-22457-35839
Dongsheng Biotech,gdsbio.cn,Marker 4,bp,2,8000,50,,6,https://gdsbio.cn/product/product-22457-35839
Dongsheng Biotech,gdsbio.cn,Marker 4,bp,3,5000,50,,6,https://gdsbio.cn/product/product-22457-35839
Dongsheng Biotech,gdsbio.cn,Marker 4,bp,4,2500,125,reference band,6,https://gdsbio.cn/product/product-22457-35839
Dongsheng Biotech,gdsbio.cn,Marker 4,bp,5,1000,50,,6,https://gdsbio.cn/product/product-22457-35839
Dongsheng Biotech,gdsbio.cn,Marker 4,bp,6,500,50,,6,https://gdsbio.cn/product/product-22457-35839
Dongsheng Biotech,gdsbio.cn,Marker 11,bp,1,1500,50,,6,https://gdsbio.cn/product/product-22457-36147
Dongsheng Biotech,gdsbio.cn,Marker 11,bp,2,1000,50,,6,https://gdsbio.cn/product/product-22457-36147
Dongsheng Biotech,gdsbio.cn,Marker 11,bp,3,800,125,reference band,6,https://gdsbio.cn/product/product-22457-36147
Dongsheng Biotech,gdsbio.cn,Marker 11,bp,4,600,50,,6,https://gdsbio.cn/product/product-22457-36147
Dongsheng Biotech,gdsbio.cn,Marker 11,bp,5,400,50,,6,https://gdsbio.cn/product/product-22457-36147
Dongsheng Biotech,gdsbio.cn,Marker 11,bp,6,200,50,,6,https://gdsbio.cn/product/product-22457-36147
Dongsheng Biotech,gdsbio.cn,Marker 12,bp,1,2000,50,,6,https://gdsbio.cn/product/product-22457-35843
Dongsheng Biotech,gdsbio.cn,Marker 12,bp,2,1500,50,,6,https://gdsbio.cn/product/product-22457-35843
Dongsheng Biotech,gdsbio.cn,Marker 12,bp,3,1000,125,reference band,6,https://gdsbio.cn/product/product-22457-35843
Dongsheng Biotech,gdsbio.cn,Marker 12,bp,4,750,50,,6,https://gdsbio.cn/product/product-22457-35843
Dongsheng Biotech,gdsbio.cn,Marker 12,bp,5,400,50,,6,https://gdsbio.cn/product/product-22457-35843
Dongsheng Biotech,gdsbio.cn,Marker 12,bp,6,200,50,,6,https://gdsbio.cn/product/product-22457-35843
DyneBio,dynebio.co.kr,100 bp DNA Ladder,bp,1,2000,40,,12,http://dynebio.co.kr/lifescience/product/view.htm?it_id=1401000013&ca_id=106030
DyneBio,dynebio.co.kr,100 bp DNA Ladder,bp,2,1500,40,,12,http://dynebio.co.kr/lifescience/product/view.htm?it_id=1401000013&ca_id=106030
DyneBio,dynebio.co.kr,100 bp DNA Ladder,bp,3,1000,40,,12,http://dynebio.co.kr/lifescience/product/view.htm?it_id=1401000013&ca_id=106030
DyneBio,dynebio.co.kr,100 bp DNA Ladder,bp,4,900,40,,12,http://dynebio.co.kr/lifescience/product/view.htm?it_id=1401000013&ca_id=106030
DyneBio,dynebio.co.kr,100 bp DNA Ladder,bp,5,800,40,,12,http://dynebio.co.kr/lifescience/product/view.htm?it_id=1401000013&ca_id=106030
DyneBio,dynebio.co.kr,100 bp DNA Ladder,bp,6,700,40,,12,http://dynebio.co.kr/lifescience/product/view.htm?it_id=1401000013&ca_id=106030
DyneBio,dynebio.co.kr,100 bp DNA Ladder,bp,7,600,40,,12,http://dynebio.co.kr/lifescience/product/view.htm?it_id=1401000013&ca_id=106030
DyneBio,dynebio.co.kr,100 bp DNA Ladder,bp,8,500,80,,12,http://dynebio.co.kr/lifescience/product/view.htm?it_id=1401000013&ca_id=106030
DyneBio,dynebio.co.kr,100 bp DNA Ladder,bp,9,400,40,,12,http://dynebio.co.kr/lifescience/product/view.htm?it_id=1401000013&ca_id=106030
DyneBio,dynebio.co.kr,100 bp DNA Ladder,bp,10,300,40,,12,http://dynebio.co.kr/lifescience/product/view.htm?it_id=1401000013&ca_id=106030
DyneBio,dynebio.co.kr,100 bp DNA Ladder,bp,11,200,40,,12,http://dynebio.co.kr/lifescience/product/view.htm?it_id=1401000013&ca_id=106030
DyneBio,dynebio.co.kr,100 bp DNA Ladder,bp,12,100,40,,12,http://dynebio.co.kr/lifescience/product/view.htm?it_id=1401000013&ca_id=106030
DyneBio,dynebio.co.kr,1 kb DNA Ladder,bp,1,10000,40,,11,http://dynebio.co.kr/lifescience/product/view.htm?it_id=1401000015&ca_id=106030
DyneBio,dynebio.co.kr,1 kb DNA Ladder,bp,2,8000,40,,11,http://dynebio.co.kr/lifescience/product/view.htm?it_id=1401000015&ca_id=106030
DyneBio,dynebio.co.kr,1 kb DNA Ladder,bp,3,7000,40,,11,http://dynebio.co.kr/lifescience/product/view.htm?it_id=1401000015&ca_id=106030
DyneBio,dynebio.co.kr,1 kb DNA Ladder,bp,4,6000,40,,11,http://dynebio.co.kr/lifescience/product/view.htm?it_id=1401000015&ca_id=106030
DyneBio,dynebio.co.kr,1 kb DNA Ladder,bp,5,5000,40,,11,http://dynebio.co.kr/lifescience/product/view.htm?it_id=1401000015&ca_id=106030
DyneBio,dynebio.co.kr,1 kb DNA Ladder,bp,6,4000,120,reference band,11,http://dynebio.co.kr/lifescience/product/view.htm?it_id=1401000015&ca_id=106030
DyneBio,dynebio.co.kr,1 kb DNA Ladder,bp,7,3000,40,,11,http://dynebio.co.kr/lifescience/product/view.htm?it_id=1401000015&ca_id=106030
DyneBio,dynebio.co.kr,1 kb DNA Ladder,bp,8,2000,40,,11,http://dynebio.co.kr/lifescience/product/view.htm?it_id=1401000015&ca_id=106030
DyneBio,dynebio.co.kr,1 kb DNA Ladder,bp,9,1500,40,,11,http://dynebio.co.kr/lifescience/product/view.htm?it_id=1401000015&ca_id=106030
DyneBio,dynebio.co.kr,1 kb DNA Ladder,bp,10,1000,40,,11,http://dynebio.co.kr/lifescience/product/view.htm?it_id=1401000015&ca_id=106030
DyneBio,dynebio.co.kr,1 kb DNA Ladder,bp,11,500,40,,11,http://dynebio.co.kr/lifescience/product/view.htm?it_id=1401000015&ca_id=106030
DyneBio,dynebio.co.kr,1 kb DNA Plus Ladder,bp,1,10000,40,,14,http://dynebio.co.kr/lifescience/product/view.htm?it_id=1401000017&ca_id=106030
DyneBio,dynebio.co.kr,1 kb DNA Plus Ladder,bp,2,8000,40,,14,http://dynebio.co.kr/lifescience/product/view.htm?it_id=1401000017&ca_id=106030
DyneBio,dynebio.co.kr,1 kb DNA Plus Ladder,bp,3,6000,40,,14,http://dynebio.co.kr/lifescience/product/view.htm?it_id=1401000017&ca_id=106030
DyneBio,dynebio.co.kr,1 kb DNA Plus Ladder,bp,4,5000,40,,14,http://dynebio.co.kr/lifescience/product/view.htm?it_id=1401000017&ca_id=106030
DyneBio,dynebio.co.kr,1 kb DNA Plus Ladder,bp,5,4000,120,reference band,14,http://dynebio.co.kr/lifescience/product/view.htm?it_id=1401000017&ca_id=106030
DyneBio,dynebio.co.kr,1 kb DNA Plus Ladder,bp,6,3000,40,,14,http://dynebio.co.kr/lifescience/product/view.htm?it_id=1401000017&ca_id=106030
DyneBio,dynebio.co.kr,1 kb DNA Plus Ladder,bp,7,2000,40,,14,http://dynebio.co.kr/lifescience/product/view.htm?it_id=1401000017&ca_id=106030
DyneBio,dynebio.co.kr,1 kb DNA Plus Ladder,bp,8,1500,40,,14,http://dynebio.co.kr/lifescience/product/view.htm?it_id=1401000017&ca_id=106030
DyneBio,dynebio.co.kr,1 kb DNA Plus Ladder,bp,9,1000,40,,14,http://dynebio.co.kr/lifescience/product/view.htm?it_id=1401000017&ca_id=106030
DyneBio,dynebio.co.kr,1 kb DNA Plus Ladder,bp,10,700,40,,14,http://dynebio.co.kr/lifescience/product/view.htm?it_id=1401000017&ca_id=106030
DyneBio,dynebio.co.kr,1 kb DNA Plus Ladder,bp,11,500,120,reference band,14,http://dynebio.co.kr/lifescience/product/view.htm?it_id=1401000017&ca_id=106030
DyneBio,dynebio.co.kr,1 kb DNA Plus Ladder,bp,12,300,40,,14,http://dynebio.co.kr/lifescience/product/view.htm?it_id=1401000017&ca_id=106030
DyneBio,dynebio.co.kr,1 kb DNA Plus Ladder,bp,13,200,40,,14,http://dynebio.co.kr/lifescience/product/view.htm?it_id=1401000017&ca_id=106030
DyneBio,dynebio.co.kr,1 kb DNA Plus Ladder,bp,14,100,40,,14,http://dynebio.co.kr/lifescience/product/view.htm?it_id=1401000017&ca_id=106030
Ecogen,bioline.com,EasyLadder I,bp,1,2000,50,,5,https://www.bioline.com/easyladder-i.html
Ecogen,bioline.com,EasyLadder I,bp,2,1000,50,,5,https://www.bioline.com/easyladder-i.html
Ecogen,bioline.com,EasyLadder I,bp,3,500,50,,5,https://www.bioline.com/easyladder-i.html
Ecogen,bioline.com,EasyLadder I,bp,4,250,50,,5,https://www.bioline.com/easyladder-i.html
Ecogen,bioline.com,EasyLadder I,bp,5,100,50,,5,https://www.bioline.com/easyladder-i.html
Ecogen,bioline.com,HyperLadder I,bp,1,10037,100,,15,https://www.bioline.com/hyperladder-1kb.html
Ecogen,bioline.com,HyperLadder I,bp,2,8000,80,,15,https://www.bioline.com/hyperladder-1kb.html
Ecogen,bioline.com,HyperLadder I,bp,3,6000,60,,15,https://www.bioline.com/hyperladder-1kb.html
Ecogen,bioline.com,HyperLadder I,bp,4,5000,50,,15,https://www.bioline.com/hyperladder-1kb.html
Ecogen,bioline.com,HyperLadder I,bp,5,4000,40,,15,https://www.bioline.com/hyperladder-1kb.html
Ecogen,bioline.com,HyperLadder I,bp,6,3000,30,,15,https://www.bioline.com/hyperladder-1kb.html
Ecogen,bioline.com,HyperLadder I,bp,7,2500,25,,15,https://www.bioline.com/hyperladder-1kb.html
Ecogen,bioline.com,HyperLadder I,bp,8,2000,20,,15,https://www.bioline.com/hyperladder-1kb.html
Ecogen,bioline.com,HyperLadder I,bp,9,1517,15,,15,https://www.bioline.com/hyperladder-1kb.html
Ecogen,bioline.com,HyperLadder I,bp,10,1500,15,,15,https://www.bioline.com/hyperladder-1kb.html
Ecogen,bioline.com,HyperLadder I,bp,11,1000,100,,15,https://www.bioline.com/hyperladder-1kb.html
Ecogen,bioline.com,HyperLadder I,bp,12,800,80,,15,https://www.bioline.com/hyperladder-1kb.html
Ecogen,bioline.com,HyperLadder I,bp,13,600,60,,15,https://www.bioline.com/hyperladder-1kb.html
Ecogen,bioline.com,HyperLadder I,bp,14,400,40,,15,https://www.bioline.com/hyperladder-1kb.html
Ecogen,bioline.com,HyperLadder I,bp,15,200,20,,15,https://www.bioline.com/hyperladder-1kb.html
Ecogen,bioline.com,HyperLadder II,bp,1,2000,50,,15,https://www.bioline.com/hyperladder-50bp.html
Ecogen,bioline.com,HyperLadder II,bp,2,1800,20,,15,https://www.bioline.com/hyperladder-50bp.html
Ecogen,bioline.com,HyperLadder II,bp,3,1600,20,,15,https://www.bioline.com/hyperladder-50bp.html
Ecogen,bioline.com,HyperLadder II,bp,4,1400,20,,15,https://www.bioline.com/hyperladder-50bp.html
Ecogen,bioline.com,HyperLadder II,bp,5,1200,20,,15,https://www.bioline.com/hyperladder-50bp.html
Ecogen,bioline.com,HyperLadder II,bp,6,1000,100,reference band,15,https://www.bioline.com/hyperladder-50bp.html
Ecogen,bioline.com,HyperLadder II,bp,7,800,30,,15,https://www.bioline.com/hyperladder-50bp.html
Ecogen,bioline.com,HyperLadder II,bp,8,700,30,,15,https://www.bioline.com/hyperladder-50bp.html
Ecogen,bioline.com,HyperLadder II,bp,9,600,30,,15,https://www.bioline.com/hyperladder-50bp.html
Ecogen,bioline.com,HyperLadder II,bp,10,500,30,,15,https://www.bioline.com/hyperladder-50bp.html
Ecogen,bioline.com,HyperLadder II,bp,11,400,30,,15,https://www.bioline.com/hyperladder-50bp.html
Ecogen,bioline.com,HyperLadder II,bp,12,300,100,reference band,15,https://www.bioline.com/hyperladder-50bp.html
Ecogen,bioline.com,HyperLadder II,bp,13,200,40,,15,https://www.bioline.com/hyperladder-50bp.html
Ecogen,bioline.com,HyperLadder II,bp,14,100,40,,15,https://www.bioline.com/hyperladder-50bp.html
Ecogen,bioline.com,HyperLadder II,bp,15,50,40,,15,https://www.bioline.com/hyperladder-50bp.html
Ecogen,bioline.com,HyperLadder IV,bp,1,1013,100,,11,https://www.bioline.com/hyperladder-100bp.html
Ecogen,bioline.com,HyperLadder IV,bp,2,900,90,,11,https://www.bioline.com/hyperladder-100bp.html
Ecogen,bioline.com,HyperLadder IV,bp,3,800,80,,11,https://www.bioline.com/hyperladder-100bp.html
Ecogen,bioline.com,HyperLadder IV,bp,4,700,70,,11,https://www.bioline.com/hyperladder-100bp.html
Ecogen,bioline.com,HyperLadder IV,bp,5,600,60,,11,https://www.bioline.com/hyperladder-100bp.html
Ecogen,bioline.com,HyperLadder IV,bp,6,500,50,,11,https://www.bioline.com/hyperladder-100bp.html
Ecogen,bioline.com,HyperLadder IV,bp,7,400,40,,11,https://www.bioline.com/hyperladder-100bp.html
Ecogen,bioline.com,HyperLadder IV,bp,8,311,30,,11,https://www.bioline.com/hyperladder-100bp.html
Ecogen,bioline.com,HyperLadder IV,bp,9,300,30,,11,https://www.bioline.com/hyperladder-100bp.html
Ecogen,bioline.com,HyperLadder IV,bp,10,200,20,,11,https://www.bioline.com/hyperladder-100bp.html
Ecogen,bioline.com,HyperLadder IV,bp,11,100,40,,11,https://www.bioline.com/hyperladder-100bp.html
Ecogen,bioline.com,HyperLadder V,bp,1,500,60,,12,https://www.bioline.com/hyperladder-25bp.html
Ecogen,bioline.com,HyperLadder V,bp,2,400,60,,12,https://www.bioline.com/hyperladder-25bp.html
Ecogen,bioline.com,HyperLadder V,bp,3,300,60,,12,https://www.bioline.com/hyperladder-25bp.html
Ecogen,bioline.com,HyperLadder V,bp,4,250,60,,12,https://www.bioline.com/hyperladder-25bp.html
Ecogen,bioline.com,HyperLadder V,bp,5,200,120,reference band,12,https://www.bioline.com/hyperladder-25bp.html
Ecogen,bioline.com,HyperLadder V,bp,6,175,80,,12,https://www.bioline.com/hyperladder-25bp.html
Ecogen,bioline.com,HyperLadder V,bp,7,150,80,,12,https://www.bioline.com/hyperladder-25bp.html
Ecogen,bioline.com,HyperLadder V,bp,8,125,80,,12,https://www.bioline.com/hyperladder-25bp.html
Ecogen,bioline.com,HyperLadder V,bp,9,100,120,reference band,12,https://www.bioline.com/hyperladder-25bp.html
Ecogen,bioline.com,HyperLadder V,bp,10,75,80,,12,https://www.bioline.com/hyperladder-25bp.html
Ecogen,bioline.com,HyperLadder V,bp,11,50,80,,12,https://www.bioline.com/hyperladder-25bp.html
Ecogen,bioline.com,HyperLadder V,bp,12,25,80,,12,https://www.bioline.com/hyperladder-25bp.html
Eurogentec,secure.eurogentec.com,SmartLadder,bp,1,10000,100,,14,https://secure.eurogentec.com/product/research-smartladder.html
Eurogentec,secure.eurogentec.com,SmartLadder,bp,2,8000,80,,14,https://secure.eurogentec.com/product/research-smartladder.html
Eurogentec,secure.eurogentec.com,SmartLadder,bp,3,6000,60,,14,https://secure.eurogentec.com/product/research-smartladder.html
Eurogentec,secure.eurogentec.com,SmartLadder,bp,4,5000,50,,14,https://secure.eurogentec.com/product/research-smartladder.html
Eurogentec,secure.eurogentec.com,SmartLadder,bp,5,4000,40,,14,https://secure.eurogentec.com/product/research-smartladder.html
Eurogentec,secure.eurogentec.com,SmartLadder,bp,6,3000,30,,14,https://secure.eurogentec.com/product/research-smartladder.html
Eurogentec,secure.eurogentec.com,SmartLadder,bp,7,2500,25,,14,https://secure.eurogentec.com/product/research-smartladder.html
Eurogentec,secure.eurogentec.com,SmartLadder,bp,8,2000,20,,14,https://secure.eurogentec.com/product/research-smartladder.html
Eurogentec,secure.eurogentec.com,SmartLadder,bp,9,1500,15,,14,https://secure.eurogentec.com/product/research-smartladder.html
Eurogentec,secure.eurogentec.com,SmartLadder,bp,10,1000,100,,14,https://secure.eurogentec.com/product/research-smartladder.html
Eurogentec,secure.eurogentec.com,SmartLadder,bp,11,800,80,,14,https://secure.eurogentec.com/product/research-smartladder.html
Eurogentec,secure.eurogentec.com,SmartLadder,bp,12,600,60,,14,https://secure.eurogentec.com/product/research-smartladder.html
Eurogentec,secure.eurogentec.com,SmartLadder,bp,13,400,40,,14,https://secure.eurogentec.com/product/research-smartladder.html
Eurogentec,secure.eurogentec.com,SmartLadder,bp,14,200,20,,14,https://secure.eurogentec.com/product/research-smartladder.html
Eurogentec,secure.eurogentec.com,SmartLadder SF,bp,1,1000,100,,10,https://secure.eurogentec.com/product/research-smartladder-sf.html
Eurogentec,secure.eurogentec.com,SmartLadder SF,bp,2,900,90,,10,https://secure.eurogentec.com/product/research-smartladder-sf.html
Eurogentec,secure.eurogentec.com,SmartLadder SF,bp,3,800,80,,10,https://secure.eurogentec.com/product/research-smartladder-sf.html
Eurogentec,secure.eurogentec.com,SmartLadder SF,bp,4,700,70,,10,https://secure.eurogentec.com/product/research-smartladder-sf.html
Eurogentec,secure.eurogentec.com,SmartLadder SF,bp,5,600,60,,10,https://secure.eurogentec.com/product/research-smartladder-sf.html
Eurogentec,secure.eurogentec.com,SmartLadder SF,bp,6,500,50,,10,https://secure.eurogentec.com/product/research-smartladder-sf.html
Eurogentec,secure.eurogentec.com,SmartLadder SF,bp,7,400,40,,10,https://secure.eurogentec.com/product/research-smartladder-sf.html
Eurogentec,secure.eurogentec.com,SmartLadder SF,bp,8,300,30,,10,https://secure.eurogentec.com/product/research-smartladder-sf.html
Eurogentec,secure.eurogentec.com,SmartLadder SF,bp,9,200,20,,10,https://secure.eurogentec.com/product/research-smartladder-sf.html
Eurogentec,secure.eurogentec.com,SmartLadder SF,bp,10,100,20,,10,https://secure.eurogentec.com/product/research-smartladder-sf.html
EURx,eurx.com.pl,Perfect Plus™ 50-500 bp DNA Ladder,bp,1,500,40,,5,http://www.eurx.com.pl/product/190/zoom/perfect-plus-50-500-bp-dna-ladder.html
EURx,eurx.com.pl,Perfect Plus™ 50-500 bp DNA Ladder,bp,2,400,40,,5,http://www.eurx.com.pl/product/190/zoom/perfect-plus-50-500-bp-dna-ladder.html
EURx,eurx.com.pl,Perfect Plus™ 50-500 bp DNA Ladder,bp,3,250,120,reference band,5,http://www.eurx.com.pl/product/190/zoom/perfect-plus-50-500-bp-dna-ladder.html
EURx,eurx.com.pl,Perfect Plus™ 50-500 bp DNA Ladder,bp,4,100,40,,5,http://www.eurx.com.pl/product/190/zoom/perfect-plus-50-500-bp-dna-ladder.html
EURx,eurx.com.pl,Perfect Plus™ 50-500 bp DNA Ladder,bp,5,50,40,,5,http://www.eurx.com.pl/product/190/zoom/perfect-plus-50-500-bp-dna-ladder.html
EURx,eurx.com.pl,Perfect Plus™ 1 kb DNA Ladder,kb,1,10000,60,,13,http://www.eurx.com.pl/product/137/zoom/perfect-plus-1-kb-dna-ladder.html
EURx,eurx.com.pl,Perfect Plus™ 1 kb DNA Ladder,kb,2,8000,50,,13,http://www.eurx.com.pl/product/137/zoom/perfect-plus-1-kb-dna-ladder.html
EURx,eurx.com.pl,Perfect Plus™ 1 kb DNA Ladder,kb,3,6000,25,,13,http://www.eurx.com.pl/product/137/zoom/perfect-plus-1-kb-dna-ladder.html
EURx,eurx.com.pl,Perfect Plus™ 1 kb DNA Ladder,kb,4,5000,15,,13,http://www.eurx.com.pl/product/137/zoom/perfect-plus-1-kb-dna-ladder.html
EURx,eurx.com.pl,Perfect Plus™ 1 kb DNA Ladder,kb,5,4000,25,,13,http://www.eurx.com.pl/product/137/zoom/perfect-plus-1-kb-dna-ladder.html
EURx,eurx.com.pl,Perfect Plus™ 1 kb DNA Ladder,kb,6,3000,60,reference band,13,http://www.eurx.com.pl/product/137/zoom/perfect-plus-1-kb-dna-ladder.html
EURx,eurx.com.pl,Perfect Plus™ 1 kb DNA Ladder,kb,7,2500,30,,13,http://www.eurx.com.pl/product/137/zoom/perfect-plus-1-kb-dna-ladder.html
EURx,eurx.com.pl,Perfect Plus™ 1 kb DNA Ladder,kb,8,2000,35,,13,http://www.eurx.com.pl/product/137/zoom/perfect-plus-1-kb-dna-ladder.html
EURx,eurx.com.pl,Perfect Plus™ 1 kb DNA Ladder,kb,9,1500,20,,13,http://www.eurx.com.pl/product/137/zoom/perfect-plus-1-kb-dna-ladder.html
EURx,eurx.com.pl,Perfect Plus™ 1 kb DNA Ladder,kb,10,1000,80,reference band,13,http://www.eurx.com.pl/product/137/zoom/perfect-plus-1-kb-dna-ladder.html
EURx,eurx.com.pl,Perfect Plus™ 1 kb DNA Ladder,kb,11,750,45,,13,http://www.eurx.com.pl/product/137/zoom/perfect-plus-1-kb-dna-ladder.html
EURx,eurx.com.pl,Perfect Plus™ 1 kb DNA Ladder,kb,12,500,25,,13,http://www.eurx.com.pl/product/137/zoom/perfect-plus-1-kb-dna-ladder.html
EURx,eurx.com.pl,Perfect Plus™ 1 kb DNA Ladder,kb,13,250,30,,13,http://www.eurx.com.pl/product/137/zoom/perfect-plus-1-kb-dna-ladder.html
EURx,eurx.com.pl,Perfect Plus™ 2 kb DNA Ladder,bp,1,2000,40,,8,http://www.eurx.com.pl/product/199/zoom/perfect-plus-2-kb-dna-ladder.html
EURx,eurx.com.pl,Perfect Plus™ 2 kb DNA Ladder,bp,2,1500,40,,8,http://www.eurx.com.pl/product/199/zoom/perfect-plus-2-kb-dna-ladder.html
EURx,eurx.com.pl,Perfect Plus™ 2 kb DNA Ladder,bp,3,1000,40,,8,http://www.eurx.com.pl/product/199/zoom/perfect-plus-2-kb-dna-ladder.html
EURx,eurx.com.pl,Perfect Plus™ 2 kb DNA Ladder,bp,4,750,40,,8,http://www.eurx.com.pl/product/199/zoom/perfect-plus-2-kb-dna-ladder.html
EURx,eurx.com.pl,Perfect Plus™ 2 kb DNA Ladder,bp,5,500,120,reference band,8,http://www.eurx.com.pl/product/199/zoom/perfect-plus-2-kb-dna-ladder.html
EURx,eurx.com.pl,Perfect Plus™ 2 kb DNA Ladder,bp,6,300,40,,8,http://www.eurx.com.pl/product/199/zoom/perfect-plus-2-kb-dna-ladder.html
EURx,eurx.com.pl,Perfect Plus™ 2 kb DNA Ladder,bp,7,150,40,,8,http://www.eurx.com.pl/product/199/zoom/perfect-plus-2-kb-dna-ladder.html
EURx,eurx.com.pl,Perfect Plus™ 2 kb DNA Ladder,bp,8,50,40,,8,http://www.eurx.com.pl/product/199/zoom/perfect-plus-2-kb-dna-ladder.html
EURx,eurx.com.pl,Perfect Plus™ Quantitative DNA Ladder,bp,1,5000,50,,8,http://www.eurx.com.pl/product/200/zoom/perfect-plus-molecular-weight-quantitative-ladder.html
EURx,eurx.com.pl,Perfect Plus™ Quantitative DNA Ladder,bp,2,2000,50,,8,http://www.eurx.com.pl/product/200/zoom/perfect-plus-molecular-weight-quantitative-ladder.html
EURx,eurx.com.pl,Perfect Plus™ Quantitative DNA Ladder,bp,3,1500,50,,8,http://www.eurx.com.pl/product/200/zoom/perfect-plus-molecular-weight-quantitative-ladder.html
EURx,eurx.com.pl,Perfect Plus™ Quantitative DNA Ladder,bp,4,1000,50,,8,http://www.eurx.com.pl/product/200/zoom/perfect-plus-molecular-weight-quantitative-ladder.html
EURx,eurx.com.pl,Perfect Plus™ Quantitative DNA Ladder,bp,5,750,50,,8,http://www.eurx.com.pl/product/200/zoom/perfect-plus-molecular-weight-quantitative-ladder.html
EURx,eurx.com.pl,Perfect Plus™ Quantitative DNA Ladder,bp,6,500,50,,8,http://www.eurx.com.pl/product/200/zoom/perfect-plus-molecular-weight-quantitative-ladder.html
EURx,eurx.com.pl,Perfect Plus™ Quantitative DNA Ladder,bp,7,250,50,,8,http://www.eurx.com.pl/product/200/zoom/perfect-plus-molecular-weight-quantitative-ladder.html
EURx,eurx.com.pl,Perfect Plus™ Quantitative DNA Ladder,bp,8,100,50,,8,http://www.eurx.com.pl/product/200/zoom/perfect-plus-molecular-weight-quantitative-ladder.html
EURx,eurx.com.pl,Perfect™ 100 bp DNA Ladder,bp,1,2500,25,,13,http://www.eurx.com.pl/product/136/zoom/perfect-100-bp-dna-ladder.html
EURx,eurx.com.pl,Perfect™ 100 bp DNA Ladder,bp,2,2000,20,,13,http://www.eurx.com.pl/product/136/zoom/perfect-100-bp-dna-ladder.html
EURx,eurx.com.pl,Perfect™ 100 bp DNA Ladder,bp,3,1500,15,,13,http://www.eurx.com.pl/product/136/zoom/perfect-100-bp-dna-ladder.html
EURx,eurx.com.pl,Perfect™ 100 bp DNA Ladder,bp,4,1000,70,reference band,13,http://www.eurx.com.pl/product/136/zoom/perfect-100-bp-dna-ladder.html
EURx,eurx.com.pl,Perfect™ 100 bp DNA Ladder,bp,5,900,30,,13,http://www.eurx.com.pl/product/136/zoom/perfect-100-bp-dna-ladder.html
EURx,eurx.com.pl,Perfect™ 100 bp DNA Ladder,bp,6,800,30,,13,http://www.eurx.com.pl/product/136/zoom/perfect-100-bp-dna-ladder.html
EURx,eurx.com.pl,Perfect™ 100 bp DNA Ladder,bp,7,700,30,,13,http://www.eurx.com.pl/product/136/zoom/perfect-100-bp-dna-ladder.html
EURx,eurx.com.pl,Perfect™ 100 bp DNA Ladder,bp,8,600,30,,13,http://www.eurx.com.pl/product/136/zoom/perfect-100-bp-dna-ladder.html
EURx,eurx.com.pl,Perfect™ 100 bp DNA Ladder,bp,9,500,250,reference band,13,http://www.eurx.com.pl/product/136/zoom/perfect-100-bp-dna-ladder.html
EURx,eurx.com.pl,Perfect™ 100 bp DNA Ladder,bp,10,400,30,,13,http://www.eurx.com.pl/product/136/zoom/perfect-100-bp-dna-ladder.html
EURx,eurx.com.pl,Perfect™ 100 bp DNA Ladder,bp,11,300,30,,13,http://www.eurx.com.pl/product/136/zoom/perfect-100-bp-dna-ladder.html
EURx,eurx.com.pl,Perfect™ 100 bp DNA Ladder,bp,12,200,30,,13,http://www.eurx.com.pl/product/136/zoom/perfect-100-bp-dna-ladder.html
EURx,eurx.com.pl,Perfect™ 100 bp DNA Ladder,bp,13,100,30,,13,http://www.eurx.com.pl/product/136/zoom/perfect-100-bp-dna-ladder.html
EURx,eurx.com.pl,Perfect™ 100-1000 bp DNA Ladder,bp,1,1000,40,,10,http://www.eurx.com.pl/product/176/zoom/perfect-100-1000-bp-dna-ladder.html
EURx,eurx.com.pl,Perfect™ 100-1000 bp DNA Ladder,bp,2,900,40,,10,http://www.eurx.com.pl/product/176/zoom/perfect-100-1000-bp-dna-ladder.html
EURx,eurx.com.pl,Perfect™ 100-1000 bp DNA Ladder,bp,3,800,40,,10,http://www.eurx.com.pl/product/176/zoom/perfect-100-1000-bp-dna-ladder.html
EURx,eurx.com.pl,Perfect™ 100-1000 bp DNA Ladder,bp,4,700,40,,10,http://www.eurx.com.pl/product/176/zoom/perfect-100-1000-bp-dna-ladder.html
EURx,eurx.com.pl,Perfect™ 100-1000 bp DNA Ladder,bp,5,600,40,,10,http://www.eurx.com.pl/product/176/zoom/perfect-100-1000-bp-dna-ladder.html
EURx,eurx.com.pl,Perfect™ 100-1000 bp DNA Ladder,bp,6,500,120,reference band,10,http://www.eurx.com.pl/product/176/zoom/perfect-100-1000-bp-dna-ladder.html
EURx,eurx.com.pl,Perfect™ 100-1000 bp DNA Ladder,bp,7,400,40,,10,http://www.eurx.com.pl/product/176/zoom/perfect-100-1000-bp-dna-ladder.html
EURx,eurx.com.pl,Perfect™ 100-1000 bp DNA Ladder,bp,8,300,40,,10,http://www.eurx.com.pl/product/176/zoom/perfect-100-1000-bp-dna-ladder.html
EURx,eurx.com.pl,Perfect™ 100-1000 bp DNA Ladder,bp,9,200,40,,10,http://www.eurx.com.pl/product/176/zoom/perfect-100-1000-bp-dna-ladder.html
EURx,eurx.com.pl,Perfect™ 100-1000 bp DNA Ladder,bp,10,100,40,,10,http://www.eurx.com.pl/product/176/zoom/perfect-100-1000-bp-dna-ladder.html
EURx,eurx.com.pl,Perfect™ 1 kb DNA Ladder,kb,1,10000,40,,11,http://www.eurx.com.pl/product/135/zoom/perfect-1-kb-dna-ladder.html
EURx,eurx.com.pl,Perfect™ 1 kb DNA Ladder,kb,2,8000,40,,11,http://www.eurx.com.pl/product/135/zoom/perfect-1-kb-dna-ladder.html
EURx,eurx.com.pl,Perfect™ 1 kb DNA Ladder,kb,3,6000,40,,11,http://www.eurx.com.pl/product/135/zoom/perfect-1-kb-dna-ladder.html
EURx,eurx.com.pl,Perfect™ 1 kb DNA Ladder,kb,4,5000,40,,11,http://www.eurx.com.pl/product/135/zoom/perfect-1-kb-dna-ladder.html
EURx,eurx.com.pl,Perfect™ 1 kb DNA Ladder,kb,5,4000,40,,11,http://www.eurx.com.pl/product/135/zoom/perfect-1-kb-dna-ladder.html
EURx,eurx.com.pl,Perfect™ 1 kb DNA Ladder,kb,6,3000,40,,11,http://www.eurx.com.pl/product/135/zoom/perfect-1-kb-dna-ladder.html
EURx,eurx.com.pl,Perfect™ 1 kb DNA Ladder,kb,7,2500,40,,11,http://www.eurx.com.pl/product/135/zoom/perfect-1-kb-dna-ladder.html
EURx,eurx.com.pl,Perfect™ 1 kb DNA Ladder,kb,8,2000,40,,11,http://www.eurx.com.pl/product/135/zoom/perfect-1-kb-dna-ladder.html
EURx,eurx.com.pl,Perfect™ 1 kb DNA Ladder,kb,9,1500,40,,11,http://www.eurx.com.pl/product/135/zoom/perfect-1-kb-dna-ladder.html
EURx,eurx.com.pl,Perfect™ 1 kb DNA Ladder,kb,10,1000,120,reference band,11,http://www.eurx.com.pl/product/135/zoom/perfect-1-kb-dna-ladder.html
EURx,eurx.com.pl,Perfect™ 1 kb DNA Ladder,kb,11,500,40,,11,http://www.eurx.com.pl/product/135/zoom/perfect-1-kb-dna-ladder.html
Fisher Scientific,fishersci.com,50 bp Mini Ladder,bp,1,650,93,,14,http://www.fishersci.com/ecomm/servlet/fsproductdetail?position=content&tab=Items&productId=1075632&fromSearch=0&catlogId=29104&storeId=10652&langId=-1
Fisher Scientific,fishersci.com,50 bp Mini Ladder,bp,2,600,66,,14,http://www.fishersci.com/ecomm/servlet/fsproductdetail?position=content&tab=Items&productId=1075632&fromSearch=0&catlogId=29104&storeId=10652&langId=-1
Fisher Scientific,fishersci.com,50 bp Mini Ladder,bp,3,550,54,,14,http://www.fishersci.com/ecomm/servlet/fsproductdetail?position=content&tab=Items&productId=1075632&fromSearch=0&catlogId=29104&storeId=10652&langId=-1
Fisher Scientific,fishersci.com,50 bp Mini Ladder,bp,4,500,44,,14,http://www.fishersci.com/ecomm/servlet/fsproductdetail?position=content&tab=Items&productId=1075632&fromSearch=0&catlogId=29104&storeId=10652&langId=-1
Fisher Scientific,fishersci.com,50 bp Mini Ladder,bp,5,450,54,,14,http://www.fishersci.com/ecomm/servlet/fsproductdetail?position=content&tab=Items&productId=1075632&fromSearch=0&catlogId=29104&storeId=10652&langId=-1
Fisher Scientific,fishersci.com,50 bp Mini Ladder,bp,6,400,129,reference band,14,http://www.fishersci.com/ecomm/servlet/fsproductdetail?position=content&tab=Items&productId=1075632&fromSearch=0&catlogId=29104&storeId=10652&langId=-1
Fisher Scientific,fishersci.com,50 bp Mini Ladder,bp,7,350,42,,14,http://www.fishersci.com/ecomm/servlet/fsproductdetail?position=content&tab=Items&productId=1075632&fromSearch=0&catlogId=29104&storeId=10652&langId=-1
Fisher Scientific,fishersci.com,50 bp Mini Ladder,bp,8,300,39,,14,http://www.fishersci.com/ecomm/servlet/fsproductdetail?position=content&tab=Items&productId=1075632&fromSearch=0&catlogId=29104&storeId=10652&langId=-1
Fisher Scientific,fishersci.com,50 bp Mini Ladder,bp,9,250,23,,14,http://www.fishersci.com/ecomm/servlet/fsproductdetail?position=content&tab=Items&productId=1075632&fromSearch=0&catlogId=29104&storeId=10652&langId=-1
Fisher Scientific,fishersci.com,50 bp Mini Ladder,bp,10,200,83,reference band,14,http://www.fishersci.com/ecomm/servlet/fsproductdetail?position=content&tab=Items&productId=1075632&fromSearch=0&catlogId=29104&storeId=10652&langId=-1
Fisher Scientific,fishersci.com,50 bp Mini Ladder,bp,11,150,48,,14,http://www.fishersci.com/ecomm/servlet/fsproductdetail?position=content&tab=Items&productId=1075632&fromSearch=0&catlogId=29104&storeId=10652&langId=-1
Fisher Scientific,fishersci.com,50 bp Mini Ladder,bp,12,100,30,,14,http://www.fishersci.com/ecomm/servlet/fsproductdetail?position=content&tab=Items&productId=1075632&fromSearch=0&catlogId=29104&storeId=10652&langId=-1
Fisher Scientific,fishersci.com,50 bp Mini Ladder,bp,13,50,24,,14,http://www.fishersci.com/ecomm/servlet/fsproductdetail?position=content&tab=Items&productId=1075632&fromSearch=0&catlogId=29104&storeId=10652&langId=-1
Fisher Scientific,fishersci.com,50 bp Mini Ladder,bp,14,25,23,,14,http://www.fishersci.com/ecomm/servlet/fsproductdetail?position=content&tab=Items&productId=1075632&fromSearch=0&catlogId=29104&storeId=10652&langId=-1
Fisher Scientific,fishersci.com,100 bp DNA Ladder,bp,1,1000,116,,10,http://www.fishersci.com/ecomm/servlet/fsproductdetail?position=content&tab=Items&productId=1075632&fromSearch=0&catlogId=29104&storeId=10652&langId=-1
Fisher Scientific,fishersci.com,100 bp DNA Ladder,bp,2,900,101,,10,http://www.fishersci.com/ecomm/servlet/fsproductdetail?position=content&tab=Items&productId=1075632&fromSearch=0&catlogId=29104&storeId=10652&langId=-1
Fisher Scientific,fishersci.com,100 bp DNA Ladder,bp,3,800,95,,10,http://www.fishersci.com/ecomm/servlet/fsproductdetail?position=content&tab=Items&productId=1075632&fromSearch=0&catlogId=29104&storeId=10652&langId=-1
Fisher Scientific,fishersci.com,100 bp DNA Ladder,bp,4,700,83,,10,http://www.fishersci.com/ecomm/servlet/fsproductdetail?position=content&tab=Items&productId=1075632&fromSearch=0&catlogId=29104&storeId=10652&langId=-1
Fisher Scientific,fishersci.com,100 bp DNA Ladder,bp,5,600,71,,10,http://www.fishersci.com/ecomm/servlet/fsproductdetail?position=content&tab=Items&productId=1075632&fromSearch=0&catlogId=29104&storeId=10652&langId=-1
Fisher Scientific,fishersci.com,100 bp DNA Ladder,bp,6,500,105,reference band,10,http://www.fishersci.com/ecomm/servlet/fsproductdetail?position=content&tab=Items&productId=1075632&fromSearch=0&catlogId=29104&storeId=10652&langId=-1
Fisher Scientific,fishersci.com,100 bp DNA Ladder,bp,7,400,51,,10,http://www.fishersci.com/ecomm/servlet/fsproductdetail?position=content&tab=Items&productId=1075632&fromSearch=0&catlogId=29104&storeId=10652&langId=-1
Fisher Scientific,fishersci.com,100 bp DNA Ladder,bp,8,300,39,,10,http://www.fishersci.com/ecomm/servlet/fsproductdetail?position=content&tab=Items&productId=1075632&fromSearch=0&catlogId=29104&storeId=10652&langId=-1
Fisher Scientific,fishersci.com,100 bp DNA Ladder,bp,9,200,50,,10,http://www.fishersci.com/ecomm/servlet/fsproductdetail?position=content&tab=Items&productId=1075632&fromSearch=0&catlogId=29104&storeId=10652&langId=-1
Fisher Scientific,fishersci.com,100 bp DNA Ladder,bp,10,100,42,,10,http://www.fishersci.com/ecomm/servlet/fsproductdetail?position=content&tab=Items&productId=1075632&fromSearch=0&catlogId=29104&storeId=10652&langId=-1
Fisher Scientific,fishersci.com,100 bp PCR DNA Ladder,bp,1,1000,135,,12,http://www.fishersci.com/ecomm/servlet/fsproductdetail?position=content&tab=Items&productId=1075632&fromSearch=0&catlogId=29104&storeId=10652&langId=-1
Fisher Scientific,fishersci.com,100 bp PCR DNA Ladder,bp,2,900,99,,12,http://www.fishersci.com/ecomm/servlet/fsproductdetail?position=content&tab=Items&productId=1075632&fromSearch=0&catlogId=29104&storeId=10652&langId=-1
Fisher Scientific,fishersci.com,100 bp PCR DNA Ladder,bp,3,800,87,,12,http://www.fishersci.com/ecomm/servlet/fsproductdetail?position=content&tab=Items&productId=1075632&fromSearch=0&catlogId=29104&storeId=10652&langId=-1
Fisher Scientific,fishersci.com,100 bp PCR DNA Ladder,bp,4,700,72,,12,http://www.fishersci.com/ecomm/servlet/fsproductdetail?position=content&tab=Items&productId=1075632&fromSearch=0&catlogId=29104&storeId=10652&langId=-1
Fisher Scientific,fishersci.com,100 bp PCR DNA Ladder,bp,5,600,62,,12,http://www.fishersci.com/ecomm/servlet/fsproductdetail?position=content&tab=Items&productId=1075632&fromSearch=0&catlogId=29104&storeId=10652&langId=-1
Fisher Scientific,fishersci.com,100 bp PCR DNA Ladder,bp,6,500,104,reference band,12,http://www.fishersci.com/ecomm/servlet/fsproductdetail?position=content&tab=Items&productId=1075632&fromSearch=0&catlogId=29104&storeId=10652&langId=-1
Fisher Scientific,fishersci.com,100 bp PCR DNA Ladder,bp,7,400,42,,12,http://www.fishersci.com/ecomm/servlet/fsproductdetail?position=content&tab=Items&productId=1075632&fromSearch=0&catlogId=29104&storeId=10652&langId=-1
Fisher Scientific,fishersci.com,100 bp PCR DNA Ladder,bp,8,300,32,,12,http://www.fishersci.com/ecomm/servlet/fsproductdetail?position=content&tab=Items&productId=1075632&fromSearch=0&catlogId=29104&storeId=10652&langId=-1
Fisher Scientific,fishersci.com,100 bp PCR DNA Ladder,bp,9,200,42,,12,http://www.fishersci.com/ecomm/servlet/fsproductdetail?position=content&tab=Items&productId=1075632&fromSearch=0&catlogId=29104&storeId=10652&langId=-1
Fisher Scientific,fishersci.com,100 bp PCR DNA Ladder,bp,10,100,30,,12,http://www.fishersci.com/ecomm/servlet/fsproductdetail?position=content&tab=Items&productId=1075632&fromSearch=0&catlogId=29104&storeId=10652&langId=-1
Fisher Scientific,fishersci.com,100 bp PCR DNA Ladder,bp,11,50,21,,12,http://www.fishersci.com/ecomm/servlet/fsproductdetail?position=content&tab=Items&productId=1075632&fromSearch=0&catlogId=29104&storeId=10652&langId=-1
Fisher Scientific,fishersci.com,100 bp PCR DNA Ladder,bp,12,25,23,,12,http://www.fishersci.com/ecomm/servlet/fsproductdetail?position=content&tab=Items&productId=1075632&fromSearch=0&catlogId=29104&storeId=10652&langId=-1
Fisher Scientific,fishersci.com,1 kb DNA Ladder,bp,1,10000,116,,13,http://www.fishersci.com/ecomm/servlet/fsproductdetail?position=content&tab=Items&productId=1075632&fromSearch=0&catlogId=29104&storeId=10652&langId=-1
Fisher Scientific,fishersci.com,1 kb DNA Ladder,bp,2,8000,106,,13,http://www.fishersci.com/ecomm/servlet/fsproductdetail?position=content&tab=Items&productId=1075632&fromSearch=0&catlogId=29104&storeId=10652&langId=-1
Fisher Scientific,fishersci.com,1 kb DNA Ladder,bp,3,6000,92,,13,http://www.fishersci.com/ecomm/servlet/fsproductdetail?position=content&tab=Items&productId=1075632&fromSearch=0&catlogId=29104&storeId=10652&langId=-1
Fisher Scientific,fishersci.com,1 kb DNA Ladder,bp,4,5000,134,reference band,13,http://www.fishersci.com/ecomm/servlet/fsproductdetail?position=content&tab=Items&productId=1075632&fromSearch=0&catlogId=29104&storeId=10652&langId=-1
Fisher Scientific,fishersci.com,1 kb DNA Ladder,bp,5,4000,112,,13,http://www.fishersci.com/ecomm/servlet/fsproductdetail?position=content&tab=Items&productId=1075632&fromSearch=0&catlogId=29104&storeId=10652&langId=-1
Fisher Scientific,fishersci.com,1 kb DNA Ladder,bp,6,3000,94,,13,http://www.fishersci.com/ecomm/servlet/fsproductdetail?position=content&tab=Items&productId=1075632&fromSearch=0&catlogId=29104&storeId=10652&langId=-1
Fisher Scientific,fishersci.com,1 kb DNA Ladder,bp,7,2500,82,,13,http://www.fishersci.com/ecomm/servlet/fsproductdetail?position=content&tab=Items&productId=1075632&fromSearch=0&catlogId=29104&storeId=10652&langId=-1
Fisher Scientific,fishersci.com,1 kb DNA Ladder,bp,8,2000,68,,13,http://www.fishersci.com/ecomm/servlet/fsproductdetail?position=content&tab=Items&productId=1075632&fromSearch=0&catlogId=29104&storeId=10652&langId=-1
Fisher Scientific,fishersci.com,1 kb DNA Ladder,bp,9,1500,58,,13,http://www.fishersci.com/ecomm/servlet/fsproductdetail?position=content&tab=Items&productId=1075632&fromSearch=0&catlogId=29104&storeId=10652&langId=-1
Fisher Scientific,fishersci.com,1 kb DNA Ladder,bp,10,1000,36,,13,http://www.fishersci.com/ecomm/servlet/fsproductdetail?position=content&tab=Items&productId=1075632&fromSearch=0&catlogId=29104&storeId=10652&langId=-1
Fisher Scientific,fishersci.com,1 kb DNA Ladder,bp,11,700,26,,13,http://www.fishersci.com/ecomm/servlet/fsproductdetail?position=content&tab=Items&productId=1075632&fromSearch=0&catlogId=29104&storeId=10652&langId=-1
Fisher Scientific,fishersci.com,1 kb DNA Ladder,bp,12,500,46,,13,http://www.fishersci.com/ecomm/servlet/fsproductdetail?position=content&tab=Items&productId=1075632&fromSearch=0&catlogId=29104&storeId=10652&langId=-1
Fisher Scientific,fishersci.com,1 kb DNA Ladder,bp,13,300,28,,13,http://www.fishersci.com/ecomm/servlet/fsproductdetail?position=content&tab=Items&productId=1075632&fromSearch=0&catlogId=29104&storeId=10652&langId=-1
Fisher Scientific,fishersci.com,1 kb Plus DNA Ladder,bp,1,10000,86,,19,http://www.fishersci.com/ecomm/servlet/fsproductdetail?position=content&tab=Items&productId=1075632&fromSearch=0&catlogId=29104&storeId=10652&langId=-1
Fisher Scientific,fishersci.com,1 kb Plus DNA Ladder,bp,2,8000,62,,19,http://www.fishersci.com/ecomm/servlet/fsproductdetail?position=content&tab=Items&productId=1075632&fromSearch=0&catlogId=29104&storeId=10652&langId=-1
Fisher Scientific,fishersci.com,1 kb Plus DNA Ladder,bp,3,6000,56,,19,http://www.fishersci.com/ecomm/servlet/fsproductdetail?position=content&tab=Items&productId=1075632&fromSearch=0&catlogId=29104&storeId=10652&langId=-1
Fisher Scientific,fishersci.com,1 kb Plus DNA Ladder,bp,4,5000,82,reference band,19,http://www.fishersci.com/ecomm/servlet/fsproductdetail?position=content&tab=Items&productId=1075632&fromSearch=0&catlogId=29104&storeId=10652&langId=-1
Fisher Scientific,fishersci.com,1 kb Plus DNA Ladder,bp,5,4000,72,,19,http://www.fishersci.com/ecomm/servlet/fsproductdetail?position=content&tab=Items&productId=1075632&fromSearch=0&catlogId=29104&storeId=10652&langId=-1
Fisher Scientific,fishersci.com,1 kb Plus DNA Ladder,bp,6,3000,62,,19,http://www.fishersci.com/ecomm/servlet/fsproductdetail?position=content&tab=Items&productId=1075632&fromSearch=0&catlogId=29104&storeId=10652&langId=-1
Fisher Scientific,fishersci.com,1 kb Plus DNA Ladder,bp,7,2500,52,,19,http://www.fishersci.com/ecomm/servlet/fsproductdetail?position=content&tab=Items&productId=1075632&fromSearch=0&catlogId=29104&storeId=10652&langId=-1
Fisher Scientific,fishersci.com,1 kb Plus DNA Ladder,bp,8,2000,46,,19,http://www.fishersci.com/ecomm/servlet/fsproductdetail?position=content&tab=Items&productId=1075632&fromSearch=0&catlogId=29104&storeId=10652&langId=-1
Fisher Scientific,fishersci.com,1 kb Plus DNA Ladder,bp,9,1500,44,,19,http://www.fishersci.com/ecomm/servlet/fsproductdetail?position=content&tab=Items&productId=1075632&fromSearch=0&catlogId=29104&storeId=10652&langId=-1
Fisher Scientific,fishersci.com,1 kb Plus DNA Ladder,bp,10,1000,70,reference band,19,http://www.fishersci.com/ecomm/servlet/fsproductdetail?position=content&tab=Items&productId=1075632&fromSearch=0&catlogId=29104&storeId=10652&langId=-1
Fisher Scientific,fishersci.com,1 kb Plus DNA Ladder,bp,11,900,52,,19,http://www.fishersci.com/ecomm/servlet/fsproductdetail?position=content&tab=Items&productId=1075632&fromSearch=0&catlogId=29104&storeId=10652&langId=-1
Fisher Scientific,fishersci.com,1 kb Plus DNA Ladder,bp,12,800,50,,19,http://www.fishersci.com/ecomm/servlet/fsproductdetail?position=content&tab=Items&productId=1075632&fromSearch=0&catlogId=29104&storeId=10652&langId=-1
Fisher Scientific,fishersci.com,1 kb Plus DNA Ladder,bp,13,700,62,,19,http://www.fishersci.com/ecomm/servlet/fsproductdetail?position=content&tab=Items&productId=1075632&fromSearch=0&catlogId=29104&storeId=10652&langId=-1
Fisher Scientific,fishersci.com,1 kb Plus DNA Ladder,bp,14,600,36,,19,http://www.fishersci.com/ecomm/servlet/fsproductdetail?position=content&tab=Items&productId=1075632&fromSearch=0&catlogId=29104&storeId=10652&langId=-1
Fisher Scientific,fishersci.com,1 kb Plus DNA Ladder,bp,15,500,70,reference band,19,http://www.fishersci.com/ecomm/servlet/fsproductdetail?position=content&tab=Items&productId=1075632&fromSearch=0&catlogId=29104&storeId=10652&langId=-1
Fisher Scientific,fishersci.com,1 kb Plus DNA Ladder,bp,16,400,24,,19,http://www.fishersci.com/ecomm/servlet/fsproductdetail?position=content&tab=Items&productId=1075632&fromSearch=0&catlogId=29104&storeId=10652&langId=-1
Fisher Scientific,fishersci.com,1 kb Plus DNA Ladder,bp,17,300,34,,19,http://www.fishersci.com/ecomm/servlet/fsproductdetail?position=content&tab=Items&productId=1075632&fromSearch=0&catlogId=29104&storeId=10652&langId=-1
Fisher Scientific,fishersci.com,1 kb Plus DNA Ladder,bp,18,200,24,,19,http://www.fishersci.com/ecomm/servlet/fsproductdetail?position=content&tab=Items&productId=1075632&fromSearch=0&catlogId=29104&storeId=10652&langId=-1
Fisher Scientific,fishersci.com,1 kb Plus DNA Ladder,bp,19,100,14,,19,http://www.fishersci.com/ecomm/servlet/fsproductdetail?position=content&tab=Items&productId=1075632&fromSearch=0&catlogId=29104&storeId=10652&langId=-1
Fisher Scientific,fishersci.com,2 kb DNA Ladder,bp,1,2000,105,,8,http://www.fishersci.com/ecomm/servlet/fsproductdetail?position=content&tab=Items&productId=1075632&fromSearch=0&catlogId=29104&storeId=10652&langId=-1
Fisher Scientific,fishersci.com,2 kb DNA Ladder,bp,2,1500,87,,8,http://www.fishersci.com/ecomm/servlet/fsproductdetail?position=content&tab=Items&productId=1075632&fromSearch=0&catlogId=29104&storeId=10652&langId=-1
Fisher Scientific,fishersci.com,2 kb DNA Ladder,bp,3,1000,68,,8,http://www.fishersci.com/ecomm/servlet/fsproductdetail?position=content&tab=Items&productId=1075632&fromSearch=0&catlogId=29104&storeId=10652&langId=-1
Fisher Scientific,fishersci.com,2 kb DNA Ladder,bp,4,750,59,,8,http://www.fishersci.com/ecomm/servlet/fsproductdetail?position=content&tab=Items&productId=1075632&fromSearch=0&catlogId=29104&storeId=10652&langId=-1
Fisher Scientific,fishersci.com,2 kb DNA Ladder,bp,5,500,94,reference band,8,http://www.fishersci.com/ecomm/servlet/fsproductdetail?position=content&tab=Items&productId=1075632&fromSearch=0&catlogId=29104&storeId=10652&langId=-1
Fisher Scientific,fishersci.com,2 kb DNA Ladder,bp,6,300,27,,8,http://www.fishersci.com/ecomm/servlet/fsproductdetail?position=content&tab=Items&productId=1075632&fromSearch=0&catlogId=29104&storeId=10652&langId=-1
Fisher Scientific,fishersci.com,2 kb DNA Ladder,bp,7,150,34,,8,http://www.fishersci.com/ecomm/servlet/fsproductdetail?position=content&tab=Items&productId=1075632&fromSearch=0&catlogId=29104&storeId=10652&langId=-1
Fisher Scientific,fishersci.com,2 kb DNA Ladder,bp,8,50,25,,8,http://www.fishersci.com/ecomm/servlet/fsproductdetail?position=content&tab=Items&productId=1075632&fromSearch=0&catlogId=29104&storeId=10652&langId=-1
Fisher Scientific,fishersci.com,24 kb Max DNA Ladder,bp,1,24000,56,,15,http://www.fishersci.com/ecomm/servlet/fsproductdetail?position=content&tab=Items&productId=1075632&fromSearch=0&catlogId=29104&storeId=10652&langId=-1
Fisher Scientific,fishersci.com,24 kb Max DNA Ladder,bp,2,14000,56,,15,http://www.fishersci.com/ecomm/servlet/fsproductdetail?position=content&tab=Items&productId=1075632&fromSearch=0&catlogId=29104&storeId=10652&langId=-1
Fisher Scientific,fishersci.com,24 kb Max DNA Ladder,bp,3,10000,118,reference band,15,http://www.fishersci.com/ecomm/servlet/fsproductdetail?position=content&tab=Items&productId=1075632&fromSearch=0&catlogId=29104&storeId=10652&langId=-1
Fisher Scientific,fishersci.com,24 kb Max DNA Ladder,bp,4,8000,86,,15,http://www.fishersci.com/ecomm/servlet/fsproductdetail?position=content&tab=Items&productId=1075632&fromSearch=0&catlogId=29104&storeId=10652&langId=-1
Fisher Scientific,fishersci.com,24 kb Max DNA Ladder,bp,5,6000,74,,15,http://www.fishersci.com/ecomm/servlet/fsproductdetail?position=content&tab=Items&productId=1075632&fromSearch=0&catlogId=29104&storeId=10652&langId=-1
Fisher Scientific,fishersci.com,24 kb Max DNA Ladder,bp,6,5000,112,reference band,15,http://www.fishersci.com/ecomm/servlet/fsproductdetail?position=content&tab=Items&productId=1075632&fromSearch=0&catlogId=29104&storeId=10652&langId=-1
Fisher Scientific,fishersci.com,24 kb Max DNA Ladder,bp,7,4000,96,,15,http://www.fishersci.com/ecomm/servlet/fsproductdetail?position=content&tab=Items&productId=1075632&fromSearch=0&catlogId=29104&storeId=10652&langId=-1
Fisher Scientific,fishersci.com,24 kb Max DNA Ladder,bp,8,3000,80,,15,http://www.fishersci.com/ecomm/servlet/fsproductdetail?position=content&tab=Items&productId=1075632&fromSearch=0&catlogId=29104&storeId=10652&langId=-1
Fisher Scientific,fishersci.com,24 kb Max DNA Ladder,bp,9,2500,68,,15,http://www.fishersci.com/ecomm/servlet/fsproductdetail?position=content&tab=Items&productId=1075632&fromSearch=0&catlogId=29104&storeId=10652&langId=-1
Fisher Scientific,fishersci.com,24 kb Max DNA Ladder,bp,10,2000,62,,15,http://www.fishersci.com/ecomm/servlet/fsproductdetail?position=content&tab=Items&productId=1075632&fromSearch=0&catlogId=29104&storeId=10652&langId=-1
Fisher Scientific,fishersci.com,24 kb Max DNA Ladder,bp,11,1500,68,,15,http://www.fishersci.com/ecomm/servlet/fsproductdetail?position=content&tab=Items&productId=1075632&fromSearch=0&catlogId=29104&storeId=10652&langId=-1
Fisher Scientific,fishersci.com,24 kb Max DNA Ladder,bp,12,1000,18,,15,http://www.fishersci.com/ecomm/servlet/fsproductdetail?position=content&tab=Items&productId=1075632&fromSearch=0&catlogId=29104&storeId=10652&langId=-1
Fisher Scientific,fishersci.com,24 kb Max DNA Ladder,bp,13,700,40,,15,http://www.fishersci.com/ecomm/servlet/fsproductdetail?position=content&tab=Items&productId=1075632&fromSearch=0&catlogId=29104&storeId=10652&langId=-1
Fisher Scientific,fishersci.com,24 kb Max DNA Ladder,bp,14,500,38,,15,http://www.fishersci.com/ecomm/servlet/fsproductdetail?position=content&tab=Items&productId=1075632&fromSearch=0&catlogId=29104&storeId=10652&langId=-1
Fisher Scientific,fishersci.com,24 kb Max DNA Ladder,bp,15,300,28,,15,http://www.fishersci.com/ecomm/servlet/fsproductdetail?position=content&tab=Items&productId=1075632&fromSearch=0&catlogId=29104&storeId=10652&langId=-1
Fisher Scientific,fishersci.com,Cloning DNA Ladder,bp,1,2686,108,,14,http://www.fishersci.com/ecomm/servlet/fsproductdetail?position=content&tab=Items&productId=1075632&fromSearch=0&catlogId=29104&storeId=10652&langId=-1
Fisher Scientific,fishersci.com,Cloning DNA Ladder,bp,2,2000,83,,14,http://www.fishersci.com/ecomm/servlet/fsproductdetail?position=content&tab=Items&productId=1075632&fromSearch=0&catlogId=29104&storeId=10652&langId=-1
Fisher Scientific,fishersci.com,Cloning DNA Ladder,bp,3,1500,60,,14,http://www.fishersci.com/ecomm/servlet/fsproductdetail?position=content&tab=Items&productId=1075632&fromSearch=0&catlogId=29104&storeId=10652&langId=-1
Fisher Scientific,fishersci.com,Cloning DNA Ladder,bp,4,1200,68,,14,http://www.fishersci.com/ecomm/servlet/fsproductdetail?position=content&tab=Items&productId=1075632&fromSearch=0&catlogId=29104&storeId=10652&langId=-1
Fisher Scientific,fishersci.com,Cloning DNA Ladder,bp,5,1000,87,reference band,14,http://www.fishersci.com/ecomm/servlet/fsproductdetail?position=content&tab=Items&productId=1075632&fromSearch=0&catlogId=29104&storeId=10652&langId=-1
Fisher Scientific,fishersci.com,Cloning DNA Ladder,bp,6,900,44,,14,http://www.fishersci.com/ecomm/servlet/fsproductdetail?position=content&tab=Items&productId=1075632&fromSearch=0&catlogId=29104&storeId=10652&langId=-1
Fisher Scientific,fishersci.com,Cloning DNA Ladder,bp,7,800,42,,14,http://www.fishersci.com/ecomm/servlet/fsproductdetail?position=content&tab=Items&productId=1075632&fromSearch=0&catlogId=29104&storeId=10652&langId=-1
Fisher Scientific,fishersci.com,Cloning DNA Ladder,bp,8,700,41,,14,http://www.fishersci.com/ecomm/servlet/fsproductdetail?position=content&tab=Items&productId=1075632&fromSearch=0&catlogId=29104&storeId=10652&langId=-1
Fisher Scientific,fishersci.com,Cloning DNA Ladder,bp,9,600,39,,14,http://www.fishersci.com/ecomm/servlet/fsproductdetail?position=content&tab=Items&productId=1075632&fromSearch=0&catlogId=29104&storeId=10652&langId=-1
Fisher Scientific,fishersci.com,Cloning DNA Ladder,bp,10,500,75,reference band,14,http://www.fishersci.com/ecomm/servlet/fsproductdetail?position=content&tab=Items&productId=1075632&fromSearch=0&catlogId=29104&storeId=10652&langId=-1
Fisher Scientific,fishersci.com,Cloning DNA Ladder,bp,11,400,27,,14,http://www.fishersci.com/ecomm/servlet/fsproductdetail?position=content&tab=Items&productId=1075632&fromSearch=0&catlogId=29104&storeId=10652&langId=-1
Fisher Scientific,fishersci.com,Cloning DNA Ladder,bp,12,300,32,,14,http://www.fishersci.com/ecomm/servlet/fsproductdetail?position=content&tab=Items&productId=1075632&fromSearch=0&catlogId=29104&storeId=10652&langId=-1
Fisher Scientific,fishersci.com,Cloning DNA Ladder,bp,13,200,26,,14,http://www.fishersci.com/ecomm/servlet/fsproductdetail?position=content&tab=Items&productId=1075632&fromSearch=0&catlogId=29104&storeId=10652&langId=-1
Fisher Scientific,fishersci.com,Cloning DNA Ladder,bp,14,100,24,,14,http://www.fishersci.com/ecomm/servlet/fsproductdetail?position=content&tab=Items&productId=1075632&fromSearch=0&catlogId=29104&storeId=10652&langId=-1
Fisher Scientific,fishersci.com,Low Range DNA Ladder,bp,1,2000,105,,8,https://www.fishersci.com/shop/products/fisher-bioreagents-i-ex-i-actg-i-ene-i-dna-ladders-11/p-2654524#tab1
Fisher Scientific,fishersci.com,Low Range DNA Ladder,bp,2,1500,87,,8,https://www.fishersci.com/shop/products/fisher-bioreagents-i-ex-i-actg-i-ene-i-dna-ladders-11/p-2654524#tab1
Fisher Scientific,fishersci.com,Low Range DNA Ladder,bp,3,1000,68,,8,https://www.fishersci.com/shop/products/fisher-bioreagents-i-ex-i-actg-i-ene-i-dna-ladders-11/p-2654524#tab1
Fisher Scientific,fishersci.com,Low Range DNA Ladder,bp,4,750,59,,8,https://www.fishersci.com/shop/products/fisher-bioreagents-i-ex-i-actg-i-ene-i-dna-ladders-11/p-2654524#tab1
Fisher Scientific,fishersci.com,Low Range DNA Ladder,bp,5,500,94,reference band,8,https://www.fishersci.com/shop/products/fisher-bioreagents-i-ex-i-actg-i-ene-i-dna-ladders-11/p-2654524#tab1
Fisher Scientific,fishersci.com,Low Range DNA Ladder,bp,6,300,27,,8,https://www.fishersci.com/shop/products/fisher-bioreagents-i-ex-i-actg-i-ene-i-dna-ladders-11/p-2654524#tab1
Fisher Scientific,fishersci.com,Low Range DNA Ladder,bp,7,150,34,,8,https://www.fishersci.com/shop/products/fisher-bioreagents-i-ex-i-actg-i-ene-i-dna-ladders-11/p-2654524#tab1
Fisher Scientific,fishersci.com,Low Range DNA Ladder,bp,8,50,25,,8,https://www.fishersci.com/shop/products/fisher-bioreagents-i-ex-i-actg-i-ene-i-dna-ladders-11/p-2654524#tab1
Fisher Scientific,fishersci.com,Low Range Plus DNA Ladder,bp,1,2000,129,,11,http://www.fishersci.com/ecomm/servlet/fsproductdetail?position=content&tab=Items&productId=1075632&fromSearch=0&catlogId=29104&storeId=10652&langId=-1
Fisher Scientific,fishersci.com,Low Range Plus DNA Ladder,bp,2,1500,123,,11,http://www.fishersci.com/ecomm/servlet/fsproductdetail?position=content&tab=Items&productId=1075632&fromSearch=0&catlogId=29104&storeId=10652&langId=-1
Fisher Scientific,fishersci.com,Low Range Plus DNA Ladder,bp,3,1000,86,,11,http://www.fishersci.com/ecomm/servlet/fsproductdetail?position=content&tab=Items&productId=1075632&fromSearch=0&catlogId=29104&storeId=10652&langId=-1
Fisher Scientific,fishersci.com,Low Range Plus DNA Ladder,bp,4,800,78,,11,http://www.fishersci.com/ecomm/servlet/fsproductdetail?position=content&tab=Items&productId=1075632&fromSearch=0&catlogId=29104&storeId=10652&langId=-1
Fisher Scientific,fishersci.com,Low Range Plus DNA Ladder,bp,5,700,62,,11,http://www.fishersci.com/ecomm/servlet/fsproductdetail?position=content&tab=Items&productId=1075632&fromSearch=0&catlogId=29104&storeId=10652&langId=-1
Fisher Scientific,fishersci.com,Low Range Plus DNA Ladder,bp,6,600,54,,11,http://www.fishersci.com/ecomm/servlet/fsproductdetail?position=content&tab=Items&productId=1075632&fromSearch=0&catlogId=29104&storeId=10652&langId=-1
Fisher Scientific,fishersci.com,Low Range Plus DNA Ladder,bp,7,500,78,reference band,11,http://www.fishersci.com/ecomm/servlet/fsproductdetail?position=content&tab=Items&productId=1075632&fromSearch=0&catlogId=29104&storeId=10652&langId=-1
Fisher Scientific,fishersci.com,Low Range Plus DNA Ladder,bp,8,400,36,,11,http://www.fishersci.com/ecomm/servlet/fsproductdetail?position=content&tab=Items&productId=1075632&fromSearch=0&catlogId=29104&storeId=10652&langId=-1
Fisher Scientific,fishersci.com,Low Range Plus DNA Ladder,bp,9,300,29,,11,http://www.fishersci.com/ecomm/servlet/fsproductdetail?position=content&tab=Items&productId=1075632&fromSearch=0&catlogId=29104&storeId=10652&langId=-1
Fisher Scientific,fishersci.com,Low Range Plus DNA Ladder,bp,10,200,33,,11,http://www.fishersci.com/ecomm/servlet/fsproductdetail?position=content&tab=Items&productId=1075632&fromSearch=0&catlogId=29104&storeId=10652&langId=-1
Fisher Scientific,fishersci.com,Low Range Plus DNA Ladder,bp,11,100,41,,11,http://www.fishersci.com/ecomm/servlet/fsproductdetail?position=content&tab=Items&productId=1075632&fromSearch=0&catlogId=29104&storeId=10652&langId=-1
Fisher Scientific,fishersci.com,Mid Range DNA Ladder,bp,1,5000,138,,10,http://www.fishersci.com/ecomm/servlet/fsproductdetail?position=content&tab=Items&productId=1075632&fromSearch=0&catlogId=29104&storeId=10652&langId=-1
Fisher Scientific,fishersci.com,Mid Range DNA Ladder,bp,2,4000,120,,10,http://www.fishersci.com/ecomm/servlet/fsproductdetail?position=content&tab=Items&productId=1075632&fromSearch=0&catlogId=29104&storeId=10652&langId=-1
Fisher Scientific,fishersci.com,Mid Range DNA Ladder,bp,3,3000,98,,10,http://www.fishersci.com/ecomm/servlet/fsproductdetail?position=content&tab=Items&productId=1075632&fromSearch=0&catlogId=29104&storeId=10652&langId=-1
Fisher Scientific,fishersci.com,Mid Range DNA Ladder,bp,4,2500,81,,10,http://www.fishersci.com/ecomm/servlet/fsproductdetail?position=content&tab=Items&productId=1075632&fromSearch=0&catlogId=29104&storeId=10652&langId=-1
Fisher Scientific,fishersci.com,Mid Range DNA Ladder,bp,5,2000,71,,10,http://www.fishersci.com/ecomm/servlet/fsproductdetail?position=content&tab=Items&productId=1075632&fromSearch=0&catlogId=29104&storeId=10652&langId=-1
Fisher Scientific,fishersci.com,Mid Range DNA Ladder,bp,6,1500,66,,10,http://www.fishersci.com/ecomm/servlet/fsproductdetail?position=content&tab=Items&productId=1075632&fromSearch=0&catlogId=29104&storeId=10652&langId=-1
Fisher Scientific,fishersci.com,Mid Range DNA Ladder,bp,7,1000,33,,10,http://www.fishersci.com/ecomm/servlet/fsproductdetail?position=content&tab=Items&productId=1075632&fromSearch=0&catlogId=29104&storeId=10652&langId=-1
Fisher Scientific,fishersci.com,Mid Range DNA Ladder,bp,8,700,48,,10,http://www.fishersci.com/ecomm/servlet/fsproductdetail?position=content&tab=Items&productId=1075632&fromSearch=0&catlogId=29104&storeId=10652&langId=-1
Fisher Scientific,fishersci.com,Mid Range DNA Ladder,bp,9,500,53,,10,http://www.fishersci.com/ecomm/servlet/fsproductdetail?position=content&tab=Items&productId=1075632&fromSearch=0&catlogId=29104&storeId=10652&langId=-1
Fisher Scientific,fishersci.com,Mid Range DNA Ladder,bp,10,300,36,,10,http://www.fishersci.com/ecomm/servlet/fsproductdetail?position=content&tab=Items&productId=1075632&fromSearch=0&catlogId=29104&storeId=10652&langId=-1
Fisher Scientific,fishersci.com,Mid Range Plus DNA Ladder,bp,1,5000,104,,16,http://www.fishersci.com/ecomm/servlet/fsproductdetail?position=content&tab=Items&productId=1075632&fromSearch=0&catlogId=29104&storeId=10652&langId=-1
Fisher Scientific,fishersci.com,Mid Range Plus DNA Ladder,bp,2,4000,86,,16,http://www.fishersci.com/ecomm/servlet/fsproductdetail?position=content&tab=Items&productId=1075632&fromSearch=0&catlogId=29104&storeId=10652&langId=-1
Fisher Scientific,fishersci.com,Mid Range Plus DNA Ladder,bp,3,3000,70,,16,http://www.fishersci.com/ecomm/servlet/fsproductdetail?position=content&tab=Items&productId=1075632&fromSearch=0&catlogId=29104&storeId=10652&langId=-1
Fisher Scientific,fishersci.com,Mid Range Plus DNA Ladder,bp,4,2500,56,,16,http://www.fishersci.com/ecomm/servlet/fsproductdetail?position=content&tab=Items&productId=1075632&fromSearch=0&catlogId=29104&storeId=10652&langId=-1
Fisher Scientific,fishersci.com,Mid Range Plus DNA Ladder,bp,5,2000,48,,16,http://www.fishersci.com/ecomm/servlet/fsproductdetail?position=content&tab=Items&productId=1075632&fromSearch=0&catlogId=29104&storeId=10652&langId=-1
Fisher Scientific,fishersci.com,Mid Range Plus DNA Ladder,bp,6,1500,48,,16,http://www.fishersci.com/ecomm/servlet/fsproductdetail?position=content&tab=Items&productId=1075632&fromSearch=0&catlogId=29104&storeId=10652&langId=-1
Fisher Scientific,fishersci.com,Mid Range Plus DNA Ladder,bp,7,1000,90,reference band,16,http://www.fishersci.com/ecomm/servlet/fsproductdetail?position=content&tab=Items&productId=1075632&fromSearch=0&catlogId=29104&storeId=10652&langId=-1
Fisher Scientific,fishersci.com,Mid Range Plus DNA Ladder,bp,8,900,74,,16,http://www.fishersci.com/ecomm/servlet/fsproductdetail?position=content&tab=Items&productId=1075632&fromSearch=0&catlogId=29104&storeId=10652&langId=-1
Fisher Scientific,fishersci.com,Mid Range Plus DNA Ladder,bp,9,800,70,,16,http://www.fishersci.com/ecomm/servlet/fsproductdetail?position=content&tab=Items&productId=1075632&fromSearch=0&catlogId=29104&storeId=10652&langId=-1
Fisher Scientific,fishersci.com,Mid Range Plus DNA Ladder,bp,10,700,82,,16,http://www.fishersci.com/ecomm/servlet/fsproductdetail?position=content&tab=Items&productId=1075632&fromSearch=0&catlogId=29104&storeId=10652&langId=-1
Fisher Scientific,fishersci.com,Mid Range Plus DNA Ladder,bp,11,600,54,,16,http://www.fishersci.com/ecomm/servlet/fsproductdetail?position=content&tab=Items&productId=1075632&fromSearch=0&catlogId=29104&storeId=10652&langId=-1
Fisher Scientific,fishersci.com,Mid Range Plus DNA Ladder,bp,12,500,94,reference band,16,http://www.fishersci.com/ecomm/servlet/fsproductdetail?position=content&tab=Items&productId=1075632&fromSearch=0&catlogId=29104&storeId=10652&langId=-1
Fisher Scientific,fishersci.com,Mid Range Plus DNA Ladder,bp,13,400,34,,16,http://www.fishersci.com/ecomm/servlet/fsproductdetail?position=content&tab=Items&productId=1075632&fromSearch=0&catlogId=29104&storeId=10652&langId=-1
Fisher Scientific,fishersci.com,Mid Range Plus DNA Ladder,bp,14,300,40,,16,http://www.fishersci.com/ecomm/servlet/fsproductdetail?position=content&tab=Items&productId=1075632&fromSearch=0&catlogId=29104&storeId=10652&langId=-1
Fisher Scientific,fishersci.com,Mid Range Plus DNA Ladder,bp,15,200,28,,16,http://www.fishersci.com/ecomm/servlet/fsproductdetail?position=content&tab=Items&productId=1075632&fromSearch=0&catlogId=29104&storeId=10652&langId=-1
Fisher Scientific,fishersci.com,Mid Range Plus DNA Ladder,bp,16,100,20,,16,http://www.fishersci.com/ecomm/servlet/fsproductdetail?position=content&tab=Items&productId=1075632&fromSearch=0&catlogId=29104&storeId=10652&langId=-1
FroggaBio,froggabio.com,100 bp DNA Ladder H3,bp,1,3000,40,,12,https://www.froggabio.com/100-bp-dna-ladder-h3.html
FroggaBio,froggabio.com,100 bp DNA Ladder H3,bp,2,1500,70,reference band,12,https://www.froggabio.com/100-bp-dna-ladder-h3.html
FroggaBio,froggabio.com,100 bp DNA Ladder H3,bp,3,1000,50,,12,https://www.froggabio.com/100-bp-dna-ladder-h3.html
FroggaBio,froggabio.com,100 bp DNA Ladder H3,bp,4,900,40,,12,https://www.froggabio.com/100-bp-dna-ladder-h3.html
FroggaBio,froggabio.com,100 bp DNA Ladder H3,bp,5,800,40,,12,https://www.froggabio.com/100-bp-dna-ladder-h3.html
FroggaBio,froggabio.com,100 bp DNA Ladder H3,bp,6,700,30,,12,https://www.froggabio.com/100-bp-dna-ladder-h3.html
FroggaBio,froggabio.com,100 bp DNA Ladder H3,bp,7,600,30,,12,https://www.froggabio.com/100-bp-dna-ladder-h3.html
FroggaBio,froggabio.com,100 bp DNA Ladder H3,bp,8,500,90,reference band,12,https://www.froggabio.com/100-bp-dna-ladder-h3.html
FroggaBio,froggabio.com,100 bp DNA Ladder H3,bp,9,400,40,,12,https://www.froggabio.com/100-bp-dna-ladder-h3.html
FroggaBio,froggabio.com,100 bp DNA Ladder H3,bp,10,300,30,,12,https://www.froggabio.com/100-bp-dna-ladder-h3.html
FroggaBio,froggabio.com,100 bp DNA Ladder H3,bp,11,200,40,,12,https://www.froggabio.com/100-bp-dna-ladder-h3.html
FroggaBio,froggabio.com,100 bp DNA Ladder H3,bp,12,100,40,,12,https://www.froggabio.com/100-bp-dna-ladder-h3.html
FroggaBio,froggabio.com,1 Kb DNA Ladder,bp,1,10000,28,,13,https://www.froggabio.com/1-kb-dna-ladder.html
FroggaBio,froggabio.com,1 Kb DNA Ladder,bp,2,8000,28,,13,https://www.froggabio.com/1-kb-dna-ladder.html
FroggaBio,froggabio.com,1 Kb DNA Ladder,bp,3,6000,28,,13,https://www.froggabio.com/1-kb-dna-ladder.html
FroggaBio,froggabio.com,1 Kb DNA Ladder,bp,4,5000,28,,13,https://www.froggabio.com/1-kb-dna-ladder.html
FroggaBio,froggabio.com,1 Kb DNA Ladder,bp,5,4000,18,,13,https://www.froggabio.com/1-kb-dna-ladder.html
FroggaBio,froggabio.com,1 Kb DNA Ladder,bp,6,3000,92,reference band,13,https://www.froggabio.com/1-kb-dna-ladder.html
FroggaBio,froggabio.com,1 Kb DNA Ladder,bp,7,2500,34,,13,https://www.froggabio.com/1-kb-dna-ladder.html
FroggaBio,froggabio.com,1 Kb DNA Ladder,bp,8,2000,34,,13,https://www.froggabio.com/1-kb-dna-ladder.html
FroggaBio,froggabio.com,1 Kb DNA Ladder,bp,9,1500,20,,13,https://www.froggabio.com/1-kb-dna-ladder.html
FroggaBio,froggabio.com,1 Kb DNA Ladder,bp,10,1000,92,reference band,13,https://www.froggabio.com/1-kb-dna-ladder.html
FroggaBio,froggabio.com,1 Kb DNA Ladder,bp,11,750,23,,13,https://www.froggabio.com/1-kb-dna-ladder.html
FroggaBio,froggabio.com,1 Kb DNA Ladder,bp,12,500,30,,13,https://www.froggabio.com/1-kb-dna-ladder.html
FroggaBio,froggabio.com,1 Kb DNA Ladder,bp,13,250,45,,13,https://www.froggabio.com/1-kb-dna-ladder.html
FroggaBio,froggabio.com,1 Kb Plus DNA Ladder,bp,1,10000,30,,13,https://www.froggabio.com/globalstoreview/1kb-plus-dna-ladder.html
FroggaBio,froggabio.com,1 Kb Plus DNA Ladder,bp,2,8000,30,,13,https://www.froggabio.com/globalstoreview/1kb-plus-dna-ladder.html
FroggaBio,froggabio.com,1 Kb Plus DNA Ladder,bp,3,6000,30,,13,https://www.froggabio.com/globalstoreview/1kb-plus-dna-ladder.html
FroggaBio,froggabio.com,1 Kb Plus DNA Ladder,bp,4,5000,30,,13,https://www.froggabio.com/globalstoreview/1kb-plus-dna-ladder.html
FroggaBio,froggabio.com,1 Kb Plus DNA Ladder,bp,5,4000,30,,13,https://www.froggabio.com/globalstoreview/1kb-plus-dna-ladder.html
FroggaBio,froggabio.com,1 Kb Plus DNA Ladder,bp,6,3000,100,reference band,13,https://www.froggabio.com/globalstoreview/1kb-plus-dna-ladder.html
FroggaBio,froggabio.com,1 Kb Plus DNA Ladder,bp,7,2000,30,,13,https://www.froggabio.com/globalstoreview/1kb-plus-dna-ladder.html
FroggaBio,froggabio.com,1 Kb Plus DNA Ladder,bp,8,1500,50,,13,https://www.froggabio.com/globalstoreview/1kb-plus-dna-ladder.html
FroggaBio,froggabio.com,1 Kb Plus DNA Ladder,bp,9,1000,30,,13,https://www.froggabio.com/globalstoreview/1kb-plus-dna-ladder.html
FroggaBio,froggabio.com,1 Kb Plus DNA Ladder,bp,10,750,50,,13,https://www.froggabio.com/globalstoreview/1kb-plus-dna-ladder.html
FroggaBio,froggabio.com,1 Kb Plus DNA Ladder,bp,11,500,30,,13,https://www.froggabio.com/globalstoreview/1kb-plus-dna-ladder.html
FroggaBio,froggabio.com,1 Kb Plus DNA Ladder,bp,12,250,40,,13,https://www.froggabio.com/globalstoreview/1kb-plus-dna-ladder.html
FroggaBio,froggabio.com,1 Kb Plus DNA Ladder,bp,13,100,40,,13,https://www.froggabio.com/globalstoreview/1kb-plus-dna-ladder.html
G-Biosciences,gbiosciences.com,DNAmark™ 20 bp Ladder,bp,1,300,40,,13,https://www.gbiosciences.com/Buffers-Reagents-Chemicals/Agarose-Electrophoresis-Running-Buffers-Chemicals/DNA-Ladders/DNAmark-20bp-DNA-Ladder
G-Biosciences,gbiosciences.com,DNAmark™ 20 bp Ladder,bp,2,280,40,,13,https://www.gbiosciences.com/Buffers-Reagents-Chemicals/Agarose-Electrophoresis-Running-Buffers-Chemicals/DNA-Ladders/DNAmark-20bp-DNA-Ladder
G-Biosciences,gbiosciences.com,DNAmark™ 20 bp Ladder,bp,3,260,40,,13,https://www.gbiosciences.com/Buffers-Reagents-Chemicals/Agarose-Electrophoresis-Running-Buffers-Chemicals/DNA-Ladders/DNAmark-20bp-DNA-Ladder
G-Biosciences,gbiosciences.com,DNAmark™ 20 bp Ladder,bp,4,240,40,,13,https://www.gbiosciences.com/Buffers-Reagents-Chemicals/Agarose-Electrophoresis-Running-Buffers-Chemicals/DNA-Ladders/DNAmark-20bp-DNA-Ladder
G-Biosciences,gbiosciences.com,DNAmark™ 20 bp Ladder,bp,5,220,40,,13,https://www.gbiosciences.com/Buffers-Reagents-Chemicals/Agarose-Electrophoresis-Running-Buffers-Chemicals/DNA-Ladders/DNAmark-20bp-DNA-Ladder
G-Biosciences,gbiosciences.com,DNAmark™ 20 bp Ladder,bp,6,200,100,reference band,13,https://www.gbiosciences.com/Buffers-Reagents-Chemicals/Agarose-Electrophoresis-Running-Buffers-Chemicals/DNA-Ladders/DNAmark-20bp-DNA-Ladder
G-Biosciences,gbiosciences.com,DNAmark™ 20 bp Ladder,bp,7,180,40,,13,https://www.gbiosciences.com/Buffers-Reagents-Chemicals/Agarose-Electrophoresis-Running-Buffers-Chemicals/DNA-Ladders/DNAmark-20bp-DNA-Ladder
G-Biosciences,gbiosciences.com,DNAmark™ 20 bp Ladder,bp,8,160,40,,13,https://www.gbiosciences.com/Buffers-Reagents-Chemicals/Agarose-Electrophoresis-Running-Buffers-Chemicals/DNA-Ladders/DNAmark-20bp-DNA-Ladder
G-Biosciences,gbiosciences.com,DNAmark™ 20 bp Ladder,bp,9,140,40,,13,https://www.gbiosciences.com/Buffers-Reagents-Chemicals/Agarose-Electrophoresis-Running-Buffers-Chemicals/DNA-Ladders/DNAmark-20bp-DNA-Ladder
G-Biosciences,gbiosciences.com,DNAmark™ 20 bp Ladder,bp,10,120,40,,13,https://www.gbiosciences.com/Buffers-Reagents-Chemicals/Agarose-Electrophoresis-Running-Buffers-Chemicals/DNA-Ladders/DNAmark-20bp-DNA-Ladder
G-Biosciences,gbiosciences.com,DNAmark™ 20 bp Ladder,bp,11,100,100,reference band,13,https://www.gbiosciences.com/Buffers-Reagents-Chemicals/Agarose-Electrophoresis-Running-Buffers-Chemicals/DNA-Ladders/DNAmark-20bp-DNA-Ladder
G-Biosciences,gbiosciences.com,DNAmark™ 20 bp Ladder,bp,12,80,40,,13,https://www.gbiosciences.com/Buffers-Reagents-Chemicals/Agarose-Electrophoresis-Running-Buffers-Chemicals/DNA-Ladders/DNAmark-20bp-DNA-Ladder
G-Biosciences,gbiosciences.com,DNAmark™ 20 bp Ladder,bp,13,60,40,,13,https://www.gbiosciences.com/Buffers-Reagents-Chemicals/Agarose-Electrophoresis-Running-Buffers-Chemicals/DNA-Ladders/DNAmark-20bp-DNA-Ladder
G-Biosciences,gbiosciences.com,DNAmark™ 50 bp Plus Ladder,bp,1,1000,40,,13,https://www.gbiosciences.com/Buffers-Reagents-Chemicals/Agarose-Electrophoresis-Running-Buffers-Chemicals/DNA-Ladders/DNAmark-50bp-Plus-Ladder
G-Biosciences,gbiosciences.com,DNAmark™ 50 bp Plus Ladder,bp,2,900,40,,13,https://www.gbiosciences.com/Buffers-Reagents-Chemicals/Agarose-Electrophoresis-Running-Buffers-Chemicals/DNA-Ladders/DNAmark-50bp-Plus-Ladder
G-Biosciences,gbiosciences.com,DNAmark™ 50 bp Plus Ladder,bp,3,800,40,,13,https://www.gbiosciences.com/Buffers-Reagents-Chemicals/Agarose-Electrophoresis-Running-Buffers-Chemicals/DNA-Ladders/DNAmark-50bp-Plus-Ladder
G-Biosciences,gbiosciences.com,DNAmark™ 50 bp Plus Ladder,bp,4,700,40,,13,https://www.gbiosciences.com/Buffers-Reagents-Chemicals/Agarose-Electrophoresis-Running-Buffers-Chemicals/DNA-Ladders/DNAmark-50bp-Plus-Ladder
G-Biosciences,gbiosciences.com,DNAmark™ 50 bp Plus Ladder,bp,5,600,40,,13,https://www.gbiosciences.com/Buffers-Reagents-Chemicals/Agarose-Electrophoresis-Running-Buffers-Chemicals/DNA-Ladders/DNAmark-50bp-Plus-Ladder
G-Biosciences,gbiosciences.com,DNAmark™ 50 bp Plus Ladder,bp,6,500,100,reference band,13,https://www.gbiosciences.com/Buffers-Reagents-Chemicals/Agarose-Electrophoresis-Running-Buffers-Chemicals/DNA-Ladders/DNAmark-50bp-Plus-Ladder
G-Biosciences,gbiosciences.com,DNAmark™ 50 bp Plus Ladder,bp,7,400,40,,13,https://www.gbiosciences.com/Buffers-Reagents-Chemicals/Agarose-Electrophoresis-Running-Buffers-Chemicals/DNA-Ladders/DNAmark-50bp-Plus-Ladder
G-Biosciences,gbiosciences.com,DNAmark™ 50 bp Plus Ladder,bp,8,300,40,,13,https://www.gbiosciences.com/Buffers-Reagents-Chemicals/Agarose-Electrophoresis-Running-Buffers-Chemicals/DNA-Ladders/DNAmark-50bp-Plus-Ladder
G-Biosciences,gbiosciences.com,DNAmark™ 50 bp Plus Ladder,bp,9,250,100,reference band,13,https://www.gbiosciences.com/Buffers-Reagents-Chemicals/Agarose-Electrophoresis-Running-Buffers-Chemicals/DNA-Ladders/DNAmark-50bp-Plus-Ladder
G-Biosciences,gbiosciences.com,DNAmark™ 50 bp Plus Ladder,bp,10,200,40,,13,https://www.gbiosciences.com/Buffers-Reagents-Chemicals/Agarose-Electrophoresis-Running-Buffers-Chemicals/DNA-Ladders/DNAmark-50bp-Plus-Ladder
G-Biosciences,gbiosciences.com,DNAmark™ 50 bp Plus Ladder,bp,11,150,40,,13,https://www.gbiosciences.com/Buffers-Reagents-Chemicals/Agarose-Electrophoresis-Running-Buffers-Chemicals/DNA-Ladders/DNAmark-50bp-Plus-Ladder
G-Biosciences,gbiosciences.com,DNAmark™ 50 bp Plus Ladder,bp,12,100,40,,13,https://www.gbiosciences.com/Buffers-Reagents-Chemicals/Agarose-Electrophoresis-Running-Buffers-Chemicals/DNA-Ladders/DNAmark-50bp-Plus-Ladder
G-Biosciences,gbiosciences.com,DNAmark™ 50 bp Plus Ladder,bp,13,50,40,,13,https://www.gbiosciences.com/Buffers-Reagents-Chemicals/Agarose-Electrophoresis-Running-Buffers-Chemicals/DNA-Ladders/DNAmark-50bp-Plus-Ladder
G-Biosciences,gbiosciences.com,DNAmark™ 100 bp Ladder,bp,1,1500,40,,11,https://www.gbiosciences.com/Buffers-Reagents-Chemicals/Agarose-Electrophoresis-Running-Buffers-Chemicals/DNA-Ladders/DNAmark-100bp-Ladder
G-Biosciences,gbiosciences.com,DNAmark™ 100 bp Ladder,bp,2,1000,40,,11,https://www.gbiosciences.com/Buffers-Reagents-Chemicals/Agarose-Electrophoresis-Running-Buffers-Chemicals/DNA-Ladders/DNAmark-100bp-Ladder
G-Biosciences,gbiosciences.com,DNAmark™ 100 bp Ladder,bp,3,900,40,,11,https://www.gbiosciences.com/Buffers-Reagents-Chemicals/Agarose-Electrophoresis-Running-Buffers-Chemicals/DNA-Ladders/DNAmark-100bp-Ladder
G-Biosciences,gbiosciences.com,DNAmark™ 100 bp Ladder,bp,4,800,40,,11,https://www.gbiosciences.com/Buffers-Reagents-Chemicals/Agarose-Electrophoresis-Running-Buffers-Chemicals/DNA-Ladders/DNAmark-100bp-Ladder
G-Biosciences,gbiosciences.com,DNAmark™ 100 bp Ladder,bp,5,700,40,,11,https://www.gbiosciences.com/Buffers-Reagents-Chemicals/Agarose-Electrophoresis-Running-Buffers-Chemicals/DNA-Ladders/DNAmark-100bp-Ladder
G-Biosciences,gbiosciences.com,DNAmark™ 100 bp Ladder,bp,6,600,40,,11,https://www.gbiosciences.com/Buffers-Reagents-Chemicals/Agarose-Electrophoresis-Running-Buffers-Chemicals/DNA-Ladders/DNAmark-100bp-Ladder
G-Biosciences,gbiosciences.com,DNAmark™ 100 bp Ladder,bp,7,500,100,reference band,11,https://www.gbiosciences.com/Buffers-Reagents-Chemicals/Agarose-Electrophoresis-Running-Buffers-Chemicals/DNA-Ladders/DNAmark-100bp-Ladder
G-Biosciences,gbiosciences.com,DNAmark™ 100 bp Ladder,bp,8,400,40,,11,https://www.gbiosciences.com/Buffers-Reagents-Chemicals/Agarose-Electrophoresis-Running-Buffers-Chemicals/DNA-Ladders/DNAmark-100bp-Ladder
G-Biosciences,gbiosciences.com,DNAmark™ 100 bp Ladder,bp,9,300,40,,11,https://www.gbiosciences.com/Buffers-Reagents-Chemicals/Agarose-Electrophoresis-Running-Buffers-Chemicals/DNA-Ladders/DNAmark-100bp-Ladder
G-Biosciences,gbiosciences.com,DNAmark™ 100 bp Ladder,bp,10,200,40,,11,https://www.gbiosciences.com/Buffers-Reagents-Chemicals/Agarose-Electrophoresis-Running-Buffers-Chemicals/DNA-Ladders/DNAmark-100bp-Ladder
G-Biosciences,gbiosciences.com,DNAmark™ 100 bp Ladder,bp,11,100,40,,11,https://www.gbiosciences.com/Buffers-Reagents-Chemicals/Agarose-Electrophoresis-Running-Buffers-Chemicals/DNA-Ladders/DNAmark-100bp-Ladder
G-Biosciences,gbiosciences.com,DNAmark™ 100 bp Plus Ladder,bp,1,3000,40,,14,https://www.gbiosciences.com/Buffers-Reagents-Chemicals/Agarose-Electrophoresis-Running-Buffers-Chemicals/DNA-Ladders/DNAmark-100bp-Plus-Ladder
G-Biosciences,gbiosciences.com,DNAmark™ 100 bp Plus Ladder,bp,2,2000,40,,14,https://www.gbiosciences.com/Buffers-Reagents-Chemicals/Agarose-Electrophoresis-Running-Buffers-Chemicals/DNA-Ladders/DNAmark-100bp-Plus-Ladder
G-Biosciences,gbiosciences.com,DNAmark™ 100 bp Plus Ladder,bp,3,1500,40,,14,https://www.gbiosciences.com/Buffers-Reagents-Chemicals/Agarose-Electrophoresis-Running-Buffers-Chemicals/DNA-Ladders/DNAmark-100bp-Plus-Ladder
G-Biosciences,gbiosciences.com,DNAmark™ 100 bp Plus Ladder,bp,4,1200,100,reference band,14,https://www.gbiosciences.com/Buffers-Reagents-Chemicals/Agarose-Electrophoresis-Running-Buffers-Chemicals/DNA-Ladders/DNAmark-100bp-Plus-Ladder
G-Biosciences,gbiosciences.com,DNAmark™ 100 bp Plus Ladder,bp,5,1000,40,,14,https://www.gbiosciences.com/Buffers-Reagents-Chemicals/Agarose-Electrophoresis-Running-Buffers-Chemicals/DNA-Ladders/DNAmark-100bp-Plus-Ladder
G-Biosciences,gbiosciences.com,DNAmark™ 100 bp Plus Ladder,bp,6,900,40,,14,https://www.gbiosciences.com/Buffers-Reagents-Chemicals/Agarose-Electrophoresis-Running-Buffers-Chemicals/DNA-Ladders/DNAmark-100bp-Plus-Ladder
G-Biosciences,gbiosciences.com,DNAmark™ 100 bp Plus Ladder,bp,7,800,40,,14,https://www.gbiosciences.com/Buffers-Reagents-Chemicals/Agarose-Electrophoresis-Running-Buffers-Chemicals/DNA-Ladders/DNAmark-100bp-Plus-Ladder
G-Biosciences,gbiosciences.com,DNAmark™ 100 bp Plus Ladder,bp,8,700,40,,14,https://www.gbiosciences.com/Buffers-Reagents-Chemicals/Agarose-Electrophoresis-Running-Buffers-Chemicals/DNA-Ladders/DNAmark-100bp-Plus-Ladder
G-Biosciences,gbiosciences.com,DNAmark™ 100 bp Plus Ladder,bp,9,600,40,,14,https://www.gbiosciences.com/Buffers-Reagents-Chemicals/Agarose-Electrophoresis-Running-Buffers-Chemicals/DNA-Ladders/DNAmark-100bp-Plus-Ladder
G-Biosciences,gbiosciences.com,DNAmark™ 100 bp Plus Ladder,bp,10,500,100,reference band,14,https://www.gbiosciences.com/Buffers-Reagents-Chemicals/Agarose-Electrophoresis-Running-Buffers-Chemicals/DNA-Ladders/DNAmark-100bp-Plus-Ladder
G-Biosciences,gbiosciences.com,DNAmark™ 100 bp Plus Ladder,bp,11,400,40,,14,https://www.gbiosciences.com/Buffers-Reagents-Chemicals/Agarose-Electrophoresis-Running-Buffers-Chemicals/DNA-Ladders/DNAmark-100bp-Plus-Ladder
G-Biosciences,gbiosciences.com,DNAmark™ 100 bp Plus Ladder,bp,12,300,40,,14,https://www.gbiosciences.com/Buffers-Reagents-Chemicals/Agarose-Electrophoresis-Running-Buffers-Chemicals/DNA-Ladders/DNAmark-100bp-Plus-Ladder
G-Biosciences,gbiosciences.com,DNAmark™ 100 bp Plus Ladder,bp,13,200,40,,14,https://www.gbiosciences.com/Buffers-Reagents-Chemicals/Agarose-Electrophoresis-Running-Buffers-Chemicals/DNA-Ladders/DNAmark-100bp-Plus-Ladder
G-Biosciences,gbiosciences.com,DNAmark™ 100 bp Plus Ladder,bp,14,100,40,,14,https://www.gbiosciences.com/Buffers-Reagents-Chemicals/Agarose-Electrophoresis-Running-Buffers-Chemicals/DNA-Ladders/DNAmark-100bp-Plus-Ladder
G-Biosciences,gbiosciences.com,DNAmark™ 500 bp Ladder,bp,1,5000,40,,10,https://www.gbiosciences.com/Buffers-Reagents-Chemicals/Agarose-Electrophoresis-Running-Buffers-Chemicals/DNA-Ladders/DNAmark-500bp-Ladder
G-Biosciences,gbiosciences.com,DNAmark™ 500 bp Ladder,bp,2,4500,40,,10,https://www.gbiosciences.com/Buffers-Reagents-Chemicals/Agarose-Electrophoresis-Running-Buffers-Chemicals/DNA-Ladders/DNAmark-500bp-Ladder
G-Biosciences,gbiosciences.com,DNAmark™ 500 bp Ladder,bp,3,4000,40,,10,https://www.gbiosciences.com/Buffers-Reagents-Chemicals/Agarose-Electrophoresis-Running-Buffers-Chemicals/DNA-Ladders/DNAmark-500bp-Ladder
G-Biosciences,gbiosciences.com,DNAmark™ 500 bp Ladder,bp,4,3500,40,,10,https://www.gbiosciences.com/Buffers-Reagents-Chemicals/Agarose-Electrophoresis-Running-Buffers-Chemicals/DNA-Ladders/DNAmark-500bp-Ladder
G-Biosciences,gbiosciences.com,DNAmark™ 500 bp Ladder,bp,5,3000,40,,10,https://www.gbiosciences.com/Buffers-Reagents-Chemicals/Agarose-Electrophoresis-Running-Buffers-Chemicals/DNA-Ladders/DNAmark-500bp-Ladder
G-Biosciences,gbiosciences.com,DNAmark™ 500 bp Ladder,bp,6,2500,40,,10,https://www.gbiosciences.com/Buffers-Reagents-Chemicals/Agarose-Electrophoresis-Running-Buffers-Chemicals/DNA-Ladders/DNAmark-500bp-Ladder
G-Biosciences,gbiosciences.com,DNAmark™ 500 bp Ladder,bp,7,2000,100,reference band,10,https://www.gbiosciences.com/Buffers-Reagents-Chemicals/Agarose-Electrophoresis-Running-Buffers-Chemicals/DNA-Ladders/DNAmark-500bp-Ladder
G-Biosciences,gbiosciences.com,DNAmark™ 500 bp Ladder,bp,8,1500,40,,10,https://www.gbiosciences.com/Buffers-Reagents-Chemicals/Agarose-Electrophoresis-Running-Buffers-Chemicals/DNA-Ladders/DNAmark-500bp-Ladder
G-Biosciences,gbiosciences.com,DNAmark™ 500 bp Ladder,bp,9,1000,40,,10,https://www.gbiosciences.com/Buffers-Reagents-Chemicals/Agarose-Electrophoresis-Running-Buffers-Chemicals/DNA-Ladders/DNAmark-500bp-Ladder
G-Biosciences,gbiosciences.com,DNAmark™ 500 bp Ladder,bp,10,500,40,,10,https://www.gbiosciences.com/Buffers-Reagents-Chemicals/Agarose-Electrophoresis-Running-Buffers-Chemicals/DNA-Ladders/DNAmark-500bp-Ladder
G-Biosciences,gbiosciences.com,DNAmark™ 1 kb Plus Ladder,bp,1,10000,40,,15,https://www.gbiosciences.com/Buffers-Reagents-Chemicals/Agarose-Electrophoresis-Running-Buffers-Chemicals/DNA-Ladders/DNAmark-1kb-Plus-Marker
G-Biosciences,gbiosciences.com,DNAmark™ 1 kb Plus Ladder,bp,2,8000,40,,15,https://www.gbiosciences.com/Buffers-Reagents-Chemicals/Agarose-Electrophoresis-Running-Buffers-Chemicals/DNA-Ladders/DNAmark-1kb-Plus-Marker
G-Biosciences,gbiosciences.com,DNAmark™ 1 kb Plus Ladder,bp,3,6000,40,,15,https://www.gbiosciences.com/Buffers-Reagents-Chemicals/Agarose-Electrophoresis-Running-Buffers-Chemicals/DNA-Ladders/DNAmark-1kb-Plus-Marker
G-Biosciences,gbiosciences.com,DNAmark™ 1 kb Plus Ladder,bp,4,5000,40,,15,https://www.gbiosciences.com/Buffers-Reagents-Chemicals/Agarose-Electrophoresis-Running-Buffers-Chemicals/DNA-Ladders/DNAmark-1kb-Plus-Marker
G-Biosciences,gbiosciences.com,DNAmark™ 1 kb Plus Ladder,bp,5,4000,40,,15,https://www.gbiosciences.com/Buffers-Reagents-Chemicals/Agarose-Electrophoresis-Running-Buffers-Chemicals/DNA-Ladders/DNAmark-1kb-Plus-Marker
G-Biosciences,gbiosciences.com,DNAmark™ 1 kb Plus Ladder,bp,6,3000,100,reference band,15,https://www.gbiosciences.com/Buffers-Reagents-Chemicals/Agarose-Electrophoresis-Running-Buffers-Chemicals/DNA-Ladders/DNAmark-1kb-Plus-Marker
G-Biosciences,gbiosciences.com,DNAmark™ 1 kb Plus Ladder,bp,7,2000,40,,15,https://www.gbiosciences.com/Buffers-Reagents-Chemicals/Agarose-Electrophoresis-Running-Buffers-Chemicals/DNA-Ladders/DNAmark-1kb-Plus-Marker
G-Biosciences,gbiosciences.com,DNAmark™ 1 kb Plus Ladder,bp,8,1500,40,,15,https://www.gbiosciences.com/Buffers-Reagents-Chemicals/Agarose-Electrophoresis-Running-Buffers-Chemicals/DNA-Ladders/DNAmark-1kb-Plus-Marker
G-Biosciences,gbiosciences.com,DNAmark™ 1 kb Plus Ladder,bp,9,1000,40,,15,https://www.gbiosciences.com/Buffers-Reagents-Chemicals/Agarose-Electrophoresis-Running-Buffers-Chemicals/DNA-Ladders/DNAmark-1kb-Plus-Marker
G-Biosciences,gbiosciences.com,DNAmark™ 1 kb Plus Ladder,bp,10,700,40,,15,https://www.gbiosciences.com/Buffers-Reagents-Chemicals/Agarose-Electrophoresis-Running-Buffers-Chemicals/DNA-Ladders/DNAmark-1kb-Plus-Marker
G-Biosciences,gbiosciences.com,DNAmark™ 1 kb Plus Ladder,bp,11,500,100,reference band,15,https://www.gbiosciences.com/Buffers-Reagents-Chemicals/Agarose-Electrophoresis-Running-Buffers-Chemicals/DNA-Ladders/DNAmark-1kb-Plus-Marker
G-Biosciences,gbiosciences.com,DNAmark™ 1 kb Plus Ladder,bp,12,400,40,,15,https://www.gbiosciences.com/Buffers-Reagents-Chemicals/Agarose-Electrophoresis-Running-Buffers-Chemicals/DNA-Ladders/DNAmark-1kb-Plus-Marker
G-Biosciences,gbiosciences.com,DNAmark™ 1 kb Plus Ladder,bp,13,300,40,,15,https://www.gbiosciences.com/Buffers-Reagents-Chemicals/Agarose-Electrophoresis-Running-Buffers-Chemicals/DNA-Ladders/DNAmark-1kb-Plus-Marker
G-Biosciences,gbiosciences.com,DNAmark™ 1 kb Plus Ladder,bp,14,200,40,,15,https://www.gbiosciences.com/Buffers-Reagents-Chemicals/Agarose-Electrophoresis-Running-Buffers-Chemicals/DNA-Ladders/DNAmark-1kb-Plus-Marker
G-Biosciences,gbiosciences.com,DNAmark™ 1 kb Plus Ladder,bp,15,100,40,,15,https://www.gbiosciences.com/Buffers-Reagents-Chemicals/Agarose-Electrophoresis-Running-Buffers-Chemicals/DNA-Ladders/DNAmark-1kb-Plus-Marker
GenDEPOT,gendepot.com,iVDye 50 bp DNA Ladder,bp,1,1350,77,,17,https://www.gendepot.com/products/ivdye-50bp-dna-ladder
GenDEPOT,gendepot.com,iVDye 50 bp DNA Ladder,bp,2,916,53,,17,https://www.gendepot.com/products/ivdye-50bp-dna-ladder
GenDEPOT,gendepot.com,iVDye 50 bp DNA Ladder,bp,3,766,44,,17,https://www.gendepot.com/products/ivdye-50bp-dna-ladder
GenDEPOT,gendepot.com,iVDye 50 bp DNA Ladder,bp,4,700,41,,17,https://www.gendepot.com/products/ivdye-50bp-dna-ladder
GenDEPOT,gendepot.com,iVDye 50 bp DNA Ladder,bp,5,650,38,,17,https://www.gendepot.com/products/ivdye-50bp-dna-ladder
GenDEPOT,gendepot.com,iVDye 50 bp DNA Ladder,bp,6,600,35,,17,https://www.gendepot.com/products/ivdye-50bp-dna-ladder
GenDEPOT,gendepot.com,iVDye 50 bp DNA Ladder,bp,7,550,32,,17,https://www.gendepot.com/products/ivdye-50bp-dna-ladder
GenDEPOT,gendepot.com,iVDye 50 bp DNA Ladder,bp,8,500,57,reference band,17,https://www.gendepot.com/products/ivdye-50bp-dna-ladder
GenDEPOT,gendepot.com,iVDye 50 bp DNA Ladder,bp,9,450,26,,17,https://www.gendepot.com/products/ivdye-50bp-dna-ladder
GenDEPOT,gendepot.com,iVDye 50 bp DNA Ladder,bp,10,400,23,,17,https://www.gendepot.com/products/ivdye-50bp-dna-ladder
GenDEPOT,gendepot.com,iVDye 50 bp DNA Ladder,bp,11,350,20,,17,https://www.gendepot.com/products/ivdye-50bp-dna-ladder
GenDEPOT,gendepot.com,iVDye 50 bp DNA Ladder,bp,12,300,35,,17,https://www.gendepot.com/products/ivdye-50bp-dna-ladder
GenDEPOT,gendepot.com,iVDye 50 bp DNA Ladder,bp,13,250,43,,17,https://www.gendepot.com/products/ivdye-50bp-dna-ladder
GenDEPOT,gendepot.com,iVDye 50 bp DNA Ladder,bp,14,200,80,reference band,17,https://www.gendepot.com/products/ivdye-50bp-dna-ladder
GenDEPOT,gendepot.com,iVDye 50 bp DNA Ladder,bp,15,150,35,,17,https://www.gendepot.com/products/ivdye-50bp-dna-ladder
GenDEPOT,gendepot.com,iVDye 50 bp DNA Ladder,bp,16,100,52,,17,https://www.gendepot.com/products/ivdye-50bp-dna-ladder
GenDEPOT,gendepot.com,iVDye 50 bp DNA Ladder,bp,17,50,35,,17,https://www.gendepot.com/products/ivdye-50bp-dna-ladder
GenDEPOT,gendepot.com,iVDye 100 bp DNA Ladder,bp,1,1517,45,,13,https://www.gendepot.com/products/ivdye-100bp-dna-ladder
GenDEPOT,gendepot.com,iVDye 100 bp DNA Ladder,bp,2,1200,35,,13,https://www.gendepot.com/products/ivdye-100bp-dna-ladder
GenDEPOT,gendepot.com,iVDye 100 bp DNA Ladder,bp,3,1000,95,reference band,13,https://www.gendepot.com/products/ivdye-100bp-dna-ladder
GenDEPOT,gendepot.com,iVDye 100 bp DNA Ladder,bp,4,900,27,,13,https://www.gendepot.com/products/ivdye-100bp-dna-ladder
GenDEPOT,gendepot.com,iVDye 100 bp DNA Ladder,bp,5,800,24,,13,https://www.gendepot.com/products/ivdye-100bp-dna-ladder
GenDEPOT,gendepot.com,iVDye 100 bp DNA Ladder,bp,6,700,21,,13,https://www.gendepot.com/products/ivdye-100bp-dna-ladder
GenDEPOT,gendepot.com,iVDye 100 bp DNA Ladder,bp,7,600,18,,13,https://www.gendepot.com/products/ivdye-100bp-dna-ladder
GenDEPOT,gendepot.com,iVDye 100 bp DNA Ladder,bp,8,517,50,reference band,13,https://www.gendepot.com/products/ivdye-100bp-dna-ladder
GenDEPOT,gendepot.com,iVDye 100 bp DNA Ladder,bp,9,500,47,reference band,13,https://www.gendepot.com/products/ivdye-100bp-dna-ladder
GenDEPOT,gendepot.com,iVDye 100 bp DNA Ladder,bp,10,400,38,,13,https://www.gendepot.com/products/ivdye-100bp-dna-ladder
GenDEPOT,gendepot.com,iVDye 100 bp DNA Ladder,bp,11,300,29,,13,https://www.gendepot.com/products/ivdye-100bp-dna-ladder
GenDEPOT,gendepot.com,iVDye 100 bp DNA Ladder,bp,12,200,25,,13,https://www.gendepot.com/products/ivdye-100bp-dna-ladder
GenDEPOT,gendepot.com,iVDye 100 bp DNA Ladder,bp,13,100,48,,13,https://www.gendepot.com/products/ivdye-100bp-dna-ladder
GenDEPOT,gendepot.com,iVDye 1 kb DNA Ladder,kb,1,10000,32,,10,https://www.gendepot.com/products/ivdye-1kb-dna-ladder
GenDEPOT,gendepot.com,iVDye 1 kb DNA Ladder,kb,2,8000,32,,10,https://www.gendepot.com/products/ivdye-1kb-dna-ladder
GenDEPOT,gendepot.com,iVDye 1 kb DNA Ladder,kb,3,6000,38,,10,https://www.gendepot.com/products/ivdye-1kb-dna-ladder
GenDEPOT,gendepot.com,iVDye 1 kb DNA Ladder,kb,4,5000,32,,10,https://www.gendepot.com/products/ivdye-1kb-dna-ladder
GenDEPOT,gendepot.com,iVDye 1 kb DNA Ladder,kb,5,4000,25,,10,https://www.gendepot.com/products/ivdye-1kb-dna-ladder
GenDEPOT,gendepot.com,iVDye 1 kb DNA Ladder,kb,6,3000,94,reference band,10,https://www.gendepot.com/products/ivdye-1kb-dna-ladder
GenDEPOT,gendepot.com,iVDye 1 kb DNA Ladder,kb,7,2000,36,,10,https://www.gendepot.com/products/ivdye-1kb-dna-ladder
GenDEPOT,gendepot.com,iVDye 1 kb DNA Ladder,kb,8,1500,27,,10,https://www.gendepot.com/products/ivdye-1kb-dna-ladder
GenDEPOT,gendepot.com,iVDye 1 kb DNA Ladder,kb,9,1000,32,,10,https://www.gendepot.com/products/ivdye-1kb-dna-ladder
GenDEPOT,gendepot.com,iVDye 1 kb DNA Ladder,kb,10,500,32,,10,https://www.gendepot.com/products/ivdye-1kb-dna-ladder
Geneaid,geneaid.com,100 bp DNA Ladder,bp,1,3000,97,,12,http://www.geneaid.com/products/dna-ladders/100-bp-dna-ladder
Geneaid,geneaid.com,100 bp DNA Ladder,bp,2,1500,75,,12,http://www.geneaid.com/products/dna-ladders/100-bp-dna-ladder
Geneaid,geneaid.com,100 bp DNA Ladder,bp,3,1000,75,,12,http://www.geneaid.com/products/dna-ladders/100-bp-dna-ladder
Geneaid,geneaid.com,100 bp DNA Ladder,bp,4,900,60,,12,http://www.geneaid.com/products/dna-ladders/100-bp-dna-ladder
Geneaid,geneaid.com,100 bp DNA Ladder,bp,5,800,60,,12,http://www.geneaid.com/products/dna-ladders/100-bp-dna-ladder
Geneaid,geneaid.com,100 bp DNA Ladder,bp,6,700,45,,12,http://www.geneaid.com/products/dna-ladders/100-bp-dna-ladder
Geneaid,geneaid.com,100 bp DNA Ladder,bp,7,600,45,,12,http://www.geneaid.com/products/dna-ladders/100-bp-dna-ladder
Geneaid,geneaid.com,100 bp DNA Ladder,bp,8,500,105,reference band,12,http://www.geneaid.com/products/dna-ladders/100-bp-dna-ladder
Geneaid,geneaid.com,100 bp DNA Ladder,bp,9,400,60,,12,http://www.geneaid.com/products/dna-ladders/100-bp-dna-ladder
Geneaid,geneaid.com,100 bp DNA Ladder,bp,10,300,38,,12,http://www.geneaid.com/products/dna-ladders/100-bp-dna-ladder
Geneaid,geneaid.com,100 bp DNA Ladder,bp,11,200,45,,12,http://www.geneaid.com/products/dna-ladders/100-bp-dna-ladder
Geneaid,geneaid.com,100 bp DNA Ladder,bp,12,100,45,,12,http://www.geneaid.com/products/dna-ladders/100-bp-dna-ladder
Geneaid,geneaid.com,1 Kb DNA Ladder,kb,1,10000,56,,13,http://www.geneaid.com/products/dna-ladders/1-kb-dna-ladder
Geneaid,geneaid.com,1 Kb DNA Ladder,kb,2,8000,56,,13,http://www.geneaid.com/products/dna-ladders/1-kb-dna-ladder
Geneaid,geneaid.com,1 Kb DNA Ladder,kb,3,6000,56,,13,http://www.geneaid.com/products/dna-ladders/1-kb-dna-ladder
Geneaid,geneaid.com,1 Kb DNA Ladder,kb,4,5000,56,,13,http://www.geneaid.com/products/dna-ladders/1-kb-dna-ladder
Geneaid,geneaid.com,1 Kb DNA Ladder,kb,5,4000,36,,13,http://www.geneaid.com/products/dna-ladders/1-kb-dna-ladder
Geneaid,geneaid.com,1 Kb DNA Ladder,kb,6,3000,184,reference band,13,http://www.geneaid.com/products/dna-ladders/1-kb-dna-ladder
Geneaid,geneaid.com,1 Kb DNA Ladder,kb,7,2500,68,,13,http://www.geneaid.com/products/dna-ladders/1-kb-dna-ladder
Geneaid,geneaid.com,1 Kb DNA Ladder,kb,8,2000,68,,13,http://www.geneaid.com/products/dna-ladders/1-kb-dna-ladder
Geneaid,geneaid.com,1 Kb DNA Ladder,kb,9,1500,40,,13,http://www.geneaid.com/products/dna-ladders/1-kb-dna-ladder
Geneaid,geneaid.com,1 Kb DNA Ladder,kb,10,1000,184,reference band,13,http://www.geneaid.com/products/dna-ladders/1-kb-dna-ladder
Geneaid,geneaid.com,1 Kb DNA Ladder,kb,11,750,46,,13,http://www.geneaid.com/products/dna-ladders/1-kb-dna-ladder
Geneaid,geneaid.com,1 Kb DNA Ladder,kb,12,500,60,,13,http://www.geneaid.com/products/dna-ladders/1-kb-dna-ladder
Geneaid,geneaid.com,1 Kb DNA Ladder,kb,13,250,90,,13,http://www.geneaid.com/products/dna-ladders/1-kb-dna-ladder
GeneDireX,genedirex.com,50 bp DNA Ladder RTU,bp,1,1500,80,,17,http://www.genedirex.com/?p=224
GeneDireX,genedirex.com,50 bp DNA Ladder RTU,bp,2,1200,105,reference band,17,http://www.genedirex.com/?p=224
GeneDireX,genedirex.com,50 bp DNA Ladder RTU,bp,3,1000,66,,17,http://www.genedirex.com/?p=224
GeneDireX,genedirex.com,50 bp DNA Ladder RTU,bp,4,900,60,,17,http://www.genedirex.com/?p=224
GeneDireX,genedirex.com,50 bp DNA Ladder RTU,bp,5,800,54,,17,http://www.genedirex.com/?p=224
GeneDireX,genedirex.com,50 bp DNA Ladder RTU,bp,6,700,46,,17,http://www.genedirex.com/?p=224
GeneDireX,genedirex.com,50 bp DNA Ladder RTU,bp,7,600,40,,17,http://www.genedirex.com/?p=224
GeneDireX,genedirex.com,50 bp DNA Ladder RTU,bp,8,500,134,reference band,17,http://www.genedirex.com/?p=224
GeneDireX,genedirex.com,50 bp DNA Ladder RTU,bp,9,450,46,,17,http://www.genedirex.com/?p=224
GeneDireX,genedirex.com,50 bp DNA Ladder RTU,bp,10,400,54,,17,http://www.genedirex.com/?p=224
GeneDireX,genedirex.com,50 bp DNA Ladder RTU,bp,11,350,36,,17,http://www.genedirex.com/?p=224
GeneDireX,genedirex.com,50 bp DNA Ladder RTU,bp,12,300,40,,17,http://www.genedirex.com/?p=224
GeneDireX,genedirex.com,50 bp DNA Ladder RTU,bp,13,250,50,,17,http://www.genedirex.com/?p=224
GeneDireX,genedirex.com,50 bp DNA Ladder RTU,bp,14,200,134,reference band,17,http://www.genedirex.com/?p=224
GeneDireX,genedirex.com,50 bp DNA Ladder RTU,bp,15,150,60,,17,http://www.genedirex.com/?p=224
GeneDireX,genedirex.com,50 bp DNA Ladder RTU,bp,16,100,54,,17,http://www.genedirex.com/?p=224
GeneDireX,genedirex.com,50 bp DNA Ladder RTU,bp,17,50,60,,17,http://www.genedirex.com/?p=224
GeneDireX,genedirex.com,100 bp DNA Ladder H3 RTU,bp,1,3000,60,,12,http://www.genedirex.com/?p=457
GeneDireX,genedirex.com,100 bp DNA Ladder H3 RTU,bp,2,1500,105,reference band,12,http://www.genedirex.com/?p=457
GeneDireX,genedirex.com,100 bp DNA Ladder H3 RTU,bp,3,1000,75,,12,http://www.genedirex.com/?p=457
GeneDireX,genedirex.com,100 bp DNA Ladder H3 RTU,bp,4,900,60,,12,http://www.genedirex.com/?p=457
GeneDireX,genedirex.com,100 bp DNA Ladder H3 RTU,bp,5,800,60,,12,http://www.genedirex.com/?p=457
GeneDireX,genedirex.com,100 bp DNA Ladder H3 RTU,bp,6,700,45,,12,http://www.genedirex.com/?p=457
GeneDireX,genedirex.com,100 bp DNA Ladder H3 RTU,bp,7,600,45,,12,http://www.genedirex.com/?p=457
GeneDireX,genedirex.com,100 bp DNA Ladder H3 RTU,bp,8,500,135,reference band,12,http://www.genedirex.com/?p=457
GeneDireX,genedirex.com,100 bp DNA Ladder H3 RTU,bp,9,400,60,,12,http://www.genedirex.com/?p=457
GeneDireX,genedirex.com,100 bp DNA Ladder H3 RTU,bp,10,300,45,,12,http://www.genedirex.com/?p=457
GeneDireX,genedirex.com,100 bp DNA Ladder H3 RTU,bp,11,200,60,,12,http://www.genedirex.com/?p=457
GeneDireX,genedirex.com,100 bp DNA Ladder H3 RTU,bp,12,100,60,,12,http://www.genedirex.com/?p=457
GeneDireX,genedirex.com,100 bp DNA Ladder RTU,bp,1,1500,145,reference band,11,http://www.genedirex.com/?p=98
GeneDireX,genedirex.com,100 bp DNA Ladder RTU,bp,2,1000,100,,11,http://www.genedirex.com/?p=98
GeneDireX,genedirex.com,100 bp DNA Ladder RTU,bp,3,900,80,,11,http://www.genedirex.com/?p=98
GeneDireX,genedirex.com,100 bp DNA Ladder RTU,bp,4,800,80,,11,http://www.genedirex.com/?p=98
GeneDireX,genedirex.com,100 bp DNA Ladder RTU,bp,5,700,55,,11,http://www.genedirex.com/?p=98
GeneDireX,genedirex.com,100 bp DNA Ladder RTU,bp,6,600,60,,11,http://www.genedirex.com/?p=98
GeneDireX,genedirex.com,100 bp DNA Ladder RTU,bp,7,500,170,reference band,11,http://www.genedirex.com/?p=98
GeneDireX,genedirex.com,100 bp DNA Ladder RTU,bp,8,400,80,,11,http://www.genedirex.com/?p=98
GeneDireX,genedirex.com,100 bp DNA Ladder RTU,bp,9,300,70,,11,http://www.genedirex.com/?p=98
GeneDireX,genedirex.com,100 bp DNA Ladder RTU,bp,10,200,80,,11,http://www.genedirex.com/?p=98
GeneDireX,genedirex.com,100 bp DNA Ladder RTU,bp,11,100,80,,11,http://www.genedirex.com/?p=98
GeneDireX,genedirex.com,1 kb DNA Ladder RTU,bp,1,10000,56,,13,http://www.genedirex.com/?p=459
GeneDireX,genedirex.com,1 kb DNA Ladder RTU,bp,2,8000,56,,13,http://www.genedirex.com/?p=459
GeneDireX,genedirex.com,1 kb DNA Ladder RTU,bp,3,6000,56,,13,http://www.genedirex.com/?p=459
GeneDireX,genedirex.com,1 kb DNA Ladder RTU,bp,4,5000,56,,13,http://www.genedirex.com/?p=459
GeneDireX,genedirex.com,1 kb DNA Ladder RTU,bp,5,4000,36,,13,http://www.genedirex.com/?p=459
GeneDireX,genedirex.com,1 kb DNA Ladder RTU,bp,6,3000,184,reference band,13,http://www.genedirex.com/?p=459
GeneDireX,genedirex.com,1 kb DNA Ladder RTU,bp,7,2500,68,,13,http://www.genedirex.com/?p=459
GeneDireX,genedirex.com,1 kb DNA Ladder RTU,bp,8,2000,68,,13,http://www.genedirex.com/?p=459
GeneDireX,genedirex.com,1 kb DNA Ladder RTU,bp,9,1500,40,,13,http://www.genedirex.com/?p=459
GeneDireX,genedirex.com,1 kb DNA Ladder RTU,bp,10,1000,184,reference band,13,http://www.genedirex.com/?p=459
GeneDireX,genedirex.com,1 kb DNA Ladder RTU,bp,11,750,46,,13,http://www.genedirex.com/?p=459
GeneDireX,genedirex.com,1 kb DNA Ladder RTU,bp,12,500,60,,13,http://www.genedirex.com/?p=459
GeneDireX,genedirex.com,1 kb DNA Ladder RTU,bp,13,250,90,,13,http://www.genedirex.com/?p=459
GeneDireX,genedirex.com,Kplus DNA Ladder RTU,bp,1,10000,38,,19,http://www.genedirex.com/?p=220
GeneDireX,genedirex.com,Kplus DNA Ladder RTU,bp,2,8000,38,,19,http://www.genedirex.com/?p=220
GeneDireX,genedirex.com,Kplus DNA Ladder RTU,bp,3,6000,38,,19,http://www.genedirex.com/?p=220
GeneDireX,genedirex.com,Kplus DNA Ladder RTU,bp,4,5000,38,,19,http://www.genedirex.com/?p=220
GeneDireX,genedirex.com,Kplus DNA Ladder RTU,bp,5,4000,30,,19,http://www.genedirex.com/?p=220
GeneDireX,genedirex.com,Kplus DNA Ladder RTU,bp,6,3000,210,reference band,19,http://www.genedirex.com/?p=220
GeneDireX,genedirex.com,Kplus DNA Ladder RTU,bp,7,2500,53,,19,http://www.genedirex.com/?p=220
GeneDireX,genedirex.com,Kplus DNA Ladder RTU,bp,8,2000,53,,19,http://www.genedirex.com/?p=220
GeneDireX,genedirex.com,Kplus DNA Ladder RTU,bp,9,1500,135,reference band,19,http://www.genedirex.com/?p=220
GeneDireX,genedirex.com,Kplus DNA Ladder RTU,bp,10,1000,75,,19,http://www.genedirex.com/?p=220
GeneDireX,genedirex.com,Kplus DNA Ladder RTU,bp,11,900,60,,19,http://www.genedirex.com/?p=220
GeneDireX,genedirex.com,Kplus DNA Ladder RTU,bp,12,800,60,,19,http://www.genedirex.com/?p=220
GeneDireX,genedirex.com,Kplus DNA Ladder RTU,bp,13,700,53,,19,http://www.genedirex.com/?p=220
GeneDireX,genedirex.com,Kplus DNA Ladder RTU,bp,14,600,45,,19,http://www.genedirex.com/?p=220
GeneDireX,genedirex.com,Kplus DNA Ladder RTU,bp,15,500,135,reference band,19,http://www.genedirex.com/?p=220
GeneDireX,genedirex.com,Kplus DNA Ladder RTU,bp,16,400,60,,19,http://www.genedirex.com/?p=220
GeneDireX,genedirex.com,Kplus DNA Ladder RTU,bp,17,300,53,,19,http://www.genedirex.com/?p=220
GeneDireX,genedirex.com,Kplus DNA Ladder RTU,bp,18,200,60,,19,http://www.genedirex.com/?p=220
GeneDireX,genedirex.com,Kplus DNA Ladder RTU,bp,19,100,60,,19,http://www.genedirex.com/?p=220
GeneDireX,genedirex.com,OneMARK 100,bp,1,3000,60,,12,http://www.genedirex.com/?p=3081
GeneDireX,genedirex.com,OneMARK 100,bp,2,1500,105,reference band,12,http://www.genedirex.com/?p=3081
GeneDireX,genedirex.com,OneMARK 100,bp,3,1000,75,,12,http://www.genedirex.com/?p=3081
GeneDireX,genedirex.com,OneMARK 100,bp,4,900,60,,12,http://www.genedirex.com/?p=3081
GeneDireX,genedirex.com,OneMARK 100,bp,5,800,60,,12,http://www.genedirex.com/?p=3081
GeneDireX,genedirex.com,OneMARK 100,bp,6,700,45,,12,http://www.genedirex.com/?p=3081
GeneDireX,genedirex.com,OneMARK 100,bp,7,600,45,,12,http://www.genedirex.com/?p=3081
GeneDireX,genedirex.com,OneMARK 100,bp,8,500,135,reference band,12,http://www.genedirex.com/?p=3081
GeneDireX,genedirex.com,OneMARK 100,bp,9,400,60,,12,http://www.genedirex.com/?p=3081
GeneDireX,genedirex.com,OneMARK 100,bp,10,300,45,,12,http://www.genedirex.com/?p=3081
GeneDireX,genedirex.com,OneMARK 100,bp,11,200,60,,12,http://www.genedirex.com/?p=3081
GeneDireX,genedirex.com,OneMARK 100,bp,12,100,60,,12,http://www.genedirex.com/?p=3081
GeneDireX,genedirex.com,OneMARK B,bp,1,10000,56,,13,http://www.genedirex.com/?p=3074
GeneDireX,genedirex.com,OneMARK B,bp,2,8000,56,,13,http://www.genedirex.com/?p=3074
GeneDireX,genedirex.com,OneMARK B,bp,3,6000,56,,13,http://www.genedirex.com/?p=3074
GeneDireX,genedirex.com,OneMARK B,bp,4,5000,56,,13,http://www.genedirex.com/?p=3074
GeneDireX,genedirex.com,OneMARK B,bp,5,4000,36,,13,http://www.genedirex.com/?p=3074
GeneDireX,genedirex.com,OneMARK B,bp,6,3000,184,reference band,13,http://www.genedirex.com/?p=3074
GeneDireX,genedirex.com,OneMARK B,bp,7,2500,68,,13,http://www.genedirex.com/?p=3074
GeneDireX,genedirex.com,OneMARK B,bp,8,2000,68,,13,http://www.genedirex.com/?p=3074
GeneDireX,genedirex.com,OneMARK B,bp,9,1500,40,,13,http://www.genedirex.com/?p=3074
GeneDireX,genedirex.com,OneMARK B,bp,10,1000,194,reference band,13,http://www.genedirex.com/?p=3074
GeneDireX,genedirex.com,OneMARK B,bp,11,750,46,,13,http://www.genedirex.com/?p=3074
GeneDireX,genedirex.com,OneMARK B,bp,12,500,60,,13,http://www.genedirex.com/?p=3074
GeneDireX,genedirex.com,OneMARK B,bp,13,250,90,,13,http://www.genedirex.com/?p=3074
GeneDireX,genedirex.com,XLarge DNA Ladder RT,bp,1,25000,32,,14,http://www.genedirex.com/?p=227
GeneDireX,genedirex.com,XLarge DNA Ladder RT,bp,2,10000,56,,14,http://www.genedirex.com/?p=227
GeneDireX,genedirex.com,XLarge DNA Ladder RT,bp,3,8000,56,,14,http://www.genedirex.com/?p=227
GeneDireX,genedirex.com,XLarge DNA Ladder RT,bp,4,6000,56,,14,http://www.genedirex.com/?p=227
GeneDireX,genedirex.com,XLarge DNA Ladder RT,bp,5,5000,56,,14,http://www.genedirex.com/?p=227
GeneDireX,genedirex.com,XLarge DNA Ladder RT,bp,6,4000,36,,14,http://www.genedirex.com/?p=227
GeneDireX,genedirex.com,XLarge DNA Ladder RT,bp,7,3000,184,reference band,14,http://www.genedirex.com/?p=227
GeneDireX,genedirex.com,XLarge DNA Ladder RT,bp,8,2500,68,,14,http://www.genedirex.com/?p=227
GeneDireX,genedirex.com,XLarge DNA Ladder RT,bp,9,2000,68,,14,http://www.genedirex.com/?p=227
GeneDireX,genedirex.com,XLarge DNA Ladder RT,bp,10,1500,40,,14,http://www.genedirex.com/?p=227
GeneDireX,genedirex.com,XLarge DNA Ladder RT,bp,11,1000,184,reference band,14,http://www.genedirex.com/?p=227
GeneDireX,genedirex.com,XLarge DNA Ladder RT,bp,12,750,46,,14,http://www.genedirex.com/?p=227
GeneDireX,genedirex.com,XLarge DNA Ladder RT,bp,13,500,60,,14,http://www.genedirex.com/?p=227
GeneDireX,genedirex.com,XLarge DNA Ladder RT,bp,14,250,90,,14,http://www.genedirex.com/?p=227
GeneMate,bioexpress.com,Quanti-Marker 25 bp,bp,1,500,60,,12,https://bioexpress.com/store/catalog/product.jsp?catalog_number=C-5089-200
GeneMate,bioexpress.com,Quanti-Marker 25 bp,bp,2,400,60,,12,https://bioexpress.com/store/catalog/product.jsp?catalog_number=C-5089-200
GeneMate,bioexpress.com,Quanti-Marker 25 bp,bp,3,300,60,,12,https://bioexpress.com/store/catalog/product.jsp?catalog_number=C-5089-200
GeneMate,bioexpress.com,Quanti-Marker 25 bp,bp,4,250,60,,12,https://bioexpress.com/store/catalog/product.jsp?catalog_number=C-5089-200
GeneMate,bioexpress.com,Quanti-Marker 25 bp,bp,5,200,120,reference band,12,https://bioexpress.com/store/catalog/product.jsp?catalog_number=C-5089-200
GeneMate,bioexpress.com,Quanti-Marker 25 bp,bp,6,175,80,,12,https://bioexpress.com/store/catalog/product.jsp?catalog_number=C-5089-200
GeneMate,bioexpress.com,Quanti-Marker 25 bp,bp,7,150,80,,12,https://bioexpress.com/store/catalog/product.jsp?catalog_number=C-5089-200
GeneMate,bioexpress.com,Quanti-Marker 25 bp,bp,8,125,80,,12,https://bioexpress.com/store/catalog/product.jsp?catalog_number=C-5089-200
GeneMate,bioexpress.com,Quanti-Marker 25 bp,bp,9,100,120,reference band,12,https://bioexpress.com/store/catalog/product.jsp?catalog_number=C-5089-200
GeneMate,bioexpress.com,Quanti-Marker 25 bp,bp,10,75,80,,12,https://bioexpress.com/store/catalog/product.jsp?catalog_number=C-5089-200
GeneMate,bioexpress.com,Quanti-Marker 25 bp,bp,11,50,80,,12,https://bioexpress.com/store/catalog/product.jsp?catalog_number=C-5089-200
GeneMate,bioexpress.com,Quanti-Marker 25 bp,bp,12,25,80,,12,https://bioexpress.com/store/catalog/product.jsp?catalog_number=C-5089-200
GeneMate,bioexpress.com,Quanti-Marker 100 bp,bp,1,2531,88,,13,https://www.bioexpress.com/store/catalog/product.jsp?catalog_number=C-5088-200
GeneMate,bioexpress.com,Quanti-Marker 100 bp,bp,2,2000,70,,13,https://www.bioexpress.com/store/catalog/product.jsp?catalog_number=C-5088-200
GeneMate,bioexpress.com,Quanti-Marker 100 bp,bp,3,1500,53,,13,https://www.bioexpress.com/store/catalog/product.jsp?catalog_number=C-5088-200
GeneMate,bioexpress.com,Quanti-Marker 100 bp,bp,4,1000,88,,13,https://www.bioexpress.com/store/catalog/product.jsp?catalog_number=C-5088-200
GeneMate,bioexpress.com,Quanti-Marker 100 bp,bp,5,800,70,,13,https://www.bioexpress.com/store/catalog/product.jsp?catalog_number=C-5088-200
GeneMate,bioexpress.com,Quanti-Marker 100 bp,bp,6,700,61,,13,https://www.bioexpress.com/store/catalog/product.jsp?catalog_number=C-5088-200
GeneMate,bioexpress.com,Quanti-Marker 100 bp,bp,7,600,53,,13,https://www.bioexpress.com/store/catalog/product.jsp?catalog_number=C-5088-200
GeneMate,bioexpress.com,Quanti-Marker 100 bp,bp,8,517,44,,13,https://www.bioexpress.com/store/catalog/product.jsp?catalog_number=C-5088-200
GeneMate,bioexpress.com,Quanti-Marker 100 bp,bp,9,500,44,,13,https://www.bioexpress.com/store/catalog/product.jsp?catalog_number=C-5088-200
GeneMate,bioexpress.com,Quanti-Marker 100 bp,bp,10,400,70,,13,https://www.bioexpress.com/store/catalog/product.jsp?catalog_number=C-5088-200
GeneMate,bioexpress.com,Quanti-Marker 100 bp,bp,11,300,53,,13,https://www.bioexpress.com/store/catalog/product.jsp?catalog_number=C-5088-200
GeneMate,bioexpress.com,Quanti-Marker 100 bp,bp,12,200,53,,13,https://www.bioexpress.com/store/catalog/product.jsp?catalog_number=C-5088-200
GeneMate,bioexpress.com,Quanti-Marker 100 bp,bp,13,100,53,,13,https://www.bioexpress.com/store/catalog/product.jsp?catalog_number=C-5088-200
GeneMate,bioexpress.com,Quanti-Marker 1 kb,bp,1,12007,125,,15,https://www.bioexpress.com/store/catalog/product.jsp?catalog_number=C-5087-200
GeneMate,bioexpress.com,Quanti-Marker 1 kb,bp,2,10000,100,,15,https://www.bioexpress.com/store/catalog/product.jsp?catalog_number=C-5087-200
GeneMate,bioexpress.com,Quanti-Marker 1 kb,bp,3,8000,75,,15,https://www.bioexpress.com/store/catalog/product.jsp?catalog_number=C-5087-200
GeneMate,bioexpress.com,Quanti-Marker 1 kb,bp,4,6000,75,,15,https://www.bioexpress.com/store/catalog/product.jsp?catalog_number=C-5087-200
GeneMate,bioexpress.com,Quanti-Marker 1 kb,bp,5,5000,63,,15,https://www.bioexpress.com/store/catalog/product.jsp?catalog_number=C-5087-200
GeneMate,bioexpress.com,Quanti-Marker 1 kb,bp,6,4000,50,,15,https://www.bioexpress.com/store/catalog/product.jsp?catalog_number=C-5087-200
GeneMate,bioexpress.com,Quanti-Marker 1 kb,bp,7,3000,38,,15,https://www.bioexpress.com/store/catalog/product.jsp?catalog_number=C-5087-200
GeneMate,bioexpress.com,Quanti-Marker 1 kb,bp,8,2500,63,,15,https://www.bioexpress.com/store/catalog/product.jsp?catalog_number=C-5087-200
GeneMate,bioexpress.com,Quanti-Marker 1 kb,bp,9,2000,50,,15,https://www.bioexpress.com/store/catalog/product.jsp?catalog_number=C-5087-200
GeneMate,bioexpress.com,Quanti-Marker 1 kb,bp,10,1500,38,,15,https://www.bioexpress.com/store/catalog/product.jsp?catalog_number=C-5087-200
GeneMate,bioexpress.com,Quanti-Marker 1 kb,bp,11,1000,125,reference band,15,https://www.bioexpress.com/store/catalog/product.jsp?catalog_number=C-5087-200
GeneMate,bioexpress.com,Quanti-Marker 1 kb,bp,12,700,88,,15,https://www.bioexpress.com/store/catalog/product.jsp?catalog_number=C-5087-200
GeneMate,bioexpress.com,Quanti-Marker 1 kb,bp,13,517,31,,15,https://www.bioexpress.com/store/catalog/product.jsp?catalog_number=C-5087-200
GeneMate,bioexpress.com,Quanti-Marker 1 kb,bp,14,500,31,,15,https://www.bioexpress.com/store/catalog/product.jsp?catalog_number=C-5087-200
GeneMate,bioexpress.com,Quanti-Marker 1 kb,bp,15,250,63,,15,https://www.bioexpress.com/store/catalog/product.jsp?catalog_number=C-5087-200
Genessee Scientific,geneseesci.com,Apex 20 bp DNA Ladder,bp,1,500,30,,25,https://geneseesci.com/shop-online/product-details/?product=19-107
Genessee Scientific,geneseesci.com,Apex 20 bp DNA Ladder,bp,2,480,30,hidden,25,https://geneseesci.com/shop-online/product-details/?product=19-107
Genessee Scientific,geneseesci.com,Apex 20 bp DNA Ladder,bp,3,460,30,hidden,25,https://geneseesci.com/shop-online/product-details/?product=19-107
Genessee Scientific,geneseesci.com,Apex 20 bp DNA Ladder,bp,4,440,30,hidden,25,https://geneseesci.com/shop-online/product-details/?product=19-107
Genessee Scientific,geneseesci.com,Apex 20 bp DNA Ladder,bp,5,420,30,hidden,25,https://geneseesci.com/shop-online/product-details/?product=19-107
Genessee Scientific,geneseesci.com,Apex 20 bp DNA Ladder,bp,6,400,30,,25,https://geneseesci.com/shop-online/product-details/?product=19-107
Genessee Scientific,geneseesci.com,Apex 20 bp DNA Ladder,bp,7,380,30,hidden,25,https://geneseesci.com/shop-online/product-details/?product=19-107
Genessee Scientific,geneseesci.com,Apex 20 bp DNA Ladder,bp,8,360,30,hidden,25,https://geneseesci.com/shop-online/product-details/?product=19-107
Genessee Scientific,geneseesci.com,Apex 20 bp DNA Ladder,bp,9,340,30,hidden,25,https://geneseesci.com/shop-online/product-details/?product=19-107
Genessee Scientific,geneseesci.com,Apex 20 bp DNA Ladder,bp,10,320,30,hidden,25,https://geneseesci.com/shop-online/product-details/?product=19-107
Genessee Scientific,geneseesci.com,Apex 20 bp DNA Ladder,bp,11,300,30,,25,https://geneseesci.com/shop-online/product-details/?product=19-107
Genessee Scientific,geneseesci.com,Apex 20 bp DNA Ladder,bp,12,280,30,hidden,25,https://geneseesci.com/shop-online/product-details/?product=19-107
Genessee Scientific,geneseesci.com,Apex 20 bp DNA Ladder,bp,13,260,30,hidden,25,https://geneseesci.com/shop-online/product-details/?product=19-107
Genessee Scientific,geneseesci.com,Apex 20 bp DNA Ladder,bp,14,240,30,hidden,25,https://geneseesci.com/shop-online/product-details/?product=19-107
Genessee Scientific,geneseesci.com,Apex 20 bp DNA Ladder,bp,15,220,30,hidden,25,https://geneseesci.com/shop-online/product-details/?product=19-107
Genessee Scientific,geneseesci.com,Apex 20 bp DNA Ladder,bp,16,200,75,reference band,25,https://geneseesci.com/shop-online/product-details/?product=19-107
Genessee Scientific,geneseesci.com,Apex 20 bp DNA Ladder,bp,17,180,30,hidden,25,https://geneseesci.com/shop-online/product-details/?product=19-107
Genessee Scientific,geneseesci.com,Apex 20 bp DNA Ladder,bp,18,160,30,hidden,25,https://geneseesci.com/shop-online/product-details/?product=19-107
Genessee Scientific,geneseesci.com,Apex 20 bp DNA Ladder,bp,19,140,30,hidden,25,https://geneseesci.com/shop-online/product-details/?product=19-107
Genessee Scientific,geneseesci.com,Apex 20 bp DNA Ladder,bp,20,120,30,hidden,25,https://geneseesci.com/shop-online/product-details/?product=19-107
Genessee Scientific,geneseesci.com,Apex 20 bp DNA Ladder,bp,21,100,30,,25,https://geneseesci.com/shop-online/product-details/?product=19-107
Genessee Scientific,geneseesci.com,Apex 20 bp DNA Ladder,bp,22,80,30,,25,https://geneseesci.com/shop-online/product-details/?product=19-107
Genessee Scientific,geneseesci.com,Apex 20 bp DNA Ladder,bp,23,60,30,,25,https://geneseesci.com/shop-online/product-details/?product=19-107
Genessee Scientific,geneseesci.com,Apex 20 bp DNA Ladder,bp,24,40,30,,25,https://geneseesci.com/shop-online/product-details/?product=19-107
Genessee Scientific,geneseesci.com,Apex 20 bp DNA Ladder,bp,25,20,30,,25,https://geneseesci.com/shop-online/product-details/?product=19-107
Genessee Scientific,geneseesci.com,Apex 100 bp – Low DNA Ladder,bp,1,1000,50,,10,https://geneseesci.com/shop-online/product-details/?product=19-109
Genessee Scientific,geneseesci.com,Apex 100 bp – Low DNA Ladder,bp,2,900,50,,10,https://geneseesci.com/shop-online/product-details/?product=19-109
Genessee Scientific,geneseesci.com,Apex 100 bp – Low DNA Ladder,bp,3,800,50,,10,https://geneseesci.com/shop-online/product-details/?product=19-109
Genessee Scientific,geneseesci.com,Apex 100 bp – Low DNA Ladder,bp,4,700,50,,10,https://geneseesci.com/shop-online/product-details/?product=19-109
Genessee Scientific,geneseesci.com,Apex 100 bp – Low DNA Ladder,bp,5,600,50,,10,https://geneseesci.com/shop-online/product-details/?product=19-109
Genessee Scientific,geneseesci.com,Apex 100 bp – Low DNA Ladder,bp,6,500,50,,10,https://geneseesci.com/shop-online/product-details/?product=19-109
Genessee Scientific,geneseesci.com,Apex 100 bp – Low DNA Ladder,bp,7,400,50,,10,https://geneseesci.com/shop-online/product-details/?product=19-109
Genessee Scientific,geneseesci.com,Apex 100 bp – Low DNA Ladder,bp,8,300,50,,10,https://geneseesci.com/shop-online/product-details/?product=19-109
Genessee Scientific,geneseesci.com,Apex 100 bp – Low DNA Ladder,bp,9,200,50,,10,https://geneseesci.com/shop-online/product-details/?product=19-109
Genessee Scientific,geneseesci.com,Apex 100 bp – Low DNA Ladder,bp,10,100,50,,10,https://geneseesci.com/shop-online/product-details/?product=19-109
Genessee Scientific,geneseesci.com,Apex 100 bp – Mid DNA Ladder,bp,1,3000,30,,30,https://geneseesci.com/shop-online/product-details/?product=19-117
Genessee Scientific,geneseesci.com,Apex 100 bp – Mid DNA Ladder,bp,2,2900,30,hidden,30,https://geneseesci.com/shop-online/product-details/?product=19-117
Genessee Scientific,geneseesci.com,Apex 100 bp – Mid DNA Ladder,bp,3,2800,30,hidden,30,https://geneseesci.com/shop-online/product-details/?product=19-117
Genessee Scientific,geneseesci.com,Apex 100 bp – Mid DNA Ladder,bp,4,2700,30,hidden,30,https://geneseesci.com/shop-online/product-details/?product=19-117
Genessee Scientific,geneseesci.com,Apex 100 bp – Mid DNA Ladder,bp,5,2600,30,hidden,30,https://geneseesci.com/shop-online/product-details/?product=19-117
Genessee Scientific,geneseesci.com,Apex 100 bp – Mid DNA Ladder,bp,6,2500,30,hidden,30,https://geneseesci.com/shop-online/product-details/?product=19-117
Genessee Scientific,geneseesci.com,Apex 100 bp – Mid DNA Ladder,bp,7,2400,30,hidden,30,https://geneseesci.com/shop-online/product-details/?product=19-117
Genessee Scientific,geneseesci.com,Apex 100 bp – Mid DNA Ladder,bp,8,2300,30,hidden,30,https://geneseesci.com/shop-online/product-details/?product=19-117
Genessee Scientific,geneseesci.com,Apex 100 bp – Mid DNA Ladder,bp,9,2200,30,hidden,30,https://geneseesci.com/shop-online/product-details/?product=19-117
Genessee Scientific,geneseesci.com,Apex 100 bp – Mid DNA Ladder,bp,10,2100,30,hidden,30,https://geneseesci.com/shop-online/product-details/?product=19-117
Genessee Scientific,geneseesci.com,Apex 100 bp – Mid DNA Ladder,bp,11,2000,30,,30,https://geneseesci.com/shop-online/product-details/?product=19-117
Genessee Scientific,geneseesci.com,Apex 100 bp – Mid DNA Ladder,bp,12,1900,30,hidden,30,https://geneseesci.com/shop-online/product-details/?product=19-117
Genessee Scientific,geneseesci.com,Apex 100 bp – Mid DNA Ladder,bp,13,1800,30,hidden,30,https://geneseesci.com/shop-online/product-details/?product=19-117
Genessee Scientific,geneseesci.com,Apex 100 bp – Mid DNA Ladder,bp,14,1700,30,hidden,30,https://geneseesci.com/shop-online/product-details/?product=19-117
Genessee Scientific,geneseesci.com,Apex 100 bp – Mid DNA Ladder,bp,15,1600,30,hidden,30,https://geneseesci.com/shop-online/product-details/?product=19-117
Genessee Scientific,geneseesci.com,Apex 100 bp – Mid DNA Ladder,bp,16,1500,30,hidden,30,https://geneseesci.com/shop-online/product-details/?product=19-117
Genessee Scientific,geneseesci.com,Apex 100 bp – Mid DNA Ladder,bp,17,1400,30,hidden,30,https://geneseesci.com/shop-online/product-details/?product=19-117
Genessee Scientific,geneseesci.com,Apex 100 bp – Mid DNA Ladder,bp,18,1300,30,hidden,30,https://geneseesci.com/shop-online/product-details/?product=19-117
Genessee Scientific,geneseesci.com,Apex 100 bp – Mid DNA Ladder,bp,19,1200,30,hidden,30,https://geneseesci.com/shop-online/product-details/?product=19-117
Genessee Scientific,geneseesci.com,Apex 100 bp – Mid DNA Ladder,bp,20,1100,30,hidden,30,https://geneseesci.com/shop-online/product-details/?product=19-117
Genessee Scientific,geneseesci.com,Apex 100 bp – Mid DNA Ladder,bp,21,1000,75,reference band,30,https://geneseesci.com/shop-online/product-details/?product=19-117
Genessee Scientific,geneseesci.com,Apex 100 bp – Mid DNA Ladder,bp,22,900,30,hidden,30,https://geneseesci.com/shop-online/product-details/?product=19-117
Genessee Scientific,geneseesci.com,Apex 100 bp – Mid DNA Ladder,bp,23,800,30,hidden,30,https://geneseesci.com/shop-online/product-details/?product=19-117
Genessee Scientific,geneseesci.com,Apex 100 bp – Mid DNA Ladder,bp,24,700,30,hidden,30,https://geneseesci.com/shop-online/product-details/?product=19-117
Genessee Scientific,geneseesci.com,Apex 100 bp – Mid DNA Ladder,bp,25,600,30,hidden,30,https://geneseesci.com/shop-online/product-details/?product=19-117
Genessee Scientific,geneseesci.com,Apex 100 bp – Mid DNA Ladder,bp,26,500,30,,30,https://geneseesci.com/shop-online/product-details/?product=19-117
Genessee Scientific,geneseesci.com,Apex 100 bp – Mid DNA Ladder,bp,27,400,30,,30,https://geneseesci.com/shop-online/product-details/?product=19-117
Genessee Scientific,geneseesci.com,Apex 100 bp – Mid DNA Ladder,bp,28,300,30,,30,https://geneseesci.com/shop-online/product-details/?product=19-117
Genessee Scientific,geneseesci.com,Apex 100 bp – Mid DNA Ladder,bp,29,200,30,,30,https://geneseesci.com/shop-online/product-details/?product=19-117
Genessee Scientific,geneseesci.com,Apex 100 bp – Mid DNA Ladder,bp,30,100,30,,30,https://geneseesci.com/shop-online/product-details/?product=19-117
Genessee Scientific,geneseesci.com,Apex 200 bp DNA Ladder,bp,1,5000,30,,25,https://geneseesci.com/shop-online/product-details/?product=19-111
Genessee Scientific,geneseesci.com,Apex 200 bp DNA Ladder,bp,2,4800,30,hidden,25,https://geneseesci.com/shop-online/product-details/?product=19-111
Genessee Scientific,geneseesci.com,Apex 200 bp DNA Ladder,bp,3,4600,30,hidden,25,https://geneseesci.com/shop-online/product-details/?product=19-111
Genessee Scientific,geneseesci.com,Apex 200 bp DNA Ladder,bp,4,4400,30,hidden,25,https://geneseesci.com/shop-online/product-details/?product=19-111
Genessee Scientific,geneseesci.com,Apex 200 bp DNA Ladder,bp,5,4200,30,hidden,25,https://geneseesci.com/shop-online/product-details/?product=19-111
Genessee Scientific,geneseesci.com,Apex 200 bp DNA Ladder,bp,6,4000,30,,25,https://geneseesci.com/shop-online/product-details/?product=19-111
Genessee Scientific,geneseesci.com,Apex 200 bp DNA Ladder,bp,7,3800,30,hidden,25,https://geneseesci.com/shop-online/product-details/?product=19-111
Genessee Scientific,geneseesci.com,Apex 200 bp DNA Ladder,bp,8,3600,30,hidden,25,https://geneseesci.com/shop-online/product-details/?product=19-111
Genessee Scientific,geneseesci.com,Apex 200 bp DNA Ladder,bp,9,3400,30,hidden,25,https://geneseesci.com/shop-online/product-details/?product=19-111
Genessee Scientific,geneseesci.com,Apex 200 bp DNA Ladder,bp,10,3200,30,hidden,25,https://geneseesci.com/shop-online/product-details/?product=19-111
Genessee Scientific,geneseesci.com,Apex 200 bp DNA Ladder,bp,11,3000,30,,25,https://geneseesci.com/shop-online/product-details/?product=19-111
Genessee Scientific,geneseesci.com,Apex 200 bp DNA Ladder,bp,12,2800,30,hidden,25,https://geneseesci.com/shop-online/product-details/?product=19-111
Genessee Scientific,geneseesci.com,Apex 200 bp DNA Ladder,bp,13,2600,30,hidden,25,https://geneseesci.com/shop-online/product-details/?product=19-111
Genessee Scientific,geneseesci.com,Apex 200 bp DNA Ladder,bp,14,2400,30,hidden,25,https://geneseesci.com/shop-online/product-details/?product=19-111
Genessee Scientific,geneseesci.com,Apex 200 bp DNA Ladder,bp,15,2200,30,hidden,25,https://geneseesci.com/shop-online/product-details/?product=19-111
Genessee Scientific,geneseesci.com,Apex 200 bp DNA Ladder,bp,16,2000,75,reference band,25,https://geneseesci.com/shop-online/product-details/?product=19-111
Genessee Scientific,geneseesci.com,Apex 200 bp DNA Ladder,bp,17,1800,30,hidden,25,https://geneseesci.com/shop-online/product-details/?product=19-111
Genessee Scientific,geneseesci.com,Apex 200 bp DNA Ladder,bp,18,1600,30,hidden,25,https://geneseesci.com/shop-online/product-details/?product=19-111
Genessee Scientific,geneseesci.com,Apex 200 bp DNA Ladder,bp,19,1400,30,hidden,25,https://geneseesci.com/shop-online/product-details/?product=19-111
Genessee Scientific,geneseesci.com,Apex 200 bp DNA Ladder,bp,20,1200,30,hidden,25,https://geneseesci.com/shop-online/product-details/?product=19-111
Genessee Scientific,geneseesci.com,Apex 200 bp DNA Ladder,bp,21,1000,30,,25,https://geneseesci.com/shop-online/product-details/?product=19-111
Genessee Scientific,geneseesci.com,Apex 200 bp DNA Ladder,bp,22,800,30,,25,https://geneseesci.com/shop-online/product-details/?product=19-111
Genessee Scientific,geneseesci.com,Apex 200 bp DNA Ladder,bp,23,600,30,,25,https://geneseesci.com/shop-online/product-details/?product=19-111
Genessee Scientific,geneseesci.com,Apex 200 bp DNA Ladder,bp,24,400,30,,25,https://geneseesci.com/shop-online/product-details/?product=19-111
Genessee Scientific,geneseesci.com,Apex 200 bp DNA Ladder,bp,25,200,30,,25,https://geneseesci.com/shop-online/product-details/?product=19-111
Genessee Scientific,geneseesci.com,Apex 500 bp DNA Ladder,bp,1,5000,75,reference band,10,https://geneseesci.com/shop-online/product-details/?product=19-113
Genessee Scientific,geneseesci.com,Apex 500 bp DNA Ladder,bp,2,4500,30,,10,https://geneseesci.com/shop-online/product-details/?product=19-113
Genessee Scientific,geneseesci.com,Apex 500 bp DNA Ladder,bp,3,4000,30,,10,https://geneseesci.com/shop-online/product-details/?product=19-113
Genessee Scientific,geneseesci.com,Apex 500 bp DNA Ladder,bp,4,3500,30,,10,https://geneseesci.com/shop-online/product-details/?product=19-113
Genessee Scientific,geneseesci.com,Apex 500 bp DNA Ladder,bp,5,3000,30,,10,https://geneseesci.com/shop-online/product-details/?product=19-113
Genessee Scientific,geneseesci.com,Apex 500 bp DNA Ladder,bp,6,2500,30,,10,https://geneseesci.com/shop-online/product-details/?product=19-113
Genessee Scientific,geneseesci.com,Apex 500 bp DNA Ladder,bp,7,2000,50,,10,https://geneseesci.com/shop-online/product-details/?product=19-113
Genessee Scientific,geneseesci.com,Apex 500 bp DNA Ladder,bp,8,1500,30,,10,https://geneseesci.com/shop-online/product-details/?product=19-113
Genessee Scientific,geneseesci.com,Apex 500 bp DNA Ladder,bp,9,1000,30,,10,https://geneseesci.com/shop-online/product-details/?product=19-113
Genessee Scientific,geneseesci.com,Apex 500 bp DNA Ladder,bp,10,500,30,,10,https://geneseesci.com/shop-online/product-details/?product=19-113
Genessee Scientific,geneseesci.com,Apex 1 Kb DNA Ladder,kb,1,15000,30,,15,https://geneseesci.com/shop-online/product-details/?product=19-115
Genessee Scientific,geneseesci.com,Apex 1 Kb DNA Ladder,kb,2,14000,30,hidden,15,https://geneseesci.com/shop-online/product-details/?product=19-115
Genessee Scientific,geneseesci.com,Apex 1 Kb DNA Ladder,kb,3,13000,30,hidden,15,https://geneseesci.com/shop-online/product-details/?product=19-115
Genessee Scientific,geneseesci.com,Apex 1 Kb DNA Ladder,kb,4,12000,30,hidden,15,https://geneseesci.com/shop-online/product-details/?product=19-115
Genessee Scientific,geneseesci.com,Apex 1 Kb DNA Ladder,kb,5,11000,30,hidden,15,https://geneseesci.com/shop-online/product-details/?product=19-115
Genessee Scientific,geneseesci.com,Apex 1 Kb DNA Ladder,kb,6,10000,30,,15,https://geneseesci.com/shop-online/product-details/?product=19-115
Genessee Scientific,geneseesci.com,Apex 1 Kb DNA Ladder,kb,7,9000,30,,15,https://geneseesci.com/shop-online/product-details/?product=19-115
Genessee Scientific,geneseesci.com,Apex 1 Kb DNA Ladder,kb,8,8000,30,,15,https://geneseesci.com/shop-online/product-details/?product=19-115
Genessee Scientific,geneseesci.com,Apex 1 Kb DNA Ladder,kb,9,7000,30,,15,https://geneseesci.com/shop-online/product-details/?product=19-115
Genessee Scientific,geneseesci.com,Apex 1 Kb DNA Ladder,kb,10,6000,30,,15,https://geneseesci.com/shop-online/product-details/?product=19-115
Genessee Scientific,geneseesci.com,Apex 1 Kb DNA Ladder,kb,11,5000,75,reference band,15,https://geneseesci.com/shop-online/product-details/?product=19-115
Genessee Scientific,geneseesci.com,Apex 1 Kb DNA Ladder,kb,12,4000,30,,15,https://geneseesci.com/shop-online/product-details/?product=19-115
Genessee Scientific,geneseesci.com,Apex 1 Kb DNA Ladder,kb,13,3000,30,,15,https://geneseesci.com/shop-online/product-details/?product=19-115
Genessee Scientific,geneseesci.com,Apex 1 Kb DNA Ladder,kb,14,2000,30,,15,https://geneseesci.com/shop-online/product-details/?product=19-115
Genessee Scientific,geneseesci.com,Apex 1 Kb DNA Ladder,kb,15,1000,30,,15,https://geneseesci.com/shop-online/product-details/?product=19-115
Genessee Scientific,geneseesci.com,Apex 2.5 Kb DNA Ladder,kb,1,35000,30,,14,https://geneseesci.com/shop-online/product-details/?product=19-116
Genessee Scientific,geneseesci.com,Apex 2.5 Kb DNA Ladder,kb,2,32500,30,hidden,14,https://geneseesci.com/shop-online/product-details/?product=19-116
Genessee Scientific,geneseesci.com,Apex 2.5 Kb DNA Ladder,kb,3,30000,30,,14,https://geneseesci.com/shop-online/product-details/?product=19-116
Genessee Scientific,geneseesci.com,Apex 2.5 Kb DNA Ladder,kb,4,27500,30,hidden,14,https://geneseesci.com/shop-online/product-details/?product=19-116
Genessee Scientific,geneseesci.com,Apex 2.5 Kb DNA Ladder,kb,5,25000,30,,14,https://geneseesci.com/shop-online/product-details/?product=19-116
Genessee Scientific,geneseesci.com,Apex 2.5 Kb DNA Ladder,kb,6,22500,30,hidden,14,https://geneseesci.com/shop-online/product-details/?product=19-116
Genessee Scientific,geneseesci.com,Apex 2.5 Kb DNA Ladder,kb,7,20000,30,,14,https://geneseesci.com/shop-online/product-details/?product=19-116
Genessee Scientific,geneseesci.com,Apex 2.5 Kb DNA Ladder,kb,8,17500,30,,14,https://geneseesci.com/shop-online/product-details/?product=19-116
Genessee Scientific,geneseesci.com,Apex 2.5 Kb DNA Ladder,kb,9,15000,30,,14,https://geneseesci.com/shop-online/product-details/?product=19-116
Genessee Scientific,geneseesci.com,Apex 2.5 Kb DNA Ladder,kb,10,12500,30,,14,https://geneseesci.com/shop-online/product-details/?product=19-116
Genessee Scientific,geneseesci.com,Apex 2.5 Kb DNA Ladder,kb,11,10000,75,reference band,14,https://geneseesci.com/shop-online/product-details/?product=19-116
Genessee Scientific,geneseesci.com,Apex 2.5 Kb DNA Ladder,kb,12,7500,30,,14,https://geneseesci.com/shop-online/product-details/?product=19-116
Genessee Scientific,geneseesci.com,Apex 2.5 Kb DNA Ladder,kb,13,5000,30,,14,https://geneseesci.com/shop-online/product-details/?product=19-116
Genessee Scientific,geneseesci.com,Apex 2.5 Kb DNA Ladder,kb,14,2500,30,,14,https://geneseesci.com/shop-online/product-details/?product=19-116
Genessee Scientific,geneseesci.com,Apex DNA Ladder I,bp,1,12000,60,,14,https://geneseesci.com/shop-online/product-details/?product=42-426
Genessee Scientific,geneseesci.com,Apex DNA Ladder I,bp,2,8000,80,,14,https://geneseesci.com/shop-online/product-details/?product=42-426
Genessee Scientific,geneseesci.com,Apex DNA Ladder I,bp,3,6000,60,,14,https://geneseesci.com/shop-online/product-details/?product=42-426
Genessee Scientific,geneseesci.com,Apex DNA Ladder I,bp,4,5000,50,,14,https://geneseesci.com/shop-online/product-details/?product=42-426
Genessee Scientific,geneseesci.com,Apex DNA Ladder I,bp,5,4000,40,,14,https://geneseesci.com/shop-online/product-details/?product=42-426
Genessee Scientific,geneseesci.com,Apex DNA Ladder I,bp,6,3000,30,,14,https://geneseesci.com/shop-online/product-details/?product=42-426
Genessee Scientific,geneseesci.com,Apex DNA Ladder I,bp,7,2500,25,,14,https://geneseesci.com/shop-online/product-details/?product=42-426
Genessee Scientific,geneseesci.com,Apex DNA Ladder I,bp,8,2000,20,,14,https://geneseesci.com/shop-online/product-details/?product=42-426
Genessee Scientific,geneseesci.com,Apex DNA Ladder I,bp,9,1500,15,,14,https://geneseesci.com/shop-online/product-details/?product=42-426
Genessee Scientific,geneseesci.com,Apex DNA Ladder I,bp,10,1000,100,reference band,14,https://geneseesci.com/shop-online/product-details/?product=42-426
Genessee Scientific,geneseesci.com,Apex DNA Ladder I,bp,11,800,80,,14,https://geneseesci.com/shop-online/product-details/?product=42-426
Genessee Scientific,geneseesci.com,Apex DNA Ladder I,bp,12,600,60,,14,https://geneseesci.com/shop-online/product-details/?product=42-426
Genessee Scientific,geneseesci.com,Apex DNA Ladder I,bp,13,400,40,,14,https://geneseesci.com/shop-online/product-details/?product=42-426
Genessee Scientific,geneseesci.com,Apex DNA Ladder I,bp,14,200,20,,14,https://geneseesci.com/shop-online/product-details/?product=42-426
Genessee Scientific,geneseesci.com,Apex DNA Ladder II,bp,1,1000,100,,9,https://geneseesci.com/shop-online/product-details/?product=42-429
Genessee Scientific,geneseesci.com,Apex DNA Ladder II,bp,2,800,80,,9,https://geneseesci.com/shop-online/product-details/?product=42-429
Genessee Scientific,geneseesci.com,Apex DNA Ladder II,bp,3,700,80,,9,https://geneseesci.com/shop-online/product-details/?product=42-429
Genessee Scientific,geneseesci.com,Apex DNA Ladder II,bp,4,600,60,,9,https://geneseesci.com/shop-online/product-details/?product=42-429
Genessee Scientific,geneseesci.com,Apex DNA Ladder II,bp,5,500,60,,9,https://geneseesci.com/shop-online/product-details/?product=42-429
Genessee Scientific,geneseesci.com,Apex DNA Ladder II,bp,6,400,40,,9,https://geneseesci.com/shop-online/product-details/?product=42-429
Genessee Scientific,geneseesci.com,Apex DNA Ladder II,bp,7,300,40,,9,https://geneseesci.com/shop-online/product-details/?product=42-429
Genessee Scientific,geneseesci.com,Apex DNA Ladder II,bp,8,200,20,,9,https://geneseesci.com/shop-online/product-details/?product=42-429
Genessee Scientific,geneseesci.com,Apex DNA Ladder II,bp,9,100,20,,9,https://geneseesci.com/shop-online/product-details/?product=42-429
Genessee Scientific,geneseesci.com,Apex DNA Ladder III,bp,1,10000,100,reference band,20,https://geneseesci.com/shop-online/product-details/?product=42-424
Genessee Scientific,geneseesci.com,Apex DNA Ladder III,bp,2,8000,80,,20,https://geneseesci.com/shop-online/product-details/?product=42-424
Genessee Scientific,geneseesci.com,Apex DNA Ladder III,bp,3,6000,60,,20,https://geneseesci.com/shop-online/product-details/?product=42-424
Genessee Scientific,geneseesci.com,Apex DNA Ladder III,bp,4,5000,50,,20,https://geneseesci.com/shop-online/product-details/?product=42-424
Genessee Scientific,geneseesci.com,Apex DNA Ladder III,bp,5,4000,40,,20,https://geneseesci.com/shop-online/product-details/?product=42-424
Genessee Scientific,geneseesci.com,Apex DNA Ladder III,bp,6,3000,30,,20,https://geneseesci.com/shop-online/product-details/?product=42-424
Genessee Scientific,geneseesci.com,Apex DNA Ladder III,bp,7,2500,26,,20,https://geneseesci.com/shop-online/product-details/?product=42-424
Genessee Scientific,geneseesci.com,Apex DNA Ladder III,bp,8,2000,20,,20,https://geneseesci.com/shop-online/product-details/?product=42-424
Genessee Scientific,geneseesci.com,Apex DNA Ladder III,bp,9,1500,16,,20,https://geneseesci.com/shop-online/product-details/?product=42-424
Genessee Scientific,geneseesci.com,Apex DNA Ladder III,bp,10,1030,100,reference band,20,https://geneseesci.com/shop-online/product-details/?product=42-424
Genessee Scientific,geneseesci.com,Apex DNA Ladder III,bp,11,900,90,,20,https://geneseesci.com/shop-online/product-details/?product=42-424
Genessee Scientific,geneseesci.com,Apex DNA Ladder III,bp,12,800,80,,20,https://geneseesci.com/shop-online/product-details/?product=42-424
Genessee Scientific,geneseesci.com,Apex DNA Ladder III,bp,13,700,70,,20,https://geneseesci.com/shop-online/product-details/?product=42-424
Genessee Scientific,geneseesci.com,Apex DNA Ladder III,bp,14,600,60,,20,https://geneseesci.com/shop-online/product-details/?product=42-424
Genessee Scientific,geneseesci.com,Apex DNA Ladder III,bp,15,500,100,reference band,20,https://geneseesci.com/shop-online/product-details/?product=42-424
Genessee Scientific,geneseesci.com,Apex DNA Ladder III,bp,16,400,40,,20,https://geneseesci.com/shop-online/product-details/?product=42-424
Genessee Scientific,geneseesci.com,Apex DNA Ladder III,bp,17,300,30,,20,https://geneseesci.com/shop-online/product-details/?product=42-424
Genessee Scientific,geneseesci.com,Apex DNA Ladder III,bp,18,200,20,,20,https://geneseesci.com/shop-online/product-details/?product=42-424
Genessee Scientific,geneseesci.com,Apex DNA Ladder III,bp,19,100,10,,20,https://geneseesci.com/shop-online/product-details/?product=42-424
Genessee Scientific,geneseesci.com,Apex DNA Ladder III,bp,20,80,8,,20,https://geneseesci.com/shop-online/product-details/?product=42-424
Genessee Scientific,geneseesci.com,Apex DNA QuantLadder,bp,1,1000,100,,5,https://geneseesci.com/shop-online/product-details/?product=19-119
Genessee Scientific,geneseesci.com,Apex DNA QuantLadder,bp,2,700,70,,5,https://geneseesci.com/shop-online/product-details/?product=19-119
Genessee Scientific,geneseesci.com,Apex DNA QuantLadder,bp,3,500,50,,5,https://geneseesci.com/shop-online/product-details/?product=19-119
Genessee Scientific,geneseesci.com,Apex DNA QuantLadder,bp,4,200,20,,5,https://geneseesci.com/shop-online/product-details/?product=19-119
Genessee Scientific,geneseesci.com,Apex DNA QuantLadder,bp,5,100,10,,5,https://geneseesci.com/shop-online/product-details/?product=19-119
Genessee Scientific,geneseesci.com,Apex PCR DNA Ladder,bp,1,3000,38,,8,https://geneseesci.com/shop-online/product-details/?product=42-432
Genessee Scientific,geneseesci.com,Apex PCR DNA Ladder,bp,2,2000,38,,8,https://geneseesci.com/shop-online/product-details/?product=42-432
Genessee Scientific,geneseesci.com,Apex PCR DNA Ladder,bp,3,1500,38,,8,https://geneseesci.com/shop-online/product-details/?product=42-432
Genessee Scientific,geneseesci.com,Apex PCR DNA Ladder,bp,4,1000,113,reference band,8,https://geneseesci.com/shop-online/product-details/?product=42-432
Genessee Scientific,geneseesci.com,Apex PCR DNA Ladder,bp,5,700,38,,8,https://geneseesci.com/shop-online/product-details/?product=42-432
Genessee Scientific,geneseesci.com,Apex PCR DNA Ladder,bp,6,500,38,,8,https://geneseesci.com/shop-online/product-details/?product=42-432
Genessee Scientific,geneseesci.com,Apex PCR DNA Ladder,bp,7,300,38,,8,https://geneseesci.com/shop-online/product-details/?product=42-432
Genessee Scientific,geneseesci.com,Apex PCR DNA Ladder,bp,8,100,38,,8,https://geneseesci.com/shop-online/product-details/?product=42-432
GenScript,genscript.com,100 bp DNA Ladder,bp,1,1500,75,,9,http://www.genscript.com/molecule/M102O-100_bp_DNA_Ladder_original_format.html
GenScript,genscript.com,100 bp DNA Ladder,bp,2,1000,75,,9,http://www.genscript.com/molecule/M102O-100_bp_DNA_Ladder_original_format.html
GenScript,genscript.com,100 bp DNA Ladder,bp,3,800,75,,9,http://www.genscript.com/molecule/M102O-100_bp_DNA_Ladder_original_format.html
GenScript,genscript.com,100 bp DNA Ladder,bp,4,600,75,,9,http://www.genscript.com/molecule/M102O-100_bp_DNA_Ladder_original_format.html
GenScript,genscript.com,100 bp DNA Ladder,bp,5,500,150,reference band,9,http://www.genscript.com/molecule/M102O-100_bp_DNA_Ladder_original_format.html
GenScript,genscript.com,100 bp DNA Ladder,bp,6,400,75,,9,http://www.genscript.com/molecule/M102O-100_bp_DNA_Ladder_original_format.html
GenScript,genscript.com,100 bp DNA Ladder,bp,7,300,75,,9,http://www.genscript.com/molecule/M102O-100_bp_DNA_Ladder_original_format.html
GenScript,genscript.com,100 bp DNA Ladder,bp,8,200,75,,9,http://www.genscript.com/molecule/M102O-100_bp_DNA_Ladder_original_format.html
GenScript,genscript.com,100 bp DNA Ladder,bp,9,100,75,,9,http://www.genscript.com/molecule/M102O-100_bp_DNA_Ladder_original_format.html
GenScript,genscript.com,PCR DNA Ladder,bp,1,2000,75,,7,http://www.genscript.com/molecule/M106O-PCR_DNA_Ladder_original_format.html
GenScript,genscript.com,PCR DNA Ladder,bp,2,1500,75,,7,http://www.genscript.com/molecule/M106O-PCR_DNA_Ladder_original_format.html
GenScript,genscript.com,PCR DNA Ladder,bp,3,1000,75,,7,http://www.genscript.com/molecule/M106O-PCR_DNA_Ladder_original_format.html
GenScript,genscript.com,PCR DNA Ladder,bp,4,700,75,,7,http://www.genscript.com/molecule/M106O-PCR_DNA_Ladder_original_format.html
GenScript,genscript.com,PCR DNA Ladder,bp,5,500,150,reference band,7,http://www.genscript.com/molecule/M106O-PCR_DNA_Ladder_original_format.html
GenScript,genscript.com,PCR DNA Ladder,bp,6,300,75,,7,http://www.genscript.com/molecule/M106O-PCR_DNA_Ladder_original_format.html
GenScript,genscript.com,PCR DNA Ladder,bp,7,100,75,,7,http://www.genscript.com/molecule/M106O-PCR_DNA_Ladder_original_format.html
GenScript,genscript.com,Plus 100 bp DNA Ladder,bp,1,3000,75,,8,http://www.genscript.com/molecule/M105R_500-Ready_to_Use_sup_TM_sup_Plus_100_bp_DNA_Ladder.html
GenScript,genscript.com,Plus 100 bp DNA Ladder,bp,2,2000,75,,8,http://www.genscript.com/molecule/M105R_500-Ready_to_Use_sup_TM_sup_Plus_100_bp_DNA_Ladder.html
GenScript,genscript.com,Plus 100 bp DNA Ladder,bp,3,1500,75,,8,http://www.genscript.com/molecule/M105R_500-Ready_to_Use_sup_TM_sup_Plus_100_bp_DNA_Ladder.html
GenScript,genscript.com,Plus 100 bp DNA Ladder,bp,4,1000,75,,8,http://www.genscript.com/molecule/M105R_500-Ready_to_Use_sup_TM_sup_Plus_100_bp_DNA_Ladder.html
GenScript,genscript.com,Plus 100 bp DNA Ladder,bp,5,750,75,,8,http://www.genscript.com/molecule/M105R_500-Ready_to_Use_sup_TM_sup_Plus_100_bp_DNA_Ladder.html
GenScript,genscript.com,Plus 100 bp DNA Ladder,bp,6,500,150,reference band,8,http://www.genscript.com/molecule/M105R_500-Ready_to_Use_sup_TM_sup_Plus_100_bp_DNA_Ladder.html
GenScript,genscript.com,Plus 100 bp DNA Ladder,bp,7,250,75,,8,http://www.genscript.com/molecule/M105R_500-Ready_to_Use_sup_TM_sup_Plus_100_bp_DNA_Ladder.html
GenScript,genscript.com,Plus 100 bp DNA Ladder,bp,8,100,75,,8,http://www.genscript.com/molecule/M105R_500-Ready_to_Use_sup_TM_sup_Plus_100_bp_DNA_Ladder.html
Gold Biotechnology,goldbio.com,50 bp DNA Ladder,bp,1,1500,80,,17,https://www.goldbio.com/product/727/50-bp-dna-ladder
Gold Biotechnology,goldbio.com,50 bp DNA Ladder,bp,2,1200,70,,17,https://www.goldbio.com/product/727/50-bp-dna-ladder
Gold Biotechnology,goldbio.com,50 bp DNA Ladder,bp,3,1000,66,,17,https://www.goldbio.com/product/727/50-bp-dna-ladder
Gold Biotechnology,goldbio.com,50 bp DNA Ladder,bp,4,900,60,,17,https://www.goldbio.com/product/727/50-bp-dna-ladder
Gold Biotechnology,goldbio.com,50 bp DNA Ladder,bp,5,800,54,,17,https://www.goldbio.com/product/727/50-bp-dna-ladder
Gold Biotechnology,goldbio.com,50 bp DNA Ladder,bp,6,700,46,,17,https://www.goldbio.com/product/727/50-bp-dna-ladder
Gold Biotechnology,goldbio.com,50 bp DNA Ladder,bp,7,600,40,,17,https://www.goldbio.com/product/727/50-bp-dna-ladder
Gold Biotechnology,goldbio.com,50 bp DNA Ladder,bp,8,500,134,reference band,17,https://www.goldbio.com/product/727/50-bp-dna-ladder
Gold Biotechnology,goldbio.com,50 bp DNA Ladder,bp,9,450,46,,17,https://www.goldbio.com/product/727/50-bp-dna-ladder
Gold Biotechnology,goldbio.com,50 bp DNA Ladder,bp,10,400,54,,17,https://www.goldbio.com/product/727/50-bp-dna-ladder
Gold Biotechnology,goldbio.com,50 bp DNA Ladder,bp,11,350,36,,17,https://www.goldbio.com/product/727/50-bp-dna-ladder
Gold Biotechnology,goldbio.com,50 bp DNA Ladder,bp,12,300,40,,17,https://www.goldbio.com/product/727/50-bp-dna-ladder
Gold Biotechnology,goldbio.com,50 bp DNA Ladder,bp,13,250,50,,17,https://www.goldbio.com/product/727/50-bp-dna-ladder
Gold Biotechnology,goldbio.com,50 bp DNA Ladder,bp,14,200,134,reference band,17,https://www.goldbio.com/product/727/50-bp-dna-ladder
Gold Biotechnology,goldbio.com,50 bp DNA Ladder,bp,15,150,60,,17,https://www.goldbio.com/product/727/50-bp-dna-ladder
Gold Biotechnology,goldbio.com,50 bp DNA Ladder,bp,16,100,54,,17,https://www.goldbio.com/product/727/50-bp-dna-ladder
Gold Biotechnology,goldbio.com,50 bp DNA Ladder,bp,17,50,60,,17,https://www.goldbio.com/product/727/50-bp-dna-ladder
Gold Biotechnology,goldbio.com,100 bp DNA Ladder,bp,1,1500,70,reference band,11,https://www.goldbio.com/product/85/100-bp-dna-ladder
Gold Biotechnology,goldbio.com,100 bp DNA Ladder,bp,2,1000,50,,11,https://www.goldbio.com/product/85/100-bp-dna-ladder
Gold Biotechnology,goldbio.com,100 bp DNA Ladder,bp,3,900,40,,11,https://www.goldbio.com/product/85/100-bp-dna-ladder
Gold Biotechnology,goldbio.com,100 bp DNA Ladder,bp,4,800,40,,11,https://www.goldbio.com/product/85/100-bp-dna-ladder
Gold Biotechnology,goldbio.com,100 bp DNA Ladder,bp,5,700,30,,11,https://www.goldbio.com/product/85/100-bp-dna-ladder
Gold Biotechnology,goldbio.com,100 bp DNA Ladder,bp,6,600,30,,11,https://www.goldbio.com/product/85/100-bp-dna-ladder
Gold Biotechnology,goldbio.com,100 bp DNA Ladder,bp,7,500,90,reference band,11,https://www.goldbio.com/product/85/100-bp-dna-ladder
Gold Biotechnology,goldbio.com,100 bp DNA Ladder,bp,8,400,40,,11,https://www.goldbio.com/product/85/100-bp-dna-ladder
Gold Biotechnology,goldbio.com,100 bp DNA Ladder,bp,9,300,30,,11,https://www.goldbio.com/product/85/100-bp-dna-ladder
Gold Biotechnology,goldbio.com,100 bp DNA Ladder,bp,10,200,40,,11,https://www.goldbio.com/product/85/100-bp-dna-ladder
Gold Biotechnology,goldbio.com,100 bp DNA Ladder,bp,11,100,40,,11,https://www.goldbio.com/product/85/100-bp-dna-ladder
Gold Biotechnology,goldbio.com,100 bp PLUS DNA Ladder,bp,1,3000,40,,12,https://www.goldbio.com/product/92/100-bp-plus-dna-ladder
Gold Biotechnology,goldbio.com,100 bp PLUS DNA Ladder,bp,2,1500,70,reference band,12,https://www.goldbio.com/product/92/100-bp-plus-dna-ladder
Gold Biotechnology,goldbio.com,100 bp PLUS DNA Ladder,bp,3,1000,50,,12,https://www.goldbio.com/product/92/100-bp-plus-dna-ladder
Gold Biotechnology,goldbio.com,100 bp PLUS DNA Ladder,bp,4,900,40,,12,https://www.goldbio.com/product/92/100-bp-plus-dna-ladder
Gold Biotechnology,goldbio.com,100 bp PLUS DNA Ladder,bp,5,800,40,,12,https://www.goldbio.com/product/92/100-bp-plus-dna-ladder
Gold Biotechnology,goldbio.com,100 bp PLUS DNA Ladder,bp,6,700,30,,12,https://www.goldbio.com/product/92/100-bp-plus-dna-ladder
Gold Biotechnology,goldbio.com,100 bp PLUS DNA Ladder,bp,7,600,30,,12,https://www.goldbio.com/product/92/100-bp-plus-dna-ladder
Gold Biotechnology,goldbio.com,100 bp PLUS DNA Ladder,bp,8,500,90,reference band,12,https://www.goldbio.com/product/92/100-bp-plus-dna-ladder
Gold Biotechnology,goldbio.com,100 bp PLUS DNA Ladder,bp,9,400,40,,12,https://www.goldbio.com/product/92/100-bp-plus-dna-ladder
Gold Biotechnology,goldbio.com,100 bp PLUS DNA Ladder,bp,10,300,30,,12,https://www.goldbio.com/product/92/100-bp-plus-dna-ladder
Gold Biotechnology,goldbio.com,100 bp PLUS DNA Ladder,bp,11,200,40,,12,https://www.goldbio.com/product/92/100-bp-plus-dna-ladder
Gold Biotechnology,goldbio.com,100 bp PLUS DNA Ladder,bp,12,100,40,,12,https://www.goldbio.com/product/92/100-bp-plus-dna-ladder
Gold Biotechnology,goldbio.com,1 kb DNA Ladder,bp,1,10000,28,,13,https://www.goldbio.com/product/14/1-kb-dna-ladder
Gold Biotechnology,goldbio.com,1 kb DNA Ladder,bp,2,8000,28,,13,https://www.goldbio.com/product/14/1-kb-dna-ladder
Gold Biotechnology,goldbio.com,1 kb DNA Ladder,bp,3,6000,28,,13,https://www.goldbio.com/product/14/1-kb-dna-ladder
Gold Biotechnology,goldbio.com,1 kb DNA Ladder,bp,4,5000,28,,13,https://www.goldbio.com/product/14/1-kb-dna-ladder
Gold Biotechnology,goldbio.com,1 kb DNA Ladder,bp,5,4000,18,,13,https://www.goldbio.com/product/14/1-kb-dna-ladder
Gold Biotechnology,goldbio.com,1 kb DNA Ladder,bp,6,3000,92,reference band,13,https://www.goldbio.com/product/14/1-kb-dna-ladder
Gold Biotechnology,goldbio.com,1 kb DNA Ladder,bp,7,2500,34,,13,https://www.goldbio.com/product/14/1-kb-dna-ladder
Gold Biotechnology,goldbio.com,1 kb DNA Ladder,bp,8,2000,34,,13,https://www.goldbio.com/product/14/1-kb-dna-ladder
Gold Biotechnology,goldbio.com,1 kb DNA Ladder,bp,9,1500,20,,13,https://www.goldbio.com/product/14/1-kb-dna-ladder
Gold Biotechnology,goldbio.com,1 kb DNA Ladder,bp,10,1000,92,reference band,13,https://www.goldbio.com/product/14/1-kb-dna-ladder
Gold Biotechnology,goldbio.com,1 kb DNA Ladder,bp,11,750,23,,13,https://www.goldbio.com/product/14/1-kb-dna-ladder
Gold Biotechnology,goldbio.com,1 kb DNA Ladder,bp,12,500,30,,13,https://www.goldbio.com/product/14/1-kb-dna-ladder
Gold Biotechnology,goldbio.com,1 kb DNA Ladder,bp,13,250,45,,13,https://www.goldbio.com/product/14/1-kb-dna-ladder
Gold Biotechnology,goldbio.com,1 kb PLUS™ DNA Ladder,bp,1,25000,16,,14,https://www.goldbio.com/product/21/1-kb-plus-dna-ladder
Gold Biotechnology,goldbio.com,1 kb PLUS™ DNA Ladder,bp,2,10000,28,,14,https://www.goldbio.com/product/21/1-kb-plus-dna-ladder
Gold Biotechnology,goldbio.com,1 kb PLUS™ DNA Ladder,bp,3,8000,28,,14,https://www.goldbio.com/product/21/1-kb-plus-dna-ladder
Gold Biotechnology,goldbio.com,1 kb PLUS™ DNA Ladder,bp,4,6000,28,,14,https://www.goldbio.com/product/21/1-kb-plus-dna-ladder
Gold Biotechnology,goldbio.com,1 kb PLUS™ DNA Ladder,bp,5,5000,28,,14,https://www.goldbio.com/product/21/1-kb-plus-dna-ladder
Gold Biotechnology,goldbio.com,1 kb PLUS™ DNA Ladder,bp,6,4000,18,,14,https://www.goldbio.com/product/21/1-kb-plus-dna-ladder
Gold Biotechnology,goldbio.com,1 kb PLUS™ DNA Ladder,bp,7,3000,92,reference band,14,https://www.goldbio.com/product/21/1-kb-plus-dna-ladder
Gold Biotechnology,goldbio.com,1 kb PLUS™ DNA Ladder,bp,8,2500,34,,14,https://www.goldbio.com/product/21/1-kb-plus-dna-ladder
Gold Biotechnology,goldbio.com,1 kb PLUS™ DNA Ladder,bp,9,2000,34,,14,https://www.goldbio.com/product/21/1-kb-plus-dna-ladder
Gold Biotechnology,goldbio.com,1 kb PLUS™ DNA Ladder,bp,10,1500,20,,14,https://www.goldbio.com/product/21/1-kb-plus-dna-ladder
Gold Biotechnology,goldbio.com,1 kb PLUS™ DNA Ladder,bp,11,1000,92,reference band,14,https://www.goldbio.com/product/21/1-kb-plus-dna-ladder
Gold Biotechnology,goldbio.com,1 kb PLUS™ DNA Ladder,bp,12,750,23,,14,https://www.goldbio.com/product/21/1-kb-plus-dna-ladder
Gold Biotechnology,goldbio.com,1 kb PLUS™ DNA Ladder,bp,13,500,30,,14,https://www.goldbio.com/product/21/1-kb-plus-dna-ladder
Gold Biotechnology,goldbio.com,1 kb PLUS™ DNA Ladder,bp,14,250,45,,14,https://www.goldbio.com/product/21/1-kb-plus-dna-ladder
Gold Biotechnology,goldbio.com,VersaLadder™,bp,1,10000,25,,19,https://www.goldbio.com/product/1954/versaladder-100-10000-bp
Gold Biotechnology,goldbio.com,VersaLadder™,bp,2,8000,25,,19,https://www.goldbio.com/product/1954/versaladder-100-10000-bp
Gold Biotechnology,goldbio.com,VersaLadder™,bp,3,6000,25,,19,https://www.goldbio.com/product/1954/versaladder-100-10000-bp
Gold Biotechnology,goldbio.com,VersaLadder™,bp,4,5000,25,,19,https://www.goldbio.com/product/1954/versaladder-100-10000-bp
Gold Biotechnology,goldbio.com,VersaLadder™,bp,5,4000,20,,19,https://www.goldbio.com/product/1954/versaladder-100-10000-bp
Gold Biotechnology,goldbio.com,VersaLadder™,bp,6,3000,140,reference band,19,https://www.goldbio.com/product/1954/versaladder-100-10000-bp
Gold Biotechnology,goldbio.com,VersaLadder™,bp,7,2500,35,,19,https://www.goldbio.com/product/1954/versaladder-100-10000-bp
Gold Biotechnology,goldbio.com,VersaLadder™,bp,8,2000,35,,19,https://www.goldbio.com/product/1954/versaladder-100-10000-bp
Gold Biotechnology,goldbio.com,VersaLadder™,bp,9,1500,90,reference band,19,https://www.goldbio.com/product/1954/versaladder-100-10000-bp
Gold Biotechnology,goldbio.com,VersaLadder™,bp,10,1000,50,,19,https://www.goldbio.com/product/1954/versaladder-100-10000-bp
Gold Biotechnology,goldbio.com,VersaLadder™,bp,11,900,40,,19,https://www.goldbio.com/product/1954/versaladder-100-10000-bp
Gold Biotechnology,goldbio.com,VersaLadder™,bp,12,800,40,,19,https://www.goldbio.com/product/1954/versaladder-100-10000-bp
Gold Biotechnology,goldbio.com,VersaLadder™,bp,13,700,35,,19,https://www.goldbio.com/product/1954/versaladder-100-10000-bp
Gold Biotechnology,goldbio.com,VersaLadder™,bp,14,600,30,,19,https://www.goldbio.com/product/1954/versaladder-100-10000-bp
Gold Biotechnology,goldbio.com,VersaLadder™,bp,15,500,90,reference band,19,https://www.goldbio.com/product/1954/versaladder-100-10000-bp
Gold Biotechnology,goldbio.com,VersaLadder™,bp,16,400,40,,19,https://www.goldbio.com/product/1954/versaladder-100-10000-bp
Gold Biotechnology,goldbio.com,VersaLadder™,bp,17,300,35,,19,https://www.goldbio.com/product/1954/versaladder-100-10000-bp
Gold Biotechnology,goldbio.com,VersaLadder™,bp,18,200,40,,19,https://www.goldbio.com/product/1954/versaladder-100-10000-bp
Gold Biotechnology,goldbio.com,VersaLadder™,bp,19,100,40,,19,https://www.goldbio.com/product/1954/versaladder-100-10000-bp
IBI Scientific,ibiscientific.com,100 bp DNA Ladder,bp,1,3000,65,,12,https://www.ibiscientific.com/collections/dna-ladders/products/ibi-100bp-dna-ladder
IBI Scientific,ibiscientific.com,100 bp DNA Ladder,bp,2,1500,50,,12,https://www.ibiscientific.com/collections/dna-ladders/products/ibi-100bp-dna-ladder
IBI Scientific,ibiscientific.com,100 bp DNA Ladder,bp,3,1000,50,,12,https://www.ibiscientific.com/collections/dna-ladders/products/ibi-100bp-dna-ladder
IBI Scientific,ibiscientific.com,100 bp DNA Ladder,bp,4,900,40,,12,https://www.ibiscientific.com/collections/dna-ladders/products/ibi-100bp-dna-ladder
IBI Scientific,ibiscientific.com,100 bp DNA Ladder,bp,5,800,40,,12,https://www.ibiscientific.com/collections/dna-ladders/products/ibi-100bp-dna-ladder
IBI Scientific,ibiscientific.com,100 bp DNA Ladder,bp,6,700,30,,12,https://www.ibiscientific.com/collections/dna-ladders/products/ibi-100bp-dna-ladder
IBI Scientific,ibiscientific.com,100 bp DNA Ladder,bp,7,600,30,,12,https://www.ibiscientific.com/collections/dna-ladders/products/ibi-100bp-dna-ladder
IBI Scientific,ibiscientific.com,100 bp DNA Ladder,bp,8,500,70,reference band,12,https://www.ibiscientific.com/collections/dna-ladders/products/ibi-100bp-dna-ladder
IBI Scientific,ibiscientific.com,100 bp DNA Ladder,bp,9,400,40,,12,https://www.ibiscientific.com/collections/dna-ladders/products/ibi-100bp-dna-ladder
IBI Scientific,ibiscientific.com,100 bp DNA Ladder,bp,10,300,25,,12,https://www.ibiscientific.com/collections/dna-ladders/products/ibi-100bp-dna-ladder
IBI Scientific,ibiscientific.com,100 bp DNA Ladder,bp,11,200,30,,12,https://www.ibiscientific.com/collections/dna-ladders/products/ibi-100bp-dna-ladder
IBI Scientific,ibiscientific.com,100 bp DNA Ladder,bp,12,100,30,,12,https://www.ibiscientific.com/collections/dna-ladders/products/ibi-100bp-dna-ladder
IBI Scientific,ibiscientific.com,1 Kb DNA Ladder,bp,1,10000,28,,13,https://www.ibiscientific.com/collections/dna-ladders/products/ibi-1kb-dna-ladder
IBI Scientific,ibiscientific.com,1 Kb DNA Ladder,bp,2,8000,28,,13,https://www.ibiscientific.com/collections/dna-ladders/products/ibi-1kb-dna-ladder
IBI Scientific,ibiscientific.com,1 Kb DNA Ladder,bp,3,6000,28,,13,https://www.ibiscientific.com/collections/dna-ladders/products/ibi-1kb-dna-ladder
IBI Scientific,ibiscientific.com,1 Kb DNA Ladder,bp,4,5000,28,,13,https://www.ibiscientific.com/collections/dna-ladders/products/ibi-1kb-dna-ladder
IBI Scientific,ibiscientific.com,1 Kb DNA Ladder,bp,5,4000,18,,13,https://www.ibiscientific.com/collections/dna-ladders/products/ibi-1kb-dna-ladder
IBI Scientific,ibiscientific.com,1 Kb DNA Ladder,bp,6,3000,92,reference band,13,https://www.ibiscientific.com/collections/dna-ladders/products/ibi-1kb-dna-ladder
IBI Scientific,ibiscientific.com,1 Kb DNA Ladder,bp,7,2500,34,,13,https://www.ibiscientific.com/collections/dna-ladders/products/ibi-1kb-dna-ladder
IBI Scientific,ibiscientific.com,1 Kb DNA Ladder,bp,8,2000,34,,13,https://www.ibiscientific.com/collections/dna-ladders/products/ibi-1kb-dna-ladder
IBI Scientific,ibiscientific.com,1 Kb DNA Ladder,bp,9,1500,20,,13,https://www.ibiscientific.com/collections/dna-ladders/products/ibi-1kb-dna-ladder
IBI Scientific,ibiscientific.com,1 Kb DNA Ladder,bp,10,1000,92,reference band,13,https://www.ibiscientific.com/collections/dna-ladders/products/ibi-1kb-dna-ladder
IBI Scientific,ibiscientific.com,1 Kb DNA Ladder,bp,11,750,23,,13,https://www.ibiscientific.com/collections/dna-ladders/products/ibi-1kb-dna-ladder
IBI Scientific,ibiscientific.com,1 Kb DNA Ladder,bp,12,500,30,,13,https://www.ibiscientific.com/collections/dna-ladders/products/ibi-1kb-dna-ladder
IBI Scientific,ibiscientific.com,1 Kb DNA Ladder,bp,13,250,45,,13,https://www.ibiscientific.com/collections/dna-ladders/products/ibi-1kb-dna-ladder
Jena Bioscience,jenabioscience.com,20 bp DNA Ladder,bp,1,200,80,,10,http://www.jenabioscience.com/cms/en/1/catalog/614_log_scale_dna_ladders.html
Jena Bioscience,jenabioscience.com,20 bp DNA Ladder,bp,2,180,80,,10,http://www.jenabioscience.com/cms/en/1/catalog/614_log_scale_dna_ladders.html
Jena Bioscience,jenabioscience.com,20 bp DNA Ladder,bp,3,160,80,,10,http://www.jenabioscience.com/cms/en/1/catalog/614_log_scale_dna_ladders.html
Jena Bioscience,jenabioscience.com,20 bp DNA Ladder,bp,4,140,80,,10,http://www.jenabioscience.com/cms/en/1/catalog/614_log_scale_dna_ladders.html
Jena Bioscience,jenabioscience.com,20 bp DNA Ladder,bp,5,120,80,,10,http://www.jenabioscience.com/cms/en/1/catalog/614_log_scale_dna_ladders.html
Jena Bioscience,jenabioscience.com,20 bp DNA Ladder,bp,6,100,120,reference band,10,http://www.jenabioscience.com/cms/en/1/catalog/614_log_scale_dna_ladders.html
Jena Bioscience,jenabioscience.com,20 bp DNA Ladder,bp,7,80,80,,10,http://www.jenabioscience.com/cms/en/1/catalog/614_log_scale_dna_ladders.html
Jena Bioscience,jenabioscience.com,20 bp DNA Ladder,bp,8,60,80,,10,http://www.jenabioscience.com/cms/en/1/catalog/614_log_scale_dna_ladders.html
Jena Bioscience,jenabioscience.com,20 bp DNA Ladder,bp,9,40,80,,10,http://www.jenabioscience.com/cms/en/1/catalog/614_log_scale_dna_ladders.html
Jena Bioscience,jenabioscience.com,20 bp DNA Ladder,bp,10,20,80,,10,http://www.jenabioscience.com/cms/en/1/catalog/614_log_scale_dna_ladders.html
Jena Bioscience,jenabioscience.com,50 bp DNA Ladder,bp,1,500,80,,10,http://www.jenabioscience.com/cms/en/1/catalog/614_log_scale_dna_ladders.html
Jena Bioscience,jenabioscience.com,50 bp DNA Ladder,bp,2,450,80,,10,http://www.jenabioscience.com/cms/en/1/catalog/614_log_scale_dna_ladders.html
Jena Bioscience,jenabioscience.com,50 bp DNA Ladder,bp,3,400,80,,10,http://www.jenabioscience.com/cms/en/1/catalog/614_log_scale_dna_ladders.html
Jena Bioscience,jenabioscience.com,50 bp DNA Ladder,bp,4,350,80,,10,http://www.jenabioscience.com/cms/en/1/catalog/614_log_scale_dna_ladders.html
Jena Bioscience,jenabioscience.com,50 bp DNA Ladder,bp,5,300,80,,10,http://www.jenabioscience.com/cms/en/1/catalog/614_log_scale_dna_ladders.html
Jena Bioscience,jenabioscience.com,50 bp DNA Ladder,bp,6,250,120,reference band,10,http://www.jenabioscience.com/cms/en/1/catalog/614_log_scale_dna_ladders.html
Jena Bioscience,jenabioscience.com,50 bp DNA Ladder,bp,7,200,80,,10,http://www.jenabioscience.com/cms/en/1/catalog/614_log_scale_dna_ladders.html
Jena Bioscience,jenabioscience.com,50 bp DNA Ladder,bp,8,150,80,,10,http://www.jenabioscience.com/cms/en/1/catalog/614_log_scale_dna_ladders.html
Jena Bioscience,jenabioscience.com,50 bp DNA Ladder,bp,9,100,80,,10,http://www.jenabioscience.com/cms/en/1/catalog/614_log_scale_dna_ladders.html
Jena Bioscience,jenabioscience.com,50 bp DNA Ladder,bp,10,50,80,,10,http://www.jenabioscience.com/cms/en/1/catalog/614_log_scale_dna_ladders.html
Jena Bioscience,jenabioscience.com,100 bp DNA Ladder,bp,1,1000,80,,10,http://www.jenabioscience.com/cms/en/1/catalog/614_log_scale_dna_ladders.html
Jena Bioscience,jenabioscience.com,100 bp DNA Ladder,bp,2,900,80,,10,http://www.jenabioscience.com/cms/en/1/catalog/614_log_scale_dna_ladders.html
Jena Bioscience,jenabioscience.com,100 bp DNA Ladder,bp,3,800,80,,10,http://www.jenabioscience.com/cms/en/1/catalog/614_log_scale_dna_ladders.html
Jena Bioscience,jenabioscience.com,100 bp DNA Ladder,bp,4,700,80,,10,http://www.jenabioscience.com/cms/en/1/catalog/614_log_scale_dna_ladders.html
Jena Bioscience,jenabioscience.com,100 bp DNA Ladder,bp,5,600,80,,10,http://www.jenabioscience.com/cms/en/1/catalog/614_log_scale_dna_ladders.html
Jena Bioscience,jenabioscience.com,100 bp DNA Ladder,bp,6,500,120,reference band,10,http://www.jenabioscience.com/cms/en/1/catalog/614_log_scale_dna_ladders.html
Jena Bioscience,jenabioscience.com,100 bp DNA Ladder,bp,7,400,80,,10,http://www.jenabioscience.com/cms/en/1/catalog/614_log_scale_dna_ladders.html
Jena Bioscience,jenabioscience.com,100 bp DNA Ladder,bp,8,300,80,,10,http://www.jenabioscience.com/cms/en/1/catalog/614_log_scale_dna_ladders.html
Jena Bioscience,jenabioscience.com,100 bp DNA Ladder,bp,9,200,80,,10,http://www.jenabioscience.com/cms/en/1/catalog/614_log_scale_dna_ladders.html
Jena Bioscience,jenabioscience.com,100 bp DNA Ladder,bp,10,100,80,,10,http://www.jenabioscience.com/cms/en/1/catalog/614_log_scale_dna_ladders.html
Jena Bioscience,jenabioscience.com,200 bp DNA Ladder,bp,1,2000,80,,10,http://www.jenabioscience.com/cms/en/1/catalog/614_log_scale_dna_ladders.html
Jena Bioscience,jenabioscience.com,200 bp DNA Ladder,bp,2,1800,80,,10,http://www.jenabioscience.com/cms/en/1/catalog/614_log_scale_dna_ladders.html
Jena Bioscience,jenabioscience.com,200 bp DNA Ladder,bp,3,1600,80,,10,http://www.jenabioscience.com/cms/en/1/catalog/614_log_scale_dna_ladders.html
Jena Bioscience,jenabioscience.com,200 bp DNA Ladder,bp,4,1400,80,,10,http://www.jenabioscience.com/cms/en/1/catalog/614_log_scale_dna_ladders.html
Jena Bioscience,jenabioscience.com,200 bp DNA Ladder,bp,5,1200,80,,10,http://www.jenabioscience.com/cms/en/1/catalog/614_log_scale_dna_ladders.html
Jena Bioscience,jenabioscience.com,200 bp DNA Ladder,bp,6,1000,120,reference band,10,http://www.jenabioscience.com/cms/en/1/catalog/614_log_scale_dna_ladders.html
Jena Bioscience,jenabioscience.com,200 bp DNA Ladder,bp,7,800,80,,10,http://www.jenabioscience.com/cms/en/1/catalog/614_log_scale_dna_ladders.html
Jena Bioscience,jenabioscience.com,200 bp DNA Ladder,bp,8,600,80,,10,http://www.jenabioscience.com/cms/en/1/catalog/614_log_scale_dna_ladders.html
Jena Bioscience,jenabioscience.com,200 bp DNA Ladder,bp,9,400,80,,10,http://www.jenabioscience.com/cms/en/1/catalog/614_log_scale_dna_ladders.html
Jena Bioscience,jenabioscience.com,200 bp DNA Ladder,bp,10,200,80,,10,http://www.jenabioscience.com/cms/en/1/catalog/614_log_scale_dna_ladders.html
Jena Bioscience,jenabioscience.com,500 bp DNA Ladder,bp,1,5000,80,,10,http://www.jenabioscience.com/cms/en/1/catalog/614_log_scale_dna_ladders.html
Jena Bioscience,jenabioscience.com,500 bp DNA Ladder,bp,2,4500,80,,10,http://www.jenabioscience.com/cms/en/1/catalog/614_log_scale_dna_ladders.html
Jena Bioscience,jenabioscience.com,500 bp DNA Ladder,bp,3,4000,80,,10,http://www.jenabioscience.com/cms/en/1/catalog/614_log_scale_dna_ladders.html
Jena Bioscience,jenabioscience.com,500 bp DNA Ladder,bp,4,3500,80,,10,http://www.jenabioscience.com/cms/en/1/catalog/614_log_scale_dna_ladders.html
Jena Bioscience,jenabioscience.com,500 bp DNA Ladder,bp,5,3000,80,,10,http://www.jenabioscience.com/cms/en/1/catalog/614_log_scale_dna_ladders.html
Jena Bioscience,jenabioscience.com,500 bp DNA Ladder,bp,6,2500,120,reference band,10,http://www.jenabioscience.com/cms/en/1/catalog/614_log_scale_dna_ladders.html
Jena Bioscience,jenabioscience.com,500 bp DNA Ladder,bp,7,2000,80,,10,http://www.jenabioscience.com/cms/en/1/catalog/614_log_scale_dna_ladders.html
Jena Bioscience,jenabioscience.com,500 bp DNA Ladder,bp,8,1500,80,,10,http://www.jenabioscience.com/cms/en/1/catalog/614_log_scale_dna_ladders.html
Jena Bioscience,jenabioscience.com,500 bp DNA Ladder,bp,9,1000,80,,10,http://www.jenabioscience.com/cms/en/1/catalog/614_log_scale_dna_ladders.html
Jena Bioscience,jenabioscience.com,500 bp DNA Ladder,bp,10,500,80,,10,http://www.jenabioscience.com/cms/en/1/catalog/614_log_scale_dna_ladders.html
Jena Bioscience,jenabioscience.com,1 kb DNA Ladder,kb,1,10000,80,,10,http://www.jenabioscience.com/cms/en/1/catalog/614_log_scale_dna_ladders.html
Jena Bioscience,jenabioscience.com,1 kb DNA Ladder,kb,2,9000,80,,10,http://www.jenabioscience.com/cms/en/1/catalog/614_log_scale_dna_ladders.html
Jena Bioscience,jenabioscience.com,1 kb DNA Ladder,kb,3,8000,80,,10,http://www.jenabioscience.com/cms/en/1/catalog/614_log_scale_dna_ladders.html
Jena Bioscience,jenabioscience.com,1 kb DNA Ladder,kb,4,7000,80,,10,http://www.jenabioscience.com/cms/en/1/catalog/614_log_scale_dna_ladders.html
Jena Bioscience,jenabioscience.com,1 kb DNA Ladder,kb,5,6000,80,,10,http://www.jenabioscience.com/cms/en/1/catalog/614_log_scale_dna_ladders.html
Jena Bioscience,jenabioscience.com,1 kb DNA Ladder,kb,6,5000,120,reference band,10,http://www.jenabioscience.com/cms/en/1/catalog/614_log_scale_dna_ladders.html
Jena Bioscience,jenabioscience.com,1 kb DNA Ladder,kb,7,4000,80,,10,http://www.jenabioscience.com/cms/en/1/catalog/614_log_scale_dna_ladders.html
Jena Bioscience,jenabioscience.com,1 kb DNA Ladder,kb,8,3000,80,,10,http://www.jenabioscience.com/cms/en/1/catalog/614_log_scale_dna_ladders.html
Jena Bioscience,jenabioscience.com,1 kb DNA Ladder,kb,9,2000,80,,10,http://www.jenabioscience.com/cms/en/1/catalog/614_log_scale_dna_ladders.html
Jena Bioscience,jenabioscience.com,1 kb DNA Ladder,kb,10,1000,80,,10,http://www.jenabioscience.com/cms/en/1/catalog/614_log_scale_dna_ladders.html
Jena Bioscience,jenabioscience.com,High Range DNA Ladder,kb,1,10000,75,,12,http://www.jenabioscience.com/cms/en/1/catalog/613_linear_scale_dna_ladders.html
Jena Bioscience,jenabioscience.com,High Range DNA Ladder,kb,2,8000,75,,12,http://www.jenabioscience.com/cms/en/1/catalog/613_linear_scale_dna_ladders.html
Jena Bioscience,jenabioscience.com,High Range DNA Ladder,kb,3,6000,75,,12,http://www.jenabioscience.com/cms/en/1/catalog/613_linear_scale_dna_ladders.html
Jena Bioscience,jenabioscience.com,High Range DNA Ladder,kb,4,5000,113,reference band,12,http://www.jenabioscience.com/cms/en/1/catalog/613_linear_scale_dna_ladders.html
Jena Bioscience,jenabioscience.com,High Range DNA Ladder,kb,5,4000,75,,12,http://www.jenabioscience.com/cms/en/1/catalog/613_linear_scale_dna_ladders.html
Jena Bioscience,jenabioscience.com,High Range DNA Ladder,kb,6,3000,75,,12,http://www.jenabioscience.com/cms/en/1/catalog/613_linear_scale_dna_ladders.html
Jena Bioscience,jenabioscience.com,High Range DNA Ladder,kb,7,2000,75,,12,http://www.jenabioscience.com/cms/en/1/catalog/613_linear_scale_dna_ladders.html
Jena Bioscience,jenabioscience.com,High Range DNA Ladder,kb,8,1500,75,,12,http://www.jenabioscience.com/cms/en/1/catalog/613_linear_scale_dna_ladders.html
Jena Bioscience,jenabioscience.com,High Range DNA Ladder,kb,9,1000,113,reference band,12,http://www.jenabioscience.com/cms/en/1/catalog/613_linear_scale_dna_ladders.html
Jena Bioscience,jenabioscience.com,High Range DNA Ladder,kb,10,800,75,,12,http://www.jenabioscience.com/cms/en/1/catalog/613_linear_scale_dna_ladders.html
Jena Bioscience,jenabioscience.com,High Range DNA Ladder,kb,11,600,75,,12,http://www.jenabioscience.com/cms/en/1/catalog/613_linear_scale_dna_ladders.html
Jena Bioscience,jenabioscience.com,High Range DNA Ladder,kb,12,500,75,,12,http://www.jenabioscience.com/cms/en/1/catalog/613_linear_scale_dna_ladders.html
Jena Bioscience,jenabioscience.com,Long Range DNA Ladder,bp,1,10000,50,,19,http://www.jenabioscience.com/cms/en/1/catalog/613_linear_scale_dna_ladders.html
Jena Bioscience,jenabioscience.com,Long Range DNA Ladder,bp,2,8000,50,,19,http://www.jenabioscience.com/cms/en/1/catalog/613_linear_scale_dna_ladders.html
Jena Bioscience,jenabioscience.com,Long Range DNA Ladder,bp,3,6000,50,,19,http://www.jenabioscience.com/cms/en/1/catalog/613_linear_scale_dna_ladders.html
Jena Bioscience,jenabioscience.com,Long Range DNA Ladder,bp,4,5000,50,,19,http://www.jenabioscience.com/cms/en/1/catalog/613_linear_scale_dna_ladders.html
Jena Bioscience,jenabioscience.com,Long Range DNA Ladder,bp,5,4000,75,reference band,19,http://www.jenabioscience.com/cms/en/1/catalog/613_linear_scale_dna_ladders.html
Jena Bioscience,jenabioscience.com,Long Range DNA Ladder,bp,6,3000,50,,19,http://www.jenabioscience.com/cms/en/1/catalog/613_linear_scale_dna_ladders.html
Jena Bioscience,jenabioscience.com,Long Range DNA Ladder,bp,7,2000,50,,19,http://www.jenabioscience.com/cms/en/1/catalog/613_linear_scale_dna_ladders.html
Jena Bioscience,jenabioscience.com,Long Range DNA Ladder,bp,8,1500,50,,19,http://www.jenabioscience.com/cms/en/1/catalog/613_linear_scale_dna_ladders.html
Jena Bioscience,jenabioscience.com,Long Range DNA Ladder,bp,9,1200,50,,19,http://www.jenabioscience.com/cms/en/1/catalog/613_linear_scale_dna_ladders.html
Jena Bioscience,jenabioscience.com,Long Range DNA Ladder,bp,10,1000,75,reference band,19,http://www.jenabioscience.com/cms/en/1/catalog/613_linear_scale_dna_ladders.html
Jena Bioscience,jenabioscience.com,Long Range DNA Ladder,bp,11,900,50,,19,http://www.jenabioscience.com/cms/en/1/catalog/613_linear_scale_dna_ladders.html
Jena Bioscience,jenabioscience.com,Long Range DNA Ladder,bp,12,800,50,,19,http://www.jenabioscience.com/cms/en/1/catalog/613_linear_scale_dna_ladders.html
Jena Bioscience,jenabioscience.com,Long Range DNA Ladder,bp,13,700,50,,19,http://www.jenabioscience.com/cms/en/1/catalog/613_linear_scale_dna_ladders.html
Jena Bioscience,jenabioscience.com,Long Range DNA Ladder,bp,14,600,50,,19,http://www.jenabioscience.com/cms/en/1/catalog/613_linear_scale_dna_ladders.html
Jena Bioscience,jenabioscience.com,Long Range DNA Ladder,bp,15,500,75,reference band,19,http://www.jenabioscience.com/cms/en/1/catalog/613_linear_scale_dna_ladders.html
Jena Bioscience,jenabioscience.com,Long Range DNA Ladder,bp,16,400,50,,19,http://www.jenabioscience.com/cms/en/1/catalog/613_linear_scale_dna_ladders.html
Jena Bioscience,jenabioscience.com,Long Range DNA Ladder,bp,17,300,50,,19,http://www.jenabioscience.com/cms/en/1/catalog/613_linear_scale_dna_ladders.html
Jena Bioscience,jenabioscience.com,Long Range DNA Ladder,bp,18,200,50,,19,http://www.jenabioscience.com/cms/en/1/catalog/613_linear_scale_dna_ladders.html
Jena Bioscience,jenabioscience.com,Long Range DNA Ladder,bp,19,100,50,,19,http://www.jenabioscience.com/cms/en/1/catalog/613_linear_scale_dna_ladders.html
Jena Bioscience,jenabioscience.com,Low Range DNA Ladder,bp,1,1000,80,,11,http://www.jenabioscience.com/cms/en/1/catalog/613_linear_scale_dna_ladders.html
Jena Bioscience,jenabioscience.com,Low Range DNA Ladder,bp,2,800,80,,11,http://www.jenabioscience.com/cms/en/1/catalog/613_linear_scale_dna_ladders.html
Jena Bioscience,jenabioscience.com,Low Range DNA Ladder,bp,3,600,80,,11,http://www.jenabioscience.com/cms/en/1/catalog/613_linear_scale_dna_ladders.html
Jena Bioscience,jenabioscience.com,Low Range DNA Ladder,bp,4,500,120,reference band,11,http://www.jenabioscience.com/cms/en/1/catalog/613_linear_scale_dna_ladders.html
Jena Bioscience,jenabioscience.com,Low Range DNA Ladder,bp,5,400,80,,11,http://www.jenabioscience.com/cms/en/1/catalog/613_linear_scale_dna_ladders.html
Jena Bioscience,jenabioscience.com,Low Range DNA Ladder,bp,6,300,80,,11,http://www.jenabioscience.com/cms/en/1/catalog/613_linear_scale_dna_ladders.html
Jena Bioscience,jenabioscience.com,Low Range DNA Ladder,bp,7,200,120,reference band,11,http://www.jenabioscience.com/cms/en/1/catalog/613_linear_scale_dna_ladders.html
Jena Bioscience,jenabioscience.com,Low Range DNA Ladder,bp,8,150,80,,11,http://www.jenabioscience.com/cms/en/1/catalog/613_linear_scale_dna_ladders.html
Jena Bioscience,jenabioscience.com,Low Range DNA Ladder,bp,9,100,80,,11,http://www.jenabioscience.com/cms/en/1/catalog/613_linear_scale_dna_ladders.html
Jena Bioscience,jenabioscience.com,Low Range DNA Ladder,bp,10,75,80,,11,http://www.jenabioscience.com/cms/en/1/catalog/613_linear_scale_dna_ladders.html
Jena Bioscience,jenabioscience.com,Low Range DNA Ladder,bp,11,50,80,,11,http://www.jenabioscience.com/cms/en/1/catalog/613_linear_scale_dna_ladders.html
Jena Bioscience,jenabioscience.com,Mid Range DNA Ladder,bp,1,3000,75,,12,http://www.jenabioscience.com/cms/en/1/catalog/613_linear_scale_dna_ladders.html
Jena Bioscience,jenabioscience.com,Mid Range DNA Ladder,bp,2,2000,75,,12,http://www.jenabioscience.com/cms/en/1/catalog/613_linear_scale_dna_ladders.html
Jena Bioscience,jenabioscience.com,Mid Range DNA Ladder,bp,3,1500,75,,12,http://www.jenabioscience.com/cms/en/1/catalog/613_linear_scale_dna_ladders.html
Jena Bioscience,jenabioscience.com,Mid Range DNA Ladder,bp,4,1000,113,reference band,12,http://www.jenabioscience.com/cms/en/1/catalog/613_linear_scale_dna_ladders.html
Jena Bioscience,jenabioscience.com,Mid Range DNA Ladder,bp,5,800,75,,12,http://www.jenabioscience.com/cms/en/1/catalog/613_linear_scale_dna_ladders.html
Jena Bioscience,jenabioscience.com,Mid Range DNA Ladder,bp,6,600,75,,12,http://www.jenabioscience.com/cms/en/1/catalog/613_linear_scale_dna_ladders.html
Jena Bioscience,jenabioscience.com,Mid Range DNA Ladder,bp,7,500,113,reference band,12,http://www.jenabioscience.com/cms/en/1/catalog/613_linear_scale_dna_ladders.html
Jena Bioscience,jenabioscience.com,Mid Range DNA Ladder,bp,8,400,75,,12,http://www.jenabioscience.com/cms/en/1/catalog/613_linear_scale_dna_ladders.html
Jena Bioscience,jenabioscience.com,Mid Range DNA Ladder,bp,9,300,75,,12,http://www.jenabioscience.com/cms/en/1/catalog/613_linear_scale_dna_ladders.html
Jena Bioscience,jenabioscience.com,Mid Range DNA Ladder,bp,10,200,75,,12,http://www.jenabioscience.com/cms/en/1/catalog/613_linear_scale_dna_ladders.html
Jena Bioscience,jenabioscience.com,Mid Range DNA Ladder,bp,11,150,75,,12,http://www.jenabioscience.com/cms/en/1/catalog/613_linear_scale_dna_ladders.html
Jena Bioscience,jenabioscience.com,Mid Range DNA Ladder,bp,12,100,75,,12,http://www.jenabioscience.com/cms/en/1/catalog/613_linear_scale_dna_ladders.html
KAPA Biosystems,kapabiosystems.com,KAPA Express DNA Ladder,bp,1,8000,62.5,,7,http://www.kapabiosystems.com/products/name/kapa-dna-ladders
KAPA Biosystems,kapabiosystems.com,KAPA Express DNA Ladder,bp,2,4000,62.5,,7,http://www.kapabiosystems.com/products/name/kapa-dna-ladders
KAPA Biosystems,kapabiosystems.com,KAPA Express DNA Ladder,bp,3,1600,125,reference band,7,http://www.kapabiosystems.com/products/name/kapa-dna-ladders
KAPA Biosystems,kapabiosystems.com,KAPA Express DNA Ladder,bp,4,800,62.5,,7,http://www.kapabiosystems.com/products/name/kapa-dna-ladders
KAPA Biosystems,kapabiosystems.com,KAPA Express DNA Ladder,bp,5,400,62.5,,7,http://www.kapabiosystems.com/products/name/kapa-dna-ladders
KAPA Biosystems,kapabiosystems.com,KAPA Express DNA Ladder,bp,6,200,62.5,,7,http://www.kapabiosystems.com/products/name/kapa-dna-ladders
KAPA Biosystems,kapabiosystems.com,KAPA Express DNA Ladder,bp,7,100,62.5,,7,http://www.kapabiosystems.com/products/name/kapa-dna-ladders
KAPA Biosystems,kapabiosystems.com,KAPA Universal DNA Ladder,bp,1,10000,40,,18,http://www.kapabiosystems.com/products/name/kapa-dna-ladders
KAPA Biosystems,kapabiosystems.com,KAPA Universal DNA Ladder,bp,2,8000,40,,18,http://www.kapabiosystems.com/products/name/kapa-dna-ladders
KAPA Biosystems,kapabiosystems.com,KAPA Universal DNA Ladder,bp,3,6000,40,,18,http://www.kapabiosystems.com/products/name/kapa-dna-ladders
KAPA Biosystems,kapabiosystems.com,KAPA Universal DNA Ladder,bp,4,5000,40,,18,http://www.kapabiosystems.com/products/name/kapa-dna-ladders
KAPA Biosystems,kapabiosystems.com,KAPA Universal DNA Ladder,bp,5,4000,120,reference band,18,http://www.kapabiosystems.com/products/name/kapa-dna-ladders
KAPA Biosystems,kapabiosystems.com,KAPA Universal DNA Ladder,bp,6,3000,40,,18,http://www.kapabiosystems.com/products/name/kapa-dna-ladders
KAPA Biosystems,kapabiosystems.com,KAPA Universal DNA Ladder,bp,7,2000,40,,18,http://www.kapabiosystems.com/products/name/kapa-dna-ladders
KAPA Biosystems,kapabiosystems.com,KAPA Universal DNA Ladder,bp,8,1600,80,reference band,18,http://www.kapabiosystems.com/products/name/kapa-dna-ladders
KAPA Biosystems,kapabiosystems.com,KAPA Universal DNA Ladder,bp,9,1200,40,,18,http://www.kapabiosystems.com/products/name/kapa-dna-ladders
KAPA Biosystems,kapabiosystems.com,KAPA Universal DNA Ladder,bp,10,1000,120,reference band,18,http://www.kapabiosystems.com/products/name/kapa-dna-ladders
KAPA Biosystems,kapabiosystems.com,KAPA Universal DNA Ladder,bp,11,800,40,,18,http://www.kapabiosystems.com/products/name/kapa-dna-ladders
KAPA Biosystems,kapabiosystems.com,KAPA Universal DNA Ladder,bp,12,600,40,,18,http://www.kapabiosystems.com/products/name/kapa-dna-ladders
KAPA Biosystems,kapabiosystems.com,KAPA Universal DNA Ladder,bp,13,500,120,reference band,18,http://www.kapabiosystems.com/products/name/kapa-dna-ladders
KAPA Biosystems,kapabiosystems.com,KAPA Universal DNA Ladder,bp,14,400,40,,18,http://www.kapabiosystems.com/products/name/kapa-dna-ladders
KAPA Biosystems,kapabiosystems.com,KAPA Universal DNA Ladder,bp,15,300,40,,18,http://www.kapabiosystems.com/products/name/kapa-dna-ladders
KAPA Biosystems,kapabiosystems.com,KAPA Universal DNA Ladder,bp,16,200,40,,18,http://www.kapabiosystems.com/products/name/kapa-dna-ladders
KAPA Biosystems,kapabiosystems.com,KAPA Universal DNA Ladder,bp,17,150,40,,18,http://www.kapabiosystems.com/products/name/kapa-dna-ladders
KAPA Biosystems,kapabiosystems.com,KAPA Universal DNA Ladder,bp,18,100,40,,18,http://www.kapabiosystems.com/products/name/kapa-dna-ladders
Lonza,lonza.com,DNA Ladder 1 – 10 kb,kb,1,10000,50,,9,http://www.lonza.com/products-services/bio-research/electrophoresis-of-nucleic-acids-and-proteins/nucleic-acid-electrophoresis/nucleic-acid-standards-and-loading-buffers/dna-ladders-and-markers.aspx
Lonza,lonza.com,DNA Ladder 1 – 10 kb,kb,2,7000,50,,9,http://www.lonza.com/products-services/bio-research/electrophoresis-of-nucleic-acids-and-proteins/nucleic-acid-electrophoresis/nucleic-acid-standards-and-loading-buffers/dna-ladders-and-markers.aspx
Lonza,lonza.com,DNA Ladder 1 – 10 kb,kb,3,5000,50,,9,http://www.lonza.com/products-services/bio-research/electrophoresis-of-nucleic-acids-and-proteins/nucleic-acid-electrophoresis/nucleic-acid-standards-and-loading-buffers/dna-ladders-and-markers.aspx
Lonza,lonza.com,DNA Ladder 1 – 10 kb,kb,4,4000,50,,9,http://www.lonza.com/products-services/bio-research/electrophoresis-of-nucleic-acids-and-proteins/nucleic-acid-electrophoresis/nucleic-acid-standards-and-loading-buffers/dna-ladders-and-markers.aspx
Lonza,lonza.com,DNA Ladder 1 – 10 kb,kb,5,3000,50,,9,http://www.lonza.com/products-services/bio-research/electrophoresis-of-nucleic-acids-and-proteins/nucleic-acid-electrophoresis/nucleic-acid-standards-and-loading-buffers/dna-ladders-and-markers.aspx
Lonza,lonza.com,DNA Ladder 1 – 10 kb,kb,6,2500,50,,9,http://www.lonza.com/products-services/bio-research/electrophoresis-of-nucleic-acids-and-proteins/nucleic-acid-electrophoresis/nucleic-acid-standards-and-loading-buffers/dna-ladders-and-markers.aspx
Lonza,lonza.com,DNA Ladder 1 – 10 kb,kb,7,2000,50,,9,http://www.lonza.com/products-services/bio-research/electrophoresis-of-nucleic-acids-and-proteins/nucleic-acid-electrophoresis/nucleic-acid-standards-and-loading-buffers/dna-ladders-and-markers.aspx
Lonza,lonza.com,DNA Ladder 1 – 10 kb,kb,8,1500,50,,9,http://www.lonza.com/products-services/bio-research/electrophoresis-of-nucleic-acids-and-proteins/nucleic-acid-electrophoresis/nucleic-acid-standards-and-loading-buffers/dna-ladders-and-markers.aspx
Lonza,lonza.com,DNA Ladder 1 – 10 kb,kb,9,1000,50,,9,http://www.lonza.com/products-services/bio-research/electrophoresis-of-nucleic-acids-and-proteins/nucleic-acid-electrophoresis/nucleic-acid-standards-and-loading-buffers/dna-ladders-and-markers.aspx
Lonza,lonza.com,DNA Ladder 20 bp,bp,1,500,40,,25,http://www.lonza.com/products-services/bio-research/electrophoresis-of-nucleic-acids-and-proteins/nucleic-acid-electrophoresis/nucleic-acid-standards-and-loading-buffers/dna-ladders-and-markers.aspx
Lonza,lonza.com,DNA Ladder 20 bp,bp,2,480,40,hidden,25,http://www.lonza.com/products-services/bio-research/electrophoresis-of-nucleic-acids-and-proteins/nucleic-acid-electrophoresis/nucleic-acid-standards-and-loading-buffers/dna-ladders-and-markers.aspx
Lonza,lonza.com,DNA Ladder 20 bp,bp,3,460,40,hidden,25,http://www.lonza.com/products-services/bio-research/electrophoresis-of-nucleic-acids-and-proteins/nucleic-acid-electrophoresis/nucleic-acid-standards-and-loading-buffers/dna-ladders-and-markers.aspx
Lonza,lonza.com,DNA Ladder 20 bp,bp,4,440,40,hidden,25,http://www.lonza.com/products-services/bio-research/electrophoresis-of-nucleic-acids-and-proteins/nucleic-acid-electrophoresis/nucleic-acid-standards-and-loading-buffers/dna-ladders-and-markers.aspx
Lonza,lonza.com,DNA Ladder 20 bp,bp,5,420,40,hidden,25,http://www.lonza.com/products-services/bio-research/electrophoresis-of-nucleic-acids-and-proteins/nucleic-acid-electrophoresis/nucleic-acid-standards-and-loading-buffers/dna-ladders-and-markers.aspx
Lonza,lonza.com,DNA Ladder 20 bp,bp,6,400,40,,25,http://www.lonza.com/products-services/bio-research/electrophoresis-of-nucleic-acids-and-proteins/nucleic-acid-electrophoresis/nucleic-acid-standards-and-loading-buffers/dna-ladders-and-markers.aspx
Lonza,lonza.com,DNA Ladder 20 bp,bp,7,380,40,hidden,25,http://www.lonza.com/products-services/bio-research/electrophoresis-of-nucleic-acids-and-proteins/nucleic-acid-electrophoresis/nucleic-acid-standards-and-loading-buffers/dna-ladders-and-markers.aspx
Lonza,lonza.com,DNA Ladder 20 bp,bp,8,360,40,hidden,25,http://www.lonza.com/products-services/bio-research/electrophoresis-of-nucleic-acids-and-proteins/nucleic-acid-electrophoresis/nucleic-acid-standards-and-loading-buffers/dna-ladders-and-markers.aspx
Lonza,lonza.com,DNA Ladder 20 bp,bp,9,340,40,hidden,25,http://www.lonza.com/products-services/bio-research/electrophoresis-of-nucleic-acids-and-proteins/nucleic-acid-electrophoresis/nucleic-acid-standards-and-loading-buffers/dna-ladders-and-markers.aspx
Lonza,lonza.com,DNA Ladder 20 bp,bp,10,320,40,hidden,25,http://www.lonza.com/products-services/bio-research/electrophoresis-of-nucleic-acids-and-proteins/nucleic-acid-electrophoresis/nucleic-acid-standards-and-loading-buffers/dna-ladders-and-markers.aspx
Lonza,lonza.com,DNA Ladder 20 bp,bp,11,300,40,,25,http://www.lonza.com/products-services/bio-research/electrophoresis-of-nucleic-acids-and-proteins/nucleic-acid-electrophoresis/nucleic-acid-standards-and-loading-buffers/dna-ladders-and-markers.aspx
Lonza,lonza.com,DNA Ladder 20 bp,bp,12,280,40,hidden,25,http://www.lonza.com/products-services/bio-research/electrophoresis-of-nucleic-acids-and-proteins/nucleic-acid-electrophoresis/nucleic-acid-standards-and-loading-buffers/dna-ladders-and-markers.aspx
Lonza,lonza.com,DNA Ladder 20 bp,bp,13,260,40,hidden,25,http://www.lonza.com/products-services/bio-research/electrophoresis-of-nucleic-acids-and-proteins/nucleic-acid-electrophoresis/nucleic-acid-standards-and-loading-buffers/dna-ladders-and-markers.aspx
Lonza,lonza.com,DNA Ladder 20 bp,bp,14,240,40,hidden,25,http://www.lonza.com/products-services/bio-research/electrophoresis-of-nucleic-acids-and-proteins/nucleic-acid-electrophoresis/nucleic-acid-standards-and-loading-buffers/dna-ladders-and-markers.aspx
Lonza,lonza.com,DNA Ladder 20 bp,bp,15,220,40,hidden,25,http://www.lonza.com/products-services/bio-research/electrophoresis-of-nucleic-acids-and-proteins/nucleic-acid-electrophoresis/nucleic-acid-standards-and-loading-buffers/dna-ladders-and-markers.aspx
Lonza,lonza.com,DNA Ladder 20 bp,bp,16,200,80,reference band,25,http://www.lonza.com/products-services/bio-research/electrophoresis-of-nucleic-acids-and-proteins/nucleic-acid-electrophoresis/nucleic-acid-standards-and-loading-buffers/dna-ladders-and-markers.aspx
Lonza,lonza.com,DNA Ladder 20 bp,bp,17,180,40,hidden,25,http://www.lonza.com/products-services/bio-research/electrophoresis-of-nucleic-acids-and-proteins/nucleic-acid-electrophoresis/nucleic-acid-standards-and-loading-buffers/dna-ladders-and-markers.aspx
Lonza,lonza.com,DNA Ladder 20 bp,bp,18,160,40,hidden,25,http://www.lonza.com/products-services/bio-research/electrophoresis-of-nucleic-acids-and-proteins/nucleic-acid-electrophoresis/nucleic-acid-standards-and-loading-buffers/dna-ladders-and-markers.aspx
Lonza,lonza.com,DNA Ladder 20 bp,bp,19,140,40,hidden,25,http://www.lonza.com/products-services/bio-research/electrophoresis-of-nucleic-acids-and-proteins/nucleic-acid-electrophoresis/nucleic-acid-standards-and-loading-buffers/dna-ladders-and-markers.aspx
Lonza,lonza.com,DNA Ladder 20 bp,bp,20,120,40,hidden,25,http://www.lonza.com/products-services/bio-research/electrophoresis-of-nucleic-acids-and-proteins/nucleic-acid-electrophoresis/nucleic-acid-standards-and-loading-buffers/dna-ladders-and-markers.aspx
Lonza,lonza.com,DNA Ladder 20 bp,bp,21,100,40,,25,http://www.lonza.com/products-services/bio-research/electrophoresis-of-nucleic-acids-and-proteins/nucleic-acid-electrophoresis/nucleic-acid-standards-and-loading-buffers/dna-ladders-and-markers.aspx
Lonza,lonza.com,DNA Ladder 20 bp,bp,22,80,40,,25,http://www.lonza.com/products-services/bio-research/electrophoresis-of-nucleic-acids-and-proteins/nucleic-acid-electrophoresis/nucleic-acid-standards-and-loading-buffers/dna-ladders-and-markers.aspx
Lonza,lonza.com,DNA Ladder 20 bp,bp,23,60,40,,25,http://www.lonza.com/products-services/bio-research/electrophoresis-of-nucleic-acids-and-proteins/nucleic-acid-electrophoresis/nucleic-acid-standards-and-loading-buffers/dna-ladders-and-markers.aspx
Lonza,lonza.com,DNA Ladder 20 bp,bp,24,40,40,,25,http://www.lonza.com/products-services/bio-research/electrophoresis-of-nucleic-acids-and-proteins/nucleic-acid-electrophoresis/nucleic-acid-standards-and-loading-buffers/dna-ladders-and-markers.aspx
Lonza,lonza.com,DNA Ladder 20 bp,bp,25,20,40,,25,http://www.lonza.com/products-services/bio-research/electrophoresis-of-nucleic-acids-and-proteins/nucleic-acid-electrophoresis/nucleic-acid-standards-and-loading-buffers/dna-ladders-and-markers.aspx
Lonza,lonza.com,DNA Ladder 20 bp Extended,bp,1,1000,25,,50,http://www.lonza.com/products-services/bio-research/electrophoresis-of-nucleic-acids-and-proteins/nucleic-acid-electrophoresis/nucleic-acid-standards-and-loading-buffers/dna-ladders-and-markers.aspx
Lonza,lonza.com,DNA Ladder 20 bp Extended,bp,2,980,25,hidden,50,http://www.lonza.com/products-services/bio-research/electrophoresis-of-nucleic-acids-and-proteins/nucleic-acid-electrophoresis/nucleic-acid-standards-and-loading-buffers/dna-ladders-and-markers.aspx
Lonza,lonza.com,DNA Ladder 20 bp Extended,bp,3,960,25,hidden,50,http://www.lonza.com/products-services/bio-research/electrophoresis-of-nucleic-acids-and-proteins/nucleic-acid-electrophoresis/nucleic-acid-standards-and-loading-buffers/dna-ladders-and-markers.aspx
Lonza,lonza.com,DNA Ladder 20 bp Extended,bp,4,940,25,hidden,50,http://www.lonza.com/products-services/bio-research/electrophoresis-of-nucleic-acids-and-proteins/nucleic-acid-electrophoresis/nucleic-acid-standards-and-loading-buffers/dna-ladders-and-markers.aspx
Lonza,lonza.com,DNA Ladder 20 bp Extended,bp,5,920,25,hidden,50,http://www.lonza.com/products-services/bio-research/electrophoresis-of-nucleic-acids-and-proteins/nucleic-acid-electrophoresis/nucleic-acid-standards-and-loading-buffers/dna-ladders-and-markers.aspx
Lonza,lonza.com,DNA Ladder 20 bp Extended,bp,6,900,25,,50,http://www.lonza.com/products-services/bio-research/electrophoresis-of-nucleic-acids-and-proteins/nucleic-acid-electrophoresis/nucleic-acid-standards-and-loading-buffers/dna-ladders-and-markers.aspx
Lonza,lonza.com,DNA Ladder 20 bp Extended,bp,7,880,25,hidden,50,http://www.lonza.com/products-services/bio-research/electrophoresis-of-nucleic-acids-and-proteins/nucleic-acid-electrophoresis/nucleic-acid-standards-and-loading-buffers/dna-ladders-and-markers.aspx
Lonza,lonza.com,DNA Ladder 20 bp Extended,bp,8,860,25,hidden,50,http://www.lonza.com/products-services/bio-research/electrophoresis-of-nucleic-acids-and-proteins/nucleic-acid-electrophoresis/nucleic-acid-standards-and-loading-buffers/dna-ladders-and-markers.aspx
Lonza,lonza.com,DNA Ladder 20 bp Extended,bp,9,840,25,hidden,50,http://www.lonza.com/products-services/bio-research/electrophoresis-of-nucleic-acids-and-proteins/nucleic-acid-electrophoresis/nucleic-acid-standards-and-loading-buffers/dna-ladders-and-markers.aspx
Lonza,lonza.com,DNA Ladder 20 bp Extended,bp,10,820,25,hidden,50,http://www.lonza.com/products-services/bio-research/electrophoresis-of-nucleic-acids-and-proteins/nucleic-acid-electrophoresis/nucleic-acid-standards-and-loading-buffers/dna-ladders-and-markers.aspx
Lonza,lonza.com,DNA Ladder 20 bp Extended,bp,11,800,25,,50,http://www.lonza.com/products-services/bio-research/electrophoresis-of-nucleic-acids-and-proteins/nucleic-acid-electrophoresis/nucleic-acid-standards-and-loading-buffers/dna-ladders-and-markers.aspx
Lonza,lonza.com,DNA Ladder 20 bp Extended,bp,12,780,25,hidden,50,http://www.lonza.com/products-services/bio-research/electrophoresis-of-nucleic-acids-and-proteins/nucleic-acid-electrophoresis/nucleic-acid-standards-and-loading-buffers/dna-ladders-and-markers.aspx
Lonza,lonza.com,DNA Ladder 20 bp Extended,bp,13,760,25,hidden,50,http://www.lonza.com/products-services/bio-research/electrophoresis-of-nucleic-acids-and-proteins/nucleic-acid-electrophoresis/nucleic-acid-standards-and-loading-buffers/dna-ladders-and-markers.aspx
Lonza,lonza.com,DNA Ladder 20 bp Extended,bp,14,740,25,hidden,50,http://www.lonza.com/products-services/bio-research/electrophoresis-of-nucleic-acids-and-proteins/nucleic-acid-electrophoresis/nucleic-acid-standards-and-loading-buffers/dna-ladders-and-markers.aspx
Lonza,lonza.com,DNA Ladder 20 bp Extended,bp,15,720,25,hidden,50,http://www.lonza.com/products-services/bio-research/electrophoresis-of-nucleic-acids-and-proteins/nucleic-acid-electrophoresis/nucleic-acid-standards-and-loading-buffers/dna-ladders-and-markers.aspx
Lonza,lonza.com,DNA Ladder 20 bp Extended,bp,16,700,25,,50,http://www.lonza.com/products-services/bio-research/electrophoresis-of-nucleic-acids-and-proteins/nucleic-acid-electrophoresis/nucleic-acid-standards-and-loading-buffers/dna-ladders-and-markers.aspx
Lonza,lonza.com,DNA Ladder 20 bp Extended,bp,17,680,25,hidden,50,http://www.lonza.com/products-services/bio-research/electrophoresis-of-nucleic-acids-and-proteins/nucleic-acid-electrophoresis/nucleic-acid-standards-and-loading-buffers/dna-ladders-and-markers.aspx
Lonza,lonza.com,DNA Ladder 20 bp Extended,bp,18,660,25,hidden,50,http://www.lonza.com/products-services/bio-research/electrophoresis-of-nucleic-acids-and-proteins/nucleic-acid-electrophoresis/nucleic-acid-standards-and-loading-buffers/dna-ladders-and-markers.aspx
Lonza,lonza.com,DNA Ladder 20 bp Extended,bp,19,640,25,hidden,50,http://www.lonza.com/products-services/bio-research/electrophoresis-of-nucleic-acids-and-proteins/nucleic-acid-electrophoresis/nucleic-acid-standards-and-loading-buffers/dna-ladders-and-markers.aspx
Lonza,lonza.com,DNA Ladder 20 bp Extended,bp,20,620,25,hidden,50,http://www.lonza.com/products-services/bio-research/electrophoresis-of-nucleic-acids-and-proteins/nucleic-acid-electrophoresis/nucleic-acid-standards-and-loading-buffers/dna-ladders-and-markers.aspx
Lonza,lonza.com,DNA Ladder 20 bp Extended,bp,21,600,25,,50,http://www.lonza.com/products-services/bio-research/electrophoresis-of-nucleic-acids-and-proteins/nucleic-acid-electrophoresis/nucleic-acid-standards-and-loading-buffers/dna-ladders-and-markers.aspx
Lonza,lonza.com,DNA Ladder 20 bp Extended,bp,22,580,25,hidden,50,http://www.lonza.com/products-services/bio-research/electrophoresis-of-nucleic-acids-and-proteins/nucleic-acid-electrophoresis/nucleic-acid-standards-and-loading-buffers/dna-ladders-and-markers.aspx
Lonza,lonza.com,DNA Ladder 20 bp Extended,bp,23,560,25,hidden,50,http://www.lonza.com/products-services/bio-research/electrophoresis-of-nucleic-acids-and-proteins/nucleic-acid-electrophoresis/nucleic-acid-standards-and-loading-buffers/dna-ladders-and-markers.aspx
Lonza,lonza.com,DNA Ladder 20 bp Extended,bp,24,540,25,hidden,50,http://www.lonza.com/products-services/bio-research/electrophoresis-of-nucleic-acids-and-proteins/nucleic-acid-electrophoresis/nucleic-acid-standards-and-loading-buffers/dna-ladders-and-markers.aspx
Lonza,lonza.com,DNA Ladder 20 bp Extended,bp,25,520,25,hidden,50,http://www.lonza.com/products-services/bio-research/electrophoresis-of-nucleic-acids-and-proteins/nucleic-acid-electrophoresis/nucleic-acid-standards-and-loading-buffers/dna-ladders-and-markers.aspx
Lonza,lonza.com,DNA Ladder 20 bp Extended,bp,26,500,50,reference band,50,http://www.lonza.com/products-services/bio-research/electrophoresis-of-nucleic-acids-and-proteins/nucleic-acid-electrophoresis/nucleic-acid-standards-and-loading-buffers/dna-ladders-and-markers.aspx
Lonza,lonza.com,DNA Ladder 20 bp Extended,bp,27,480,25,hidden,50,http://www.lonza.com/products-services/bio-research/electrophoresis-of-nucleic-acids-and-proteins/nucleic-acid-electrophoresis/nucleic-acid-standards-and-loading-buffers/dna-ladders-and-markers.aspx
Lonza,lonza.com,DNA Ladder 20 bp Extended,bp,28,460,25,hidden,50,http://www.lonza.com/products-services/bio-research/electrophoresis-of-nucleic-acids-and-proteins/nucleic-acid-electrophoresis/nucleic-acid-standards-and-loading-buffers/dna-ladders-and-markers.aspx
Lonza,lonza.com,DNA Ladder 20 bp Extended,bp,29,440,25,hidden,50,http://www.lonza.com/products-services/bio-research/electrophoresis-of-nucleic-acids-and-proteins/nucleic-acid-electrophoresis/nucleic-acid-standards-and-loading-buffers/dna-ladders-and-markers.aspx
Lonza,lonza.com,DNA Ladder 20 bp Extended,bp,30,420,25,hidden,50,http://www.lonza.com/products-services/bio-research/electrophoresis-of-nucleic-acids-and-proteins/nucleic-acid-electrophoresis/nucleic-acid-standards-and-loading-buffers/dna-ladders-and-markers.aspx
Lonza,lonza.com,DNA Ladder 20 bp Extended,bp,31,400,25,,50,http://www.lonza.com/products-services/bio-research/electrophoresis-of-nucleic-acids-and-proteins/nucleic-acid-electrophoresis/nucleic-acid-standards-and-loading-buffers/dna-ladders-and-markers.aspx
Lonza,lonza.com,DNA Ladder 20 bp Extended,bp,32,380,25,hidden,50,http://www.lonza.com/products-services/bio-research/electrophoresis-of-nucleic-acids-and-proteins/nucleic-acid-electrophoresis/nucleic-acid-standards-and-loading-buffers/dna-ladders-and-markers.aspx
Lonza,lonza.com,DNA Ladder 20 bp Extended,bp,33,360,25,hidden,50,http://www.lonza.com/products-services/bio-research/electrophoresis-of-nucleic-acids-and-proteins/nucleic-acid-electrophoresis/nucleic-acid-standards-and-loading-buffers/dna-ladders-and-markers.aspx
Lonza,lonza.com,DNA Ladder 20 bp Extended,bp,34,340,25,hidden,50,http://www.lonza.com/products-services/bio-research/electrophoresis-of-nucleic-acids-and-proteins/nucleic-acid-electrophoresis/nucleic-acid-standards-and-loading-buffers/dna-ladders-and-markers.aspx
Lonza,lonza.com,DNA Ladder 20 bp Extended,bp,35,320,25,hidden,50,http://www.lonza.com/products-services/bio-research/electrophoresis-of-nucleic-acids-and-proteins/nucleic-acid-electrophoresis/nucleic-acid-standards-and-loading-buffers/dna-ladders-and-markers.aspx
Lonza,lonza.com,DNA Ladder 20 bp Extended,bp,36,300,25,,50,http://www.lonza.com/products-services/bio-research/electrophoresis-of-nucleic-acids-and-proteins/nucleic-acid-electrophoresis/nucleic-acid-standards-and-loading-buffers/dna-ladders-and-markers.aspx
Lonza,lonza.com,DNA Ladder 20 bp Extended,bp,37,280,25,hidden,50,http://www.lonza.com/products-services/bio-research/electrophoresis-of-nucleic-acids-and-proteins/nucleic-acid-electrophoresis/nucleic-acid-standards-and-loading-buffers/dna-ladders-and-markers.aspx
Lonza,lonza.com,DNA Ladder 20 bp Extended,bp,38,260,25,hidden,50,http://www.lonza.com/products-services/bio-research/electrophoresis-of-nucleic-acids-and-proteins/nucleic-acid-electrophoresis/nucleic-acid-standards-and-loading-buffers/dna-ladders-and-markers.aspx
Lonza,lonza.com,DNA Ladder 20 bp Extended,bp,39,240,25,hidden,50,http://www.lonza.com/products-services/bio-research/electrophoresis-of-nucleic-acids-and-proteins/nucleic-acid-electrophoresis/nucleic-acid-standards-and-loading-buffers/dna-ladders-and-markers.aspx
Lonza,lonza.com,DNA Ladder 20 bp Extended,bp,40,220,25,hidden,50,http://www.lonza.com/products-services/bio-research/electrophoresis-of-nucleic-acids-and-proteins/nucleic-acid-electrophoresis/nucleic-acid-standards-and-loading-buffers/dna-ladders-and-markers.aspx
Lonza,lonza.com,DNA Ladder 20 bp Extended,bp,41,200,50,reference band,50,http://www.lonza.com/products-services/bio-research/electrophoresis-of-nucleic-acids-and-proteins/nucleic-acid-electrophoresis/nucleic-acid-standards-and-loading-buffers/dna-ladders-and-markers.aspx
Lonza,lonza.com,DNA Ladder 20 bp Extended,bp,42,180,25,hidden,50,http://www.lonza.com/products-services/bio-research/electrophoresis-of-nucleic-acids-and-proteins/nucleic-acid-electrophoresis/nucleic-acid-standards-and-loading-buffers/dna-ladders-and-markers.aspx
Lonza,lonza.com,DNA Ladder 20 bp Extended,bp,43,160,25,hidden,50,http://www.lonza.com/products-services/bio-research/electrophoresis-of-nucleic-acids-and-proteins/nucleic-acid-electrophoresis/nucleic-acid-standards-and-loading-buffers/dna-ladders-and-markers.aspx
Lonza,lonza.com,DNA Ladder 20 bp Extended,bp,44,140,25,hidden,50,http://www.lonza.com/products-services/bio-research/electrophoresis-of-nucleic-acids-and-proteins/nucleic-acid-electrophoresis/nucleic-acid-standards-and-loading-buffers/dna-ladders-and-markers.aspx
Lonza,lonza.com,DNA Ladder 20 bp Extended,bp,45,120,25,hidden,50,http://www.lonza.com/products-services/bio-research/electrophoresis-of-nucleic-acids-and-proteins/nucleic-acid-electrophoresis/nucleic-acid-standards-and-loading-buffers/dna-ladders-and-markers.aspx
Lonza,lonza.com,DNA Ladder 20 bp Extended,bp,46,100,25,,50,http://www.lonza.com/products-services/bio-research/electrophoresis-of-nucleic-acids-and-proteins/nucleic-acid-electrophoresis/nucleic-acid-standards-and-loading-buffers/dna-ladders-and-markers.aspx
Lonza,lonza.com,DNA Ladder 20 bp Extended,bp,47,80,25,,50,http://www.lonza.com/products-services/bio-research/electrophoresis-of-nucleic-acids-and-proteins/nucleic-acid-electrophoresis/nucleic-acid-standards-and-loading-buffers/dna-ladders-and-markers.aspx
Lonza,lonza.com,DNA Ladder 20 bp Extended,bp,48,60,25,,50,http://www.lonza.com/products-services/bio-research/electrophoresis-of-nucleic-acids-and-proteins/nucleic-acid-electrophoresis/nucleic-acid-standards-and-loading-buffers/dna-ladders-and-markers.aspx
Lonza,lonza.com,DNA Ladder 20 bp Extended,bp,49,40,25,,50,http://www.lonza.com/products-services/bio-research/electrophoresis-of-nucleic-acids-and-proteins/nucleic-acid-electrophoresis/nucleic-acid-standards-and-loading-buffers/dna-ladders-and-markers.aspx
Lonza,lonza.com,DNA Ladder 20 bp Extended,bp,50,20,25,,50,http://www.lonza.com/products-services/bio-research/electrophoresis-of-nucleic-acids-and-proteins/nucleic-acid-electrophoresis/nucleic-acid-standards-and-loading-buffers/dna-ladders-and-markers.aspx
Lonza,lonza.com,DNA Ladder 50 – 1000 bp,bp,1,1000,50,,9,http://www.lonza.com/products-services/bio-research/electrophoresis-of-nucleic-acids-and-proteins/nucleic-acid-electrophoresis/nucleic-acid-standards-and-loading-buffers/dna-ladders-and-markers.aspx
Lonza,lonza.com,DNA Ladder 50 – 1000 bp,bp,2,700,50,,9,http://www.lonza.com/products-services/bio-research/electrophoresis-of-nucleic-acids-and-proteins/nucleic-acid-electrophoresis/nucleic-acid-standards-and-loading-buffers/dna-ladders-and-markers.aspx
Lonza,lonza.com,DNA Ladder 50 – 1000 bp,bp,3,525,50,,9,http://www.lonza.com/products-services/bio-research/electrophoresis-of-nucleic-acids-and-proteins/nucleic-acid-electrophoresis/nucleic-acid-standards-and-loading-buffers/dna-ladders-and-markers.aspx
Lonza,lonza.com,DNA Ladder 50 – 1000 bp,bp,4,500,50,,9,http://www.lonza.com/products-services/bio-research/electrophoresis-of-nucleic-acids-and-proteins/nucleic-acid-electrophoresis/nucleic-acid-standards-and-loading-buffers/dna-ladders-and-markers.aspx
Lonza,lonza.com,DNA Ladder 50 – 1000 bp,bp,5,400,50,,9,http://www.lonza.com/products-services/bio-research/electrophoresis-of-nucleic-acids-and-proteins/nucleic-acid-electrophoresis/nucleic-acid-standards-and-loading-buffers/dna-ladders-and-markers.aspx
Lonza,lonza.com,DNA Ladder 50 – 1000 bp,bp,6,300,50,,9,http://www.lonza.com/products-services/bio-research/electrophoresis-of-nucleic-acids-and-proteins/nucleic-acid-electrophoresis/nucleic-acid-standards-and-loading-buffers/dna-ladders-and-markers.aspx
Lonza,lonza.com,DNA Ladder 50 – 1000 bp,bp,7,200,50,,9,http://www.lonza.com/products-services/bio-research/electrophoresis-of-nucleic-acids-and-proteins/nucleic-acid-electrophoresis/nucleic-acid-standards-and-loading-buffers/dna-ladders-and-markers.aspx
Lonza,lonza.com,DNA Ladder 50 – 1000 bp,bp,8,100,50,,9,http://www.lonza.com/products-services/bio-research/electrophoresis-of-nucleic-acids-and-proteins/nucleic-acid-electrophoresis/nucleic-acid-standards-and-loading-buffers/dna-ladders-and-markers.aspx
Lonza,lonza.com,DNA Ladder 50 – 1000 bp,bp,9,50,50,,9,http://www.lonza.com/products-services/bio-research/electrophoresis-of-nucleic-acids-and-proteins/nucleic-acid-electrophoresis/nucleic-acid-standards-and-loading-buffers/dna-ladders-and-markers.aspx
Lonza,lonza.com,DNA Ladder 50 – 2500 bp,bp,1,2500,50,,13,http://www.lonza.com/products-services/bio-research/electrophoresis-of-nucleic-acids-and-proteins/nucleic-acid-electrophoresis/nucleic-acid-standards-and-loading-buffers/dna-ladders-and-markers.aspx
Lonza,lonza.com,DNA Ladder 50 – 2500 bp,bp,2,2000,50,,13,http://www.lonza.com/products-services/bio-research/electrophoresis-of-nucleic-acids-and-proteins/nucleic-acid-electrophoresis/nucleic-acid-standards-and-loading-buffers/dna-ladders-and-markers.aspx
Lonza,lonza.com,DNA Ladder 50 – 2500 bp,bp,3,1500,50,,13,http://www.lonza.com/products-services/bio-research/electrophoresis-of-nucleic-acids-and-proteins/nucleic-acid-electrophoresis/nucleic-acid-standards-and-loading-buffers/dna-ladders-and-markers.aspx
Lonza,lonza.com,DNA Ladder 50 – 2500 bp,bp,4,1250,50,,13,http://www.lonza.com/products-services/bio-research/electrophoresis-of-nucleic-acids-and-proteins/nucleic-acid-electrophoresis/nucleic-acid-standards-and-loading-buffers/dna-ladders-and-markers.aspx
Lonza,lonza.com,DNA Ladder 50 – 2500 bp,bp,5,1000,100,reference band,13,http://www.lonza.com/products-services/bio-research/electrophoresis-of-nucleic-acids-and-proteins/nucleic-acid-electrophoresis/nucleic-acid-standards-and-loading-buffers/dna-ladders-and-markers.aspx
Lonza,lonza.com,DNA Ladder 50 – 2500 bp,bp,6,700,50,,13,http://www.lonza.com/products-services/bio-research/electrophoresis-of-nucleic-acids-and-proteins/nucleic-acid-electrophoresis/nucleic-acid-standards-and-loading-buffers/dna-ladders-and-markers.aspx
Lonza,lonza.com,DNA Ladder 50 – 2500 bp,bp,7,525,50,,13,http://www.lonza.com/products-services/bio-research/electrophoresis-of-nucleic-acids-and-proteins/nucleic-acid-electrophoresis/nucleic-acid-standards-and-loading-buffers/dna-ladders-and-markers.aspx
Lonza,lonza.com,DNA Ladder 50 – 2500 bp,bp,8,500,50,,13,http://www.lonza.com/products-services/bio-research/electrophoresis-of-nucleic-acids-and-proteins/nucleic-acid-electrophoresis/nucleic-acid-standards-and-loading-buffers/dna-ladders-and-markers.aspx
Lonza,lonza.com,DNA Ladder 50 – 2500 bp,bp,9,400,50,,13,http://www.lonza.com/products-services/bio-research/electrophoresis-of-nucleic-acids-and-proteins/nucleic-acid-electrophoresis/nucleic-acid-standards-and-loading-buffers/dna-ladders-and-markers.aspx
Lonza,lonza.com,DNA Ladder 50 – 2500 bp,bp,10,300,50,,13,http://www.lonza.com/products-services/bio-research/electrophoresis-of-nucleic-acids-and-proteins/nucleic-acid-electrophoresis/nucleic-acid-standards-and-loading-buffers/dna-ladders-and-markers.aspx
Lonza,lonza.com,DNA Ladder 50 – 2500 bp,bp,11,200,50,,13,http://www.lonza.com/products-services/bio-research/electrophoresis-of-nucleic-acids-and-proteins/nucleic-acid-electrophoresis/nucleic-acid-standards-and-loading-buffers/dna-ladders-and-markers.aspx
Lonza,lonza.com,DNA Ladder 50 – 2500 bp,bp,12,100,50,,13,http://www.lonza.com/products-services/bio-research/electrophoresis-of-nucleic-acids-and-proteins/nucleic-acid-electrophoresis/nucleic-acid-standards-and-loading-buffers/dna-ladders-and-markers.aspx
Lonza,lonza.com,DNA Ladder 50 – 2500 bp,bp,13,50,50,,13,http://www.lonza.com/products-services/bio-research/electrophoresis-of-nucleic-acids-and-proteins/nucleic-acid-electrophoresis/nucleic-acid-standards-and-loading-buffers/dna-ladders-and-markers.aspx
Lonza,lonza.com,DNA Ladder 100 bp,bp,1,1000,50,,10,http://www.lonza.com/products-services/bio-research/electrophoresis-of-nucleic-acids-and-proteins/nucleic-acid-electrophoresis/nucleic-acid-standards-and-loading-buffers/dna-ladders-and-markers.aspx
Lonza,lonza.com,DNA Ladder 100 bp,bp,2,900,50,,10,http://www.lonza.com/products-services/bio-research/electrophoresis-of-nucleic-acids-and-proteins/nucleic-acid-electrophoresis/nucleic-acid-standards-and-loading-buffers/dna-ladders-and-markers.aspx
Lonza,lonza.com,DNA Ladder 100 bp,bp,3,800,50,,10,http://www.lonza.com/products-services/bio-research/electrophoresis-of-nucleic-acids-and-proteins/nucleic-acid-electrophoresis/nucleic-acid-standards-and-loading-buffers/dna-ladders-and-markers.aspx
Lonza,lonza.com,DNA Ladder 100 bp,bp,4,700,50,,10,http://www.lonza.com/products-services/bio-research/electrophoresis-of-nucleic-acids-and-proteins/nucleic-acid-electrophoresis/nucleic-acid-standards-and-loading-buffers/dna-ladders-and-markers.aspx
Lonza,lonza.com,DNA Ladder 100 bp,bp,5,600,50,,10,http://www.lonza.com/products-services/bio-research/electrophoresis-of-nucleic-acids-and-proteins/nucleic-acid-electrophoresis/nucleic-acid-standards-and-loading-buffers/dna-ladders-and-markers.aspx
Lonza,lonza.com,DNA Ladder 100 bp,bp,6,500,50,,10,http://www.lonza.com/products-services/bio-research/electrophoresis-of-nucleic-acids-and-proteins/nucleic-acid-electrophoresis/nucleic-acid-standards-and-loading-buffers/dna-ladders-and-markers.aspx
Lonza,lonza.com,DNA Ladder 100 bp,bp,7,400,50,,10,http://www.lonza.com/products-services/bio-research/electrophoresis-of-nucleic-acids-and-proteins/nucleic-acid-electrophoresis/nucleic-acid-standards-and-loading-buffers/dna-ladders-and-markers.aspx
Lonza,lonza.com,DNA Ladder 100 bp,bp,8,300,50,,10,http://www.lonza.com/products-services/bio-research/electrophoresis-of-nucleic-acids-and-proteins/nucleic-acid-electrophoresis/nucleic-acid-standards-and-loading-buffers/dna-ladders-and-markers.aspx
Lonza,lonza.com,DNA Ladder 100 bp,bp,9,200,50,,10,http://www.lonza.com/products-services/bio-research/electrophoresis-of-nucleic-acids-and-proteins/nucleic-acid-electrophoresis/nucleic-acid-standards-and-loading-buffers/dna-ladders-and-markers.aspx
Lonza,lonza.com,DNA Ladder 100 bp,bp,10,100,50,,10,http://www.lonza.com/products-services/bio-research/electrophoresis-of-nucleic-acids-and-proteins/nucleic-acid-electrophoresis/nucleic-acid-standards-and-loading-buffers/dna-ladders-and-markers.aspx
Lonza,lonza.com,DNA Ladder 100 bp Extended,bp,1,3000,60,reference band,30,http://www.lonza.com/products-services/bio-research/electrophoresis-of-nucleic-acids-and-proteins/nucleic-acid-electrophoresis/nucleic-acid-standards-and-loading-buffers/dna-ladders-and-markers.aspx
Lonza,lonza.com,DNA Ladder 100 bp Extended,bp,2,2900,30,hidden,30,http://www.lonza.com/products-services/bio-research/electrophoresis-of-nucleic-acids-and-proteins/nucleic-acid-electrophoresis/nucleic-acid-standards-and-loading-buffers/dna-ladders-and-markers.aspx
Lonza,lonza.com,DNA Ladder 100 bp Extended,bp,3,2800,30,hidden,30,http://www.lonza.com/products-services/bio-research/electrophoresis-of-nucleic-acids-and-proteins/nucleic-acid-electrophoresis/nucleic-acid-standards-and-loading-buffers/dna-ladders-and-markers.aspx
Lonza,lonza.com,DNA Ladder 100 bp Extended,bp,4,2700,30,hidden,30,http://www.lonza.com/products-services/bio-research/electrophoresis-of-nucleic-acids-and-proteins/nucleic-acid-electrophoresis/nucleic-acid-standards-and-loading-buffers/dna-ladders-and-markers.aspx
Lonza,lonza.com,DNA Ladder 100 bp Extended,bp,5,2600,30,hidden,30,http://www.lonza.com/products-services/bio-research/electrophoresis-of-nucleic-acids-and-proteins/nucleic-acid-electrophoresis/nucleic-acid-standards-and-loading-buffers/dna-ladders-and-markers.aspx
Lonza,lonza.com,DNA Ladder 100 bp Extended,bp,6,2500,30,,30,http://www.lonza.com/products-services/bio-research/electrophoresis-of-nucleic-acids-and-proteins/nucleic-acid-electrophoresis/nucleic-acid-standards-and-loading-buffers/dna-ladders-and-markers.aspx
Lonza,lonza.com,DNA Ladder 100 bp Extended,bp,7,2400,30,hidden,30,http://www.lonza.com/products-services/bio-research/electrophoresis-of-nucleic-acids-and-proteins/nucleic-acid-electrophoresis/nucleic-acid-standards-and-loading-buffers/dna-ladders-and-markers.aspx
Lonza,lonza.com,DNA Ladder 100 bp Extended,bp,8,2300,30,hidden,30,http://www.lonza.com/products-services/bio-research/electrophoresis-of-nucleic-acids-and-proteins/nucleic-acid-electrophoresis/nucleic-acid-standards-and-loading-buffers/dna-ladders-and-markers.aspx
Lonza,lonza.com,DNA Ladder 100 bp Extended,bp,9,2200,30,hidden,30,http://www.lonza.com/products-services/bio-research/electrophoresis-of-nucleic-acids-and-proteins/nucleic-acid-electrophoresis/nucleic-acid-standards-and-loading-buffers/dna-ladders-and-markers.aspx
Lonza,lonza.com,DNA Ladder 100 bp Extended,bp,10,2100,30,hidden,30,http://www.lonza.com/products-services/bio-research/electrophoresis-of-nucleic-acids-and-proteins/nucleic-acid-electrophoresis/nucleic-acid-standards-and-loading-buffers/dna-ladders-and-markers.aspx
Lonza,lonza.com,DNA Ladder 100 bp Extended,bp,11,2000,30,,30,http://www.lonza.com/products-services/bio-research/electrophoresis-of-nucleic-acids-and-proteins/nucleic-acid-electrophoresis/nucleic-acid-standards-and-loading-buffers/dna-ladders-and-markers.aspx
Lonza,lonza.com,DNA Ladder 100 bp Extended,bp,12,1900,30,hidden,30,http://www.lonza.com/products-services/bio-research/electrophoresis-of-nucleic-acids-and-proteins/nucleic-acid-electrophoresis/nucleic-acid-standards-and-loading-buffers/dna-ladders-and-markers.aspx
Lonza,lonza.com,DNA Ladder 100 bp Extended,bp,13,1800,30,hidden,30,http://www.lonza.com/products-services/bio-research/electrophoresis-of-nucleic-acids-and-proteins/nucleic-acid-electrophoresis/nucleic-acid-standards-and-loading-buffers/dna-ladders-and-markers.aspx
Lonza,lonza.com,DNA Ladder 100 bp Extended,bp,14,1700,30,hidden,30,http://www.lonza.com/products-services/bio-research/electrophoresis-of-nucleic-acids-and-proteins/nucleic-acid-electrophoresis/nucleic-acid-standards-and-loading-buffers/dna-ladders-and-markers.aspx
Lonza,lonza.com,DNA Ladder 100 bp Extended,bp,15,1600,30,hidden,30,http://www.lonza.com/products-services/bio-research/electrophoresis-of-nucleic-acids-and-proteins/nucleic-acid-electrophoresis/nucleic-acid-standards-and-loading-buffers/dna-ladders-and-markers.aspx
Lonza,lonza.com,DNA Ladder 100 bp Extended,bp,16,1500,30,,30,http://www.lonza.com/products-services/bio-research/electrophoresis-of-nucleic-acids-and-proteins/nucleic-acid-electrophoresis/nucleic-acid-standards-and-loading-buffers/dna-ladders-and-markers.aspx
Lonza,lonza.com,DNA Ladder 100 bp Extended,bp,17,1400,30,hidden,30,http://www.lonza.com/products-services/bio-research/electrophoresis-of-nucleic-acids-and-proteins/nucleic-acid-electrophoresis/nucleic-acid-standards-and-loading-buffers/dna-ladders-and-markers.aspx
Lonza,lonza.com,DNA Ladder 100 bp Extended,bp,18,1300,30,hidden,30,http://www.lonza.com/products-services/bio-research/electrophoresis-of-nucleic-acids-and-proteins/nucleic-acid-electrophoresis/nucleic-acid-standards-and-loading-buffers/dna-ladders-and-markers.aspx
Lonza,lonza.com,DNA Ladder 100 bp Extended,bp,19,1200,30,hidden,30,http://www.lonza.com/products-services/bio-research/electrophoresis-of-nucleic-acids-and-proteins/nucleic-acid-electrophoresis/nucleic-acid-standards-and-loading-buffers/dna-ladders-and-markers.aspx
Lonza,lonza.com,DNA Ladder 100 bp Extended,bp,20,1100,30,hidden,30,http://www.lonza.com/products-services/bio-research/electrophoresis-of-nucleic-acids-and-proteins/nucleic-acid-electrophoresis/nucleic-acid-standards-and-loading-buffers/dna-ladders-and-markers.aspx
Lonza,lonza.com,DNA Ladder 100 bp Extended,bp,21,1000,60,reference band,30,http://www.lonza.com/products-services/bio-research/electrophoresis-of-nucleic-acids-and-proteins/nucleic-acid-electrophoresis/nucleic-acid-standards-and-loading-buffers/dna-ladders-and-markers.aspx
Lonza,lonza.com,DNA Ladder 100 bp Extended,bp,22,900,30,,30,http://www.lonza.com/products-services/bio-research/electrophoresis-of-nucleic-acids-and-proteins/nucleic-acid-electrophoresis/nucleic-acid-standards-and-loading-buffers/dna-ladders-and-markers.aspx
Lonza,lonza.com,DNA Ladder 100 bp Extended,bp,23,800,30,,30,http://www.lonza.com/products-services/bio-research/electrophoresis-of-nucleic-acids-and-proteins/nucleic-acid-electrophoresis/nucleic-acid-standards-and-loading-buffers/dna-ladders-and-markers.aspx
Lonza,lonza.com,DNA Ladder 100 bp Extended,bp,24,700,30,,30,http://www.lonza.com/products-services/bio-research/electrophoresis-of-nucleic-acids-and-proteins/nucleic-acid-electrophoresis/nucleic-acid-standards-and-loading-buffers/dna-ladders-and-markers.aspx
Lonza,lonza.com,DNA Ladder 100 bp Extended,bp,25,600,30,,30,http://www.lonza.com/products-services/bio-research/electrophoresis-of-nucleic-acids-and-proteins/nucleic-acid-electrophoresis/nucleic-acid-standards-and-loading-buffers/dna-ladders-and-markers.aspx
Lonza,lonza.com,DNA Ladder 100 bp Extended,bp,26,500,30,,30,http://www.lonza.com/products-services/bio-research/electrophoresis-of-nucleic-acids-and-proteins/nucleic-acid-electrophoresis/nucleic-acid-standards-and-loading-buffers/dna-ladders-and-markers.aspx
Lonza,lonza.com,DNA Ladder 100 bp Extended,bp,27,400,30,,30,http://www.lonza.com/products-services/bio-research/electrophoresis-of-nucleic-acids-and-proteins/nucleic-acid-electrophoresis/nucleic-acid-standards-and-loading-buffers/dna-ladders-and-markers.aspx
Lonza,lonza.com,DNA Ladder 100 bp Extended,bp,28,300,30,,30,http://www.lonza.com/products-services/bio-research/electrophoresis-of-nucleic-acids-and-proteins/nucleic-acid-electrophoresis/nucleic-acid-standards-and-loading-buffers/dna-ladders-and-markers.aspx
Lonza,lonza.com,DNA Ladder 100 bp Extended,bp,29,200,30,,30,http://www.lonza.com/products-services/bio-research/electrophoresis-of-nucleic-acids-and-proteins/nucleic-acid-electrophoresis/nucleic-acid-standards-and-loading-buffers/dna-ladders-and-markers.aspx
Lonza,lonza.com,DNA Ladder 100 bp Extended,bp,30,100,30,,30,http://www.lonza.com/products-services/bio-research/electrophoresis-of-nucleic-acids-and-proteins/nucleic-acid-electrophoresis/nucleic-acid-standards-and-loading-buffers/dna-ladders-and-markers.aspx
Lonza,lonza.com,DNA Ladder 500 bp,bp,1,8000,50,,16,http://www.lonza.com/products-services/bio-research/electrophoresis-of-nucleic-acids-and-proteins/nucleic-acid-electrophoresis/nucleic-acid-standards-and-loading-buffers/dna-ladders-and-markers.aspx
Lonza,lonza.com,DNA Ladder 500 bp,bp,2,7500,50,,16,http://www.lonza.com/products-services/bio-research/electrophoresis-of-nucleic-acids-and-proteins/nucleic-acid-electrophoresis/nucleic-acid-standards-and-loading-buffers/dna-ladders-and-markers.aspx
Lonza,lonza.com,DNA Ladder 500 bp,bp,3,7000,50,,16,http://www.lonza.com/products-services/bio-research/electrophoresis-of-nucleic-acids-and-proteins/nucleic-acid-electrophoresis/nucleic-acid-standards-and-loading-buffers/dna-ladders-and-markers.aspx
Lonza,lonza.com,DNA Ladder 500 bp,bp,4,6500,50,,16,http://www.lonza.com/products-services/bio-research/electrophoresis-of-nucleic-acids-and-proteins/nucleic-acid-electrophoresis/nucleic-acid-standards-and-loading-buffers/dna-ladders-and-markers.aspx
Lonza,lonza.com,DNA Ladder 500 bp,bp,5,6000,50,,16,http://www.lonza.com/products-services/bio-research/electrophoresis-of-nucleic-acids-and-proteins/nucleic-acid-electrophoresis/nucleic-acid-standards-and-loading-buffers/dna-ladders-and-markers.aspx
Lonza,lonza.com,DNA Ladder 500 bp,bp,6,5500,50,,16,http://www.lonza.com/products-services/bio-research/electrophoresis-of-nucleic-acids-and-proteins/nucleic-acid-electrophoresis/nucleic-acid-standards-and-loading-buffers/dna-ladders-and-markers.aspx
Lonza,lonza.com,DNA Ladder 500 bp,bp,7,5000,100,reference band,16,http://www.lonza.com/products-services/bio-research/electrophoresis-of-nucleic-acids-and-proteins/nucleic-acid-electrophoresis/nucleic-acid-standards-and-loading-buffers/dna-ladders-and-markers.aspx
Lonza,lonza.com,DNA Ladder 500 bp,bp,8,4500,50,,16,http://www.lonza.com/products-services/bio-research/electrophoresis-of-nucleic-acids-and-proteins/nucleic-acid-electrophoresis/nucleic-acid-standards-and-loading-buffers/dna-ladders-and-markers.aspx
Lonza,lonza.com,DNA Ladder 500 bp,bp,9,4000,50,,16,http://www.lonza.com/products-services/bio-research/electrophoresis-of-nucleic-acids-and-proteins/nucleic-acid-electrophoresis/nucleic-acid-standards-and-loading-buffers/dna-ladders-and-markers.aspx
Lonza,lonza.com,DNA Ladder 500 bp,bp,10,3500,50,,16,http://www.lonza.com/products-services/bio-research/electrophoresis-of-nucleic-acids-and-proteins/nucleic-acid-electrophoresis/nucleic-acid-standards-and-loading-buffers/dna-ladders-and-markers.aspx
Lonza,lonza.com,DNA Ladder 500 bp,bp,11,3000,50,,16,http://www.lonza.com/products-services/bio-research/electrophoresis-of-nucleic-acids-and-proteins/nucleic-acid-electrophoresis/nucleic-acid-standards-and-loading-buffers/dna-ladders-and-markers.aspx
Lonza,lonza.com,DNA Ladder 500 bp,bp,12,2500,50,,16,http://www.lonza.com/products-services/bio-research/electrophoresis-of-nucleic-acids-and-proteins/nucleic-acid-electrophoresis/nucleic-acid-standards-and-loading-buffers/dna-ladders-and-markers.aspx
Lonza,lonza.com,DNA Ladder 500 bp,bp,13,2000,50,,16,http://www.lonza.com/products-services/bio-research/electrophoresis-of-nucleic-acids-and-proteins/nucleic-acid-electrophoresis/nucleic-acid-standards-and-loading-buffers/dna-ladders-and-markers.aspx
Lonza,lonza.com,DNA Ladder 500 bp,bp,14,1500,50,,16,http://www.lonza.com/products-services/bio-research/electrophoresis-of-nucleic-acids-and-proteins/nucleic-acid-electrophoresis/nucleic-acid-standards-and-loading-buffers/dna-ladders-and-markers.aspx
Lonza,lonza.com,DNA Ladder 500 bp,bp,15,1000,50,,16,http://www.lonza.com/products-services/bio-research/electrophoresis-of-nucleic-acids-and-proteins/nucleic-acid-electrophoresis/nucleic-acid-standards-and-loading-buffers/dna-ladders-and-markers.aspx
Lonza,lonza.com,DNA Ladder 500 bp,bp,16,500,50,,16,http://www.lonza.com/products-services/bio-research/electrophoresis-of-nucleic-acids-and-proteins/nucleic-acid-electrophoresis/nucleic-acid-standards-and-loading-buffers/dna-ladders-and-markers.aspx
Lonza,lonza.com,FlashGel® DNA Marker 50 bp – 1.5 kb,bp,1,1500,50,,8,http://www.lonza.com/products-services/bio-research/electrophoresis-of-nucleic-acids-and-proteins/nucleic-acid-electrophoresis/nucleic-acid-standards-and-loading-buffers/dna-ladders-and-markers.aspx
Lonza,lonza.com,FlashGel® DNA Marker 50 bp – 1.5 kb,bp,2,800,50,,8,http://www.lonza.com/products-services/bio-research/electrophoresis-of-nucleic-acids-and-proteins/nucleic-acid-electrophoresis/nucleic-acid-standards-and-loading-buffers/dna-ladders-and-markers.aspx
Lonza,lonza.com,FlashGel® DNA Marker 50 bp – 1.5 kb,bp,3,500,50,,8,http://www.lonza.com/products-services/bio-research/electrophoresis-of-nucleic-acids-and-proteins/nucleic-acid-electrophoresis/nucleic-acid-standards-and-loading-buffers/dna-ladders-and-markers.aspx
Lonza,lonza.com,FlashGel® DNA Marker 50 bp – 1.5 kb,bp,4,300,50,,8,http://www.lonza.com/products-services/bio-research/electrophoresis-of-nucleic-acids-and-proteins/nucleic-acid-electrophoresis/nucleic-acid-standards-and-loading-buffers/dna-ladders-and-markers.aspx
Lonza,lonza.com,FlashGel® DNA Marker 50 bp – 1.5 kb,bp,5,200,100,reference band,8,http://www.lonza.com/products-services/bio-research/electrophoresis-of-nucleic-acids-and-proteins/nucleic-acid-electrophoresis/nucleic-acid-standards-and-loading-buffers/dna-ladders-and-markers.aspx
Lonza,lonza.com,FlashGel® DNA Marker 50 bp – 1.5 kb,bp,6,150,50,,8,http://www.lonza.com/products-services/bio-research/electrophoresis-of-nucleic-acids-and-proteins/nucleic-acid-electrophoresis/nucleic-acid-standards-and-loading-buffers/dna-ladders-and-markers.aspx
Lonza,lonza.com,FlashGel® DNA Marker 50 bp – 1.5 kb,bp,7,100,50,,8,http://www.lonza.com/products-services/bio-research/electrophoresis-of-nucleic-acids-and-proteins/nucleic-acid-electrophoresis/nucleic-acid-standards-and-loading-buffers/dna-ladders-and-markers.aspx
Lonza,lonza.com,FlashGel® DNA Marker 50 bp – 1.5 kb,bp,8,50,50,,8,http://www.lonza.com/products-services/bio-research/electrophoresis-of-nucleic-acids-and-proteins/nucleic-acid-electrophoresis/nucleic-acid-standards-and-loading-buffers/dna-ladders-and-markers.aspx
Lonza,lonza.com,FlashGel® DNA Marker 100 bp – 3 kb,bp,1,3000,50,,6,http://www.lonza.com/products-services/bio-research/electrophoresis-of-nucleic-acids-and-proteins/nucleic-acid-electrophoresis/nucleic-acid-standards-and-loading-buffers/dna-ladders-and-markers.aspx
Lonza,lonza.com,FlashGel® DNA Marker 100 bp – 3 kb,bp,2,1500,50,,6,http://www.lonza.com/products-services/bio-research/electrophoresis-of-nucleic-acids-and-proteins/nucleic-acid-electrophoresis/nucleic-acid-standards-and-loading-buffers/dna-ladders-and-markers.aspx
Lonza,lonza.com,FlashGel® DNA Marker 100 bp – 3 kb,bp,3,800,50,,6,http://www.lonza.com/products-services/bio-research/electrophoresis-of-nucleic-acids-and-proteins/nucleic-acid-electrophoresis/nucleic-acid-standards-and-loading-buffers/dna-ladders-and-markers.aspx
Lonza,lonza.com,FlashGel® DNA Marker 100 bp – 3 kb,bp,4,500,50,,6,http://www.lonza.com/products-services/bio-research/electrophoresis-of-nucleic-acids-and-proteins/nucleic-acid-electrophoresis/nucleic-acid-standards-and-loading-buffers/dna-ladders-and-markers.aspx
Lonza,lonza.com,FlashGel® DNA Marker 100 bp – 3 kb,bp,5,300,50,,6,http://www.lonza.com/products-services/bio-research/electrophoresis-of-nucleic-acids-and-proteins/nucleic-acid-electrophoresis/nucleic-acid-standards-and-loading-buffers/dna-ladders-and-markers.aspx
Lonza,lonza.com,FlashGel® DNA Marker 100 bp – 3 kb,bp,6,100,50,,6,http://www.lonza.com/products-services/bio-research/electrophoresis-of-nucleic-acids-and-proteins/nucleic-acid-electrophoresis/nucleic-acid-standards-and-loading-buffers/dna-ladders-and-markers.aspx
Lonza,lonza.com,FlashGel® DNA Marker 100 bp – 4 kb,bp,1,4000,50,,8,http://www.lonza.com/products-services/bio-research/electrophoresis-of-nucleic-acids-and-proteins/nucleic-acid-electrophoresis/nucleic-acid-standards-and-loading-buffers/dna-ladders-and-markers.aspx
Lonza,lonza.com,FlashGel® DNA Marker 100 bp – 4 kb,bp,2,2000,50,,8,http://www.lonza.com/products-services/bio-research/electrophoresis-of-nucleic-acids-and-proteins/nucleic-acid-electrophoresis/nucleic-acid-standards-and-loading-buffers/dna-ladders-and-markers.aspx
Lonza,lonza.com,FlashGel® DNA Marker 100 bp – 4 kb,bp,3,1250,50,,8,http://www.lonza.com/products-services/bio-research/electrophoresis-of-nucleic-acids-and-proteins/nucleic-acid-electrophoresis/nucleic-acid-standards-and-loading-buffers/dna-ladders-and-markers.aspx
Lonza,lonza.com,FlashGel® DNA Marker 100 bp – 4 kb,bp,4,800,50,,8,http://www.lonza.com/products-services/bio-research/electrophoresis-of-nucleic-acids-and-proteins/nucleic-acid-electrophoresis/nucleic-acid-standards-and-loading-buffers/dna-ladders-and-markers.aspx
Lonza,lonza.com,FlashGel® DNA Marker 100 bp – 4 kb,bp,5,500,50,,8,http://www.lonza.com/products-services/bio-research/electrophoresis-of-nucleic-acids-and-proteins/nucleic-acid-electrophoresis/nucleic-acid-standards-and-loading-buffers/dna-ladders-and-markers.aspx
Lonza,lonza.com,FlashGel® DNA Marker 100 bp – 4 kb,bp,6,300,50,,8,http://www.lonza.com/products-services/bio-research/electrophoresis-of-nucleic-acids-and-proteins/nucleic-acid-electrophoresis/nucleic-acid-standards-and-loading-buffers/dna-ladders-and-markers.aspx
Lonza,lonza.com,FlashGel® DNA Marker 100 bp – 4 kb,bp,7,200,50,,8,http://www.lonza.com/products-services/bio-research/electrophoresis-of-nucleic-acids-and-proteins/nucleic-acid-electrophoresis/nucleic-acid-standards-and-loading-buffers/dna-ladders-and-markers.aspx
Lonza,lonza.com,FlashGel® DNA Marker 100 bp – 4 kb,bp,8,100,50,,8,http://www.lonza.com/products-services/bio-research/electrophoresis-of-nucleic-acids-and-proteins/nucleic-acid-electrophoresis/nucleic-acid-standards-and-loading-buffers/dna-ladders-and-markers.aspx
Lonza,lonza.com,FlashGel® QuantLadder 100 bp – 1.5 kb,bp,1,1500,120,,5,http://www.lonza.com/products-services/bio-research/electrophoresis-of-nucleic-acids-and-proteins/nucleic-acid-electrophoresis/nucleic-acid-standards-and-loading-buffers/dna-ladders-and-markers.aspx
Lonza,lonza.com,FlashGel® QuantLadder 100 bp – 1.5 kb,bp,2,800,84,,5,http://www.lonza.com/products-services/bio-research/electrophoresis-of-nucleic-acids-and-proteins/nucleic-acid-electrophoresis/nucleic-acid-standards-and-loading-buffers/dna-ladders-and-markers.aspx
Lonza,lonza.com,FlashGel® QuantLadder 100 bp – 1.5 kb,bp,3,400,60,,5,http://www.lonza.com/products-services/bio-research/electrophoresis-of-nucleic-acids-and-proteins/nucleic-acid-electrophoresis/nucleic-acid-standards-and-loading-buffers/dna-ladders-and-markers.aspx
Lonza,lonza.com,FlashGel® QuantLadder 100 bp – 1.5 kb,bp,4,250,30,,5,http://www.lonza.com/products-services/bio-research/electrophoresis-of-nucleic-acids-and-proteins/nucleic-acid-electrophoresis/nucleic-acid-standards-and-loading-buffers/dna-ladders-and-markers.aspx
Lonza,lonza.com,FlashGel® QuantLadder 100 bp – 1.5 kb,bp,5,100,12,,5,http://www.lonza.com/products-services/bio-research/electrophoresis-of-nucleic-acids-and-proteins/nucleic-acid-electrophoresis/nucleic-acid-standards-and-loading-buffers/dna-ladders-and-markers.aspx
Lonza,lonza.com,QuantLadder,bp,1,1000,100,,5,http://www.lonza.com/products-services/bio-research/electrophoresis-of-nucleic-acids-and-proteins/nucleic-acid-electrophoresis/nucleic-acid-standards-and-loading-buffers/dna-ladders-and-markers.aspx
Lonza,lonza.com,QuantLadder,bp,2,700,70,,5,http://www.lonza.com/products-services/bio-research/electrophoresis-of-nucleic-acids-and-proteins/nucleic-acid-electrophoresis/nucleic-acid-standards-and-loading-buffers/dna-ladders-and-markers.aspx
Lonza,lonza.com,QuantLadder,bp,3,500,50,,5,http://www.lonza.com/products-services/bio-research/electrophoresis-of-nucleic-acids-and-proteins/nucleic-acid-electrophoresis/nucleic-acid-standards-and-loading-buffers/dna-ladders-and-markers.aspx
Lonza,lonza.com,QuantLadder,bp,4,200,20,,5,http://www.lonza.com/products-services/bio-research/electrophoresis-of-nucleic-acids-and-proteins/nucleic-acid-electrophoresis/nucleic-acid-standards-and-loading-buffers/dna-ladders-and-markers.aspx
Lonza,lonza.com,QuantLadder,bp,5,100,10,,5,http://www.lonza.com/products-services/bio-research/electrophoresis-of-nucleic-acids-and-proteins/nucleic-acid-electrophoresis/nucleic-acid-standards-and-loading-buffers/dna-ladders-and-markers.aspx
Lonza,lonza.com,Reverse QuantLadder,bp,1,1000,10,,5,http://www.lonza.com/products-services/bio-research/electrophoresis-of-nucleic-acids-and-proteins/nucleic-acid-electrophoresis/nucleic-acid-standards-and-loading-buffers/dna-ladders-and-markers.aspx
Lonza,lonza.com,Reverse QuantLadder,bp,2,700,20,,5,http://www.lonza.com/products-services/bio-research/electrophoresis-of-nucleic-acids-and-proteins/nucleic-acid-electrophoresis/nucleic-acid-standards-and-loading-buffers/dna-ladders-and-markers.aspx
Lonza,lonza.com,Reverse QuantLadder,bp,3,500,50,,5,http://www.lonza.com/products-services/bio-research/electrophoresis-of-nucleic-acids-and-proteins/nucleic-acid-electrophoresis/nucleic-acid-standards-and-loading-buffers/dna-ladders-and-markers.aspx
Lonza,lonza.com,Reverse QuantLadder,bp,4,200,70,,5,http://www.lonza.com/products-services/bio-research/electrophoresis-of-nucleic-acids-and-proteins/nucleic-acid-electrophoresis/nucleic-acid-standards-and-loading-buffers/dna-ladders-and-markers.aspx
Lonza,lonza.com,Reverse QuantLadder,bp,5,100,100,,5,http://www.lonza.com/products-services/bio-research/electrophoresis-of-nucleic-acids-and-proteins/nucleic-acid-electrophoresis/nucleic-acid-standards-and-loading-buffers/dna-ladders-and-markers.aspx
Lonza,lonza.com,Tandem DNA Ladder,bp,1,12000,50,,21,http://www.lonza.com/products-services/bio-research/electrophoresis-of-nucleic-acids-and-proteins/nucleic-acid-electrophoresis/nucleic-acid-standards-and-loading-buffers/dna-ladders-and-markers.aspx
Lonza,lonza.com,Tandem DNA Ladder,bp,2,11000,50,,21,http://www.lonza.com/products-services/bio-research/electrophoresis-of-nucleic-acids-and-proteins/nucleic-acid-electrophoresis/nucleic-acid-standards-and-loading-buffers/dna-ladders-and-markers.aspx
Lonza,lonza.com,Tandem DNA Ladder,bp,3,10000,50,,21,http://www.lonza.com/products-services/bio-research/electrophoresis-of-nucleic-acids-and-proteins/nucleic-acid-electrophoresis/nucleic-acid-standards-and-loading-buffers/dna-ladders-and-markers.aspx
Lonza,lonza.com,Tandem DNA Ladder,bp,4,9000,50,,21,http://www.lonza.com/products-services/bio-research/electrophoresis-of-nucleic-acids-and-proteins/nucleic-acid-electrophoresis/nucleic-acid-standards-and-loading-buffers/dna-ladders-and-markers.aspx
Lonza,lonza.com,Tandem DNA Ladder,bp,5,8000,50,,21,http://www.lonza.com/products-services/bio-research/electrophoresis-of-nucleic-acids-and-proteins/nucleic-acid-electrophoresis/nucleic-acid-standards-and-loading-buffers/dna-ladders-and-markers.aspx
Lonza,lonza.com,Tandem DNA Ladder,bp,6,7000,50,,21,http://www.lonza.com/products-services/bio-research/electrophoresis-of-nucleic-acids-and-proteins/nucleic-acid-electrophoresis/nucleic-acid-standards-and-loading-buffers/dna-ladders-and-markers.aspx
Lonza,lonza.com,Tandem DNA Ladder,bp,7,6000,50,,21,http://www.lonza.com/products-services/bio-research/electrophoresis-of-nucleic-acids-and-proteins/nucleic-acid-electrophoresis/nucleic-acid-standards-and-loading-buffers/dna-ladders-and-markers.aspx
Lonza,lonza.com,Tandem DNA Ladder,bp,8,5000,100,reference band,21,http://www.lonza.com/products-services/bio-research/electrophoresis-of-nucleic-acids-and-proteins/nucleic-acid-electrophoresis/nucleic-acid-standards-and-loading-buffers/dna-ladders-and-markers.aspx
Lonza,lonza.com,Tandem DNA Ladder,bp,9,4000,50,,21,http://www.lonza.com/products-services/bio-research/electrophoresis-of-nucleic-acids-and-proteins/nucleic-acid-electrophoresis/nucleic-acid-standards-and-loading-buffers/dna-ladders-and-markers.aspx
Lonza,lonza.com,Tandem DNA Ladder,bp,10,3000,50,,21,http://www.lonza.com/products-services/bio-research/electrophoresis-of-nucleic-acids-and-proteins/nucleic-acid-electrophoresis/nucleic-acid-standards-and-loading-buffers/dna-ladders-and-markers.aspx
Lonza,lonza.com,Tandem DNA Ladder,bp,11,2000,50,,21,http://www.lonza.com/products-services/bio-research/electrophoresis-of-nucleic-acids-and-proteins/nucleic-acid-electrophoresis/nucleic-acid-standards-and-loading-buffers/dna-ladders-and-markers.aspx
Lonza,lonza.com,Tandem DNA Ladder,bp,12,1000,100,reference band,21,http://www.lonza.com/products-services/bio-research/electrophoresis-of-nucleic-acids-and-proteins/nucleic-acid-electrophoresis/nucleic-acid-standards-and-loading-buffers/dna-ladders-and-markers.aspx
Lonza,lonza.com,Tandem DNA Ladder,bp,13,900,50,,21,http://www.lonza.com/products-services/bio-research/electrophoresis-of-nucleic-acids-and-proteins/nucleic-acid-electrophoresis/nucleic-acid-standards-and-loading-buffers/dna-ladders-and-markers.aspx
Lonza,lonza.com,Tandem DNA Ladder,bp,14,800,50,,21,http://www.lonza.com/products-services/bio-research/electrophoresis-of-nucleic-acids-and-proteins/nucleic-acid-electrophoresis/nucleic-acid-standards-and-loading-buffers/dna-ladders-and-markers.aspx
Lonza,lonza.com,Tandem DNA Ladder,bp,15,700,50,,21,http://www.lonza.com/products-services/bio-research/electrophoresis-of-nucleic-acids-and-proteins/nucleic-acid-electrophoresis/nucleic-acid-standards-and-loading-buffers/dna-ladders-and-markers.aspx
Lonza,lonza.com,Tandem DNA Ladder,bp,16,600,50,,21,http://www.lonza.com/products-services/bio-research/electrophoresis-of-nucleic-acids-and-proteins/nucleic-acid-electrophoresis/nucleic-acid-standards-and-loading-buffers/dna-ladders-and-markers.aspx
Lonza,lonza.com,Tandem DNA Ladder,bp,17,500,50,,21,http://www.lonza.com/products-services/bio-research/electrophoresis-of-nucleic-acids-and-proteins/nucleic-acid-electrophoresis/nucleic-acid-standards-and-loading-buffers/dna-ladders-and-markers.aspx
Lonza,lonza.com,Tandem DNA Ladder,bp,18,400,50,,21,http://www.lonza.com/products-services/bio-research/electrophoresis-of-nucleic-acids-and-proteins/nucleic-acid-electrophoresis/nucleic-acid-standards-and-loading-buffers/dna-ladders-and-markers.aspx
Lonza,lonza.com,Tandem DNA Ladder,bp,19,300,50,,21,http://www.lonza.com/products-services/bio-research/electrophoresis-of-nucleic-acids-and-proteins/nucleic-acid-electrophoresis/nucleic-acid-standards-and-loading-buffers/dna-ladders-and-markers.aspx
Lonza,lonza.com,Tandem DNA Ladder,bp,20,200,50,,21,http://www.lonza.com/products-services/bio-research/electrophoresis-of-nucleic-acids-and-proteins/nucleic-acid-electrophoresis/nucleic-acid-standards-and-loading-buffers/dna-ladders-and-markers.aspx
Lonza,lonza.com,Tandem DNA Ladder,bp,21,100,50,,21,http://www.lonza.com/products-services/bio-research/electrophoresis-of-nucleic-acids-and-proteins/nucleic-acid-electrophoresis/nucleic-acid-standards-and-loading-buffers/dna-ladders-and-markers.aspx
Lucigen,lucigen.com,Gel-Ready™ 100 bp DNA Ladder,bp,1,1000,152,,11,http://www.lucigen.com/docs/manuals/MA080-100bp-DNA-ladder.pdf
Lucigen,lucigen.com,Gel-Ready™ 100 bp DNA Ladder,bp,2,900,136,,11,http://www.lucigen.com/docs/manuals/MA080-100bp-DNA-ladder.pdf
Lucigen,lucigen.com,Gel-Ready™ 100 bp DNA Ladder,bp,3,800,122,,11,http://www.lucigen.com/docs/manuals/MA080-100bp-DNA-ladder.pdf
Lucigen,lucigen.com,Gel-Ready™ 100 bp DNA Ladder,bp,4,700,106,,11,http://www.lucigen.com/docs/manuals/MA080-100bp-DNA-ladder.pdf
Lucigen,lucigen.com,Gel-Ready™ 100 bp DNA Ladder,bp,5,600,92,,11,http://www.lucigen.com/docs/manuals/MA080-100bp-DNA-ladder.pdf
Lucigen,lucigen.com,Gel-Ready™ 100 bp DNA Ladder,bp,6,500,150,reference band,11,http://www.lucigen.com/docs/manuals/MA080-100bp-DNA-ladder.pdf
Lucigen,lucigen.com,Gel-Ready™ 100 bp DNA Ladder,bp,7,400,60,,11,http://www.lucigen.com/docs/manuals/MA080-100bp-DNA-ladder.pdf
Lucigen,lucigen.com,Gel-Ready™ 100 bp DNA Ladder,bp,8,300,44,,11,http://www.lucigen.com/docs/manuals/MA080-100bp-DNA-ladder.pdf
Lucigen,lucigen.com,Gel-Ready™ 100 bp DNA Ladder,bp,9,200,60,,11,http://www.lucigen.com/docs/manuals/MA080-100bp-DNA-ladder.pdf
Lucigen,lucigen.com,Gel-Ready™ 100 bp DNA Ladder,bp,10,100,44,,11,http://www.lucigen.com/docs/manuals/MA080-100bp-DNA-ladder.pdf
Lucigen,lucigen.com,Gel-Ready™ 100 bp DNA Ladder,bp,11,50,30,,11,http://www.lucigen.com/docs/manuals/MA080-100bp-DNA-ladder.pdf
Lucigen,lucigen.com,Gel-Ready™ 1 kb DNA Ladder,bp,1,10000,116,,13,http://www.lucigen.com/docs/manuals/MA079-1-kb-DNA-ladder.pdf
Lucigen,lucigen.com,Gel-Ready™ 1 kb DNA Ladder,bp,2,8000,106,,13,http://www.lucigen.com/docs/manuals/MA079-1-kb-DNA-ladder.pdf
Lucigen,lucigen.com,Gel-Ready™ 1 kb DNA Ladder,bp,3,6000,92,,13,http://www.lucigen.com/docs/manuals/MA079-1-kb-DNA-ladder.pdf
Lucigen,lucigen.com,Gel-Ready™ 1 kb DNA Ladder,bp,4,5000,134,reference band,13,http://www.lucigen.com/docs/manuals/MA079-1-kb-DNA-ladder.pdf
Lucigen,lucigen.com,Gel-Ready™ 1 kb DNA Ladder,bp,5,4000,112,,13,http://www.lucigen.com/docs/manuals/MA079-1-kb-DNA-ladder.pdf
Lucigen,lucigen.com,Gel-Ready™ 1 kb DNA Ladder,bp,6,3000,94,,13,http://www.lucigen.com/docs/manuals/MA079-1-kb-DNA-ladder.pdf
Lucigen,lucigen.com,Gel-Ready™ 1 kb DNA Ladder,bp,7,2500,82,,13,http://www.lucigen.com/docs/manuals/MA079-1-kb-DNA-ladder.pdf
Lucigen,lucigen.com,Gel-Ready™ 1 kb DNA Ladder,bp,8,2000,68,,13,http://www.lucigen.com/docs/manuals/MA079-1-kb-DNA-ladder.pdf
Lucigen,lucigen.com,Gel-Ready™ 1 kb DNA Ladder,bp,9,1500,58,,13,http://www.lucigen.com/docs/manuals/MA079-1-kb-DNA-ladder.pdf
Lucigen,lucigen.com,Gel-Ready™ 1 kb DNA Ladder,bp,10,1000,36,,13,http://www.lucigen.com/docs/manuals/MA079-1-kb-DNA-ladder.pdf
Lucigen,lucigen.com,Gel-Ready™ 1 kb DNA Ladder,bp,11,700,26,,13,http://www.lucigen.com/docs/manuals/MA079-1-kb-DNA-ladder.pdf
Lucigen,lucigen.com,Gel-Ready™ 1 kb DNA Ladder,bp,12,500,46,,13,http://www.lucigen.com/docs/manuals/MA079-1-kb-DNA-ladder.pdf
Lucigen,lucigen.com,Gel-Ready™ 1 kb DNA Ladder,bp,13,300,28,,13,http://www.lucigen.com/docs/manuals/MA079-1-kb-DNA-ladder.pdf
MIDSCI,shop.midsci.com,Bullseye 100 bp DNA Ladder,bp,1,1500,60,,11,"http://shop.midsci.com/productdetail/M50/BEDNA100BP/Bullseye_100bp_DNA_ladder,_1200%C2%B5l/"
MIDSCI,shop.midsci.com,Bullseye 100 bp DNA Ladder,bp,2,1000,60,,11,"http://shop.midsci.com/productdetail/M50/BEDNA100BP/Bullseye_100bp_DNA_ladder,_1200%C2%B5l/"
MIDSCI,shop.midsci.com,Bullseye 100 bp DNA Ladder,bp,3,900,60,,11,"http://shop.midsci.com/productdetail/M50/BEDNA100BP/Bullseye_100bp_DNA_ladder,_1200%C2%B5l/"
MIDSCI,shop.midsci.com,Bullseye 100 bp DNA Ladder,bp,4,800,60,,11,"http://shop.midsci.com/productdetail/M50/BEDNA100BP/Bullseye_100bp_DNA_ladder,_1200%C2%B5l/"
MIDSCI,shop.midsci.com,Bullseye 100 bp DNA Ladder,bp,5,700,60,,11,"http://shop.midsci.com/productdetail/M50/BEDNA100BP/Bullseye_100bp_DNA_ladder,_1200%C2%B5l/"
MIDSCI,shop.midsci.com,Bullseye 100 bp DNA Ladder,bp,6,600,60,,11,"http://shop.midsci.com/productdetail/M50/BEDNA100BP/Bullseye_100bp_DNA_ladder,_1200%C2%B5l/"
MIDSCI,shop.midsci.com,Bullseye 100 bp DNA Ladder,bp,7,500,150,reference band,11,"http://shop.midsci.com/productdetail/M50/BEDNA100BP/Bullseye_100bp_DNA_ladder,_1200%C2%B5l/"
MIDSCI,shop.midsci.com,Bullseye 100 bp DNA Ladder,bp,8,400,60,,11,"http://shop.midsci.com/productdetail/M50/BEDNA100BP/Bullseye_100bp_DNA_ladder,_1200%C2%B5l/"
MIDSCI,shop.midsci.com,Bullseye 100 bp DNA Ladder,bp,9,300,60,,11,"http://shop.midsci.com/productdetail/M50/BEDNA100BP/Bullseye_100bp_DNA_ladder,_1200%C2%B5l/"
MIDSCI,shop.midsci.com,Bullseye 100 bp DNA Ladder,bp,10,200,60,,11,"http://shop.midsci.com/productdetail/M50/BEDNA100BP/Bullseye_100bp_DNA_ladder,_1200%C2%B5l/"
MIDSCI,shop.midsci.com,Bullseye 100 bp DNA Ladder,bp,11,100,60,,11,"http://shop.midsci.com/productdetail/M50/BEDNA100BP/Bullseye_100bp_DNA_ladder,_1200%C2%B5l/"
MIDSCI,shop.midsci.com,"Bullseye 100 bp DNA Ladder, Quantitative",bp,1,1500,225,,9,"http://shop.midsci.com/productdetail/M50/BEDNA100BP-Q/Bullseye_100bp_DNA_ladder,_quantitative,_1200%C2%B5l/"
MIDSCI,shop.midsci.com,"Bullseye 100 bp DNA Ladder, Quantitative",bp,2,1000,150,,9,"http://shop.midsci.com/productdetail/M50/BEDNA100BP-Q/Bullseye_100bp_DNA_ladder,_quantitative,_1200%C2%B5l/"
MIDSCI,shop.midsci.com,"Bullseye 100 bp DNA Ladder, Quantitative",bp,3,800,120,,9,"http://shop.midsci.com/productdetail/M50/BEDNA100BP-Q/Bullseye_100bp_DNA_ladder,_quantitative,_1200%C2%B5l/"
MIDSCI,shop.midsci.com,"Bullseye 100 bp DNA Ladder, Quantitative",bp,4,600,90,,9,"http://shop.midsci.com/productdetail/M50/BEDNA100BP-Q/Bullseye_100bp_DNA_ladder,_quantitative,_1200%C2%B5l/"
MIDSCI,shop.midsci.com,"Bullseye 100 bp DNA Ladder, Quantitative",bp,5,500,75,,9,"http://shop.midsci.com/productdetail/M50/BEDNA100BP-Q/Bullseye_100bp_DNA_ladder,_quantitative,_1200%C2%B5l/"
MIDSCI,shop.midsci.com,"Bullseye 100 bp DNA Ladder, Quantitative",bp,6,400,60,,9,"http://shop.midsci.com/productdetail/M50/BEDNA100BP-Q/Bullseye_100bp_DNA_ladder,_quantitative,_1200%C2%B5l/"
MIDSCI,shop.midsci.com,"Bullseye 100 bp DNA Ladder, Quantitative",bp,7,300,45,,9,"http://shop.midsci.com/productdetail/M50/BEDNA100BP-Q/Bullseye_100bp_DNA_ladder,_quantitative,_1200%C2%B5l/"
MIDSCI,shop.midsci.com,"Bullseye 100 bp DNA Ladder, Quantitative",bp,8,200,30,,9,"http://shop.midsci.com/productdetail/M50/BEDNA100BP-Q/Bullseye_100bp_DNA_ladder,_quantitative,_1200%C2%B5l/"
MIDSCI,shop.midsci.com,"Bullseye 100 bp DNA Ladder, Quantitative",bp,9,100,15,,9,"http://shop.midsci.com/productdetail/M50/BEDNA100BP-Q/Bullseye_100bp_DNA_ladder,_quantitative,_1200%C2%B5l/"
MIDSCI,shop.midsci.com,"Bullseye 1 kb DNA Ladder, Beta",bp,1,10000,60,,11,"http://shop.midsci.com/productdetail/M50/BEDNA1KB/Bullseye_1Kb_DNA_Ladder_Beta,_1200%C2%B5L/"
MIDSCI,shop.midsci.com,"Bullseye 1 kb DNA Ladder, Beta",bp,2,8000,60,,11,"http://shop.midsci.com/productdetail/M50/BEDNA1KB/Bullseye_1Kb_DNA_Ladder_Beta,_1200%C2%B5L/"
MIDSCI,shop.midsci.com,"Bullseye 1 kb DNA Ladder, Beta",bp,3,6000,60,,11,"http://shop.midsci.com/productdetail/M50/BEDNA1KB/Bullseye_1Kb_DNA_Ladder_Beta,_1200%C2%B5L/"
MIDSCI,shop.midsci.com,"Bullseye 1 kb DNA Ladder, Beta",bp,4,5000,60,,11,"http://shop.midsci.com/productdetail/M50/BEDNA1KB/Bullseye_1Kb_DNA_Ladder_Beta,_1200%C2%B5L/"
MIDSCI,shop.midsci.com,"Bullseye 1 kb DNA Ladder, Beta",bp,5,4000,60,,11,"http://shop.midsci.com/productdetail/M50/BEDNA1KB/Bullseye_1Kb_DNA_Ladder_Beta,_1200%C2%B5L/"
MIDSCI,shop.midsci.com,"Bullseye 1 kb DNA Ladder, Beta",bp,6,3000,60,,11,"http://shop.midsci.com/productdetail/M50/BEDNA1KB/Bullseye_1Kb_DNA_Ladder_Beta,_1200%C2%B5L/"
MIDSCI,shop.midsci.com,"Bullseye 1 kb DNA Ladder, Beta",bp,7,2000,60,,11,"http://shop.midsci.com/productdetail/M50/BEDNA1KB/Bullseye_1Kb_DNA_Ladder_Beta,_1200%C2%B5L/"
MIDSCI,shop.midsci.com,"Bullseye 1 kb DNA Ladder, Beta",bp,8,1500,60,,11,"http://shop.midsci.com/productdetail/M50/BEDNA1KB/Bullseye_1Kb_DNA_Ladder_Beta,_1200%C2%B5L/"
MIDSCI,shop.midsci.com,"Bullseye 1 kb DNA Ladder, Beta",bp,9,1000,60,,11,"http://shop.midsci.com/productdetail/M50/BEDNA1KB/Bullseye_1Kb_DNA_Ladder_Beta,_1200%C2%B5L/"
MIDSCI,shop.midsci.com,"Bullseye 1 kb DNA Ladder, Beta",bp,10,750,60,,11,"http://shop.midsci.com/productdetail/M50/BEDNA1KB/Bullseye_1Kb_DNA_Ladder_Beta,_1200%C2%B5L/"
MIDSCI,shop.midsci.com,"Bullseye 1 kb DNA Ladder, Beta",bp,11,500,60,,11,"http://shop.midsci.com/productdetail/M50/BEDNA1KB/Bullseye_1Kb_DNA_Ladder_Beta,_1200%C2%B5L/"
MIDSCI,shop.midsci.com,"Bullseye 1 kb DNA Ladder, Logic",bp,1,10000,100,,16,"http://shop.midsci.com/productdetail/M50/BEDNA1KB-L-3000/Bullseye_1kb_Logic_DNA_ladder,_3000_ul/"
MIDSCI,shop.midsci.com,"Bullseye 1 kb DNA Ladder, Logic",bp,2,8000,80,,16,"http://shop.midsci.com/productdetail/M50/BEDNA1KB-L-3000/Bullseye_1kb_Logic_DNA_ladder,_3000_ul/"
MIDSCI,shop.midsci.com,"Bullseye 1 kb DNA Ladder, Logic",bp,3,6000,60,,16,"http://shop.midsci.com/productdetail/M50/BEDNA1KB-L-3000/Bullseye_1kb_Logic_DNA_ladder,_3000_ul/"
MIDSCI,shop.midsci.com,"Bullseye 1 kb DNA Ladder, Logic",bp,4,5000,50,,16,"http://shop.midsci.com/productdetail/M50/BEDNA1KB-L-3000/Bullseye_1kb_Logic_DNA_ladder,_3000_ul/"
MIDSCI,shop.midsci.com,"Bullseye 1 kb DNA Ladder, Logic",bp,5,4000,40,,16,"http://shop.midsci.com/productdetail/M50/BEDNA1KB-L-3000/Bullseye_1kb_Logic_DNA_ladder,_3000_ul/"
MIDSCI,shop.midsci.com,"Bullseye 1 kb DNA Ladder, Logic",bp,6,3000,30,,16,"http://shop.midsci.com/productdetail/M50/BEDNA1KB-L-3000/Bullseye_1kb_Logic_DNA_ladder,_3000_ul/"
MIDSCI,shop.midsci.com,"Bullseye 1 kb DNA Ladder, Logic",bp,7,2000,20,,16,"http://shop.midsci.com/productdetail/M50/BEDNA1KB-L-3000/Bullseye_1kb_Logic_DNA_ladder,_3000_ul/"
MIDSCI,shop.midsci.com,"Bullseye 1 kb DNA Ladder, Logic",bp,8,1500,150,reference band,16,"http://shop.midsci.com/productdetail/M50/BEDNA1KB-L-3000/Bullseye_1kb_Logic_DNA_ladder,_3000_ul/"
MIDSCI,shop.midsci.com,"Bullseye 1 kb DNA Ladder, Logic",bp,9,1000,100,,16,"http://shop.midsci.com/productdetail/M50/BEDNA1KB-L-3000/Bullseye_1kb_Logic_DNA_ladder,_3000_ul/"
MIDSCI,shop.midsci.com,"Bullseye 1 kb DNA Ladder, Logic",bp,10,800,80,,16,"http://shop.midsci.com/productdetail/M50/BEDNA1KB-L-3000/Bullseye_1kb_Logic_DNA_ladder,_3000_ul/"
MIDSCI,shop.midsci.com,"Bullseye 1 kb DNA Ladder, Logic",bp,11,600,60,,16,"http://shop.midsci.com/productdetail/M50/BEDNA1KB-L-3000/Bullseye_1kb_Logic_DNA_ladder,_3000_ul/"
MIDSCI,shop.midsci.com,"Bullseye 1 kb DNA Ladder, Logic",bp,12,500,50,,16,"http://shop.midsci.com/productdetail/M50/BEDNA1KB-L-3000/Bullseye_1kb_Logic_DNA_ladder,_3000_ul/"
MIDSCI,shop.midsci.com,"Bullseye 1 kb DNA Ladder, Logic",bp,13,400,40,,16,"http://shop.midsci.com/productdetail/M50/BEDNA1KB-L-3000/Bullseye_1kb_Logic_DNA_ladder,_3000_ul/"
MIDSCI,shop.midsci.com,"Bullseye 1 kb DNA Ladder, Logic",bp,14,300,30,,16,"http://shop.midsci.com/productdetail/M50/BEDNA1KB-L-3000/Bullseye_1kb_Logic_DNA_ladder,_3000_ul/"
MIDSCI,shop.midsci.com,"Bullseye 1 kb DNA Ladder, Logic",bp,15,200,20,,16,"http://shop.midsci.com/productdetail/M50/BEDNA1KB-L-3000/Bullseye_1kb_Logic_DNA_ladder,_3000_ul/"
MIDSCI,shop.midsci.com,"Bullseye 1 kb DNA Ladder, Logic",bp,16,100,10,,16,"http://shop.midsci.com/productdetail/M50/BEDNA1KB-L-3000/Bullseye_1kb_Logic_DNA_ladder,_3000_ul/"
MIDSCI,shop.midsci.com,"FroggaMark, DNA Ladder 100 bp",bp,1,1500,125,reference band,11,"http://shop.midsci.com/productdetail/M50/DL1/FroggaMark,_DNA_Ladder_100bp,_500ul_CP133/"
MIDSCI,shop.midsci.com,"FroggaMark, DNA Ladder 100 bp",bp,2,1000,50,,11,"http://shop.midsci.com/productdetail/M50/DL1/FroggaMark,_DNA_Ladder_100bp,_500ul_CP133/"
MIDSCI,shop.midsci.com,"FroggaMark, DNA Ladder 100 bp",bp,3,900,50,,11,"http://shop.midsci.com/productdetail/M50/DL1/FroggaMark,_DNA_Ladder_100bp,_500ul_CP133/"
MIDSCI,shop.midsci.com,"FroggaMark, DNA Ladder 100 bp",bp,4,800,50,,11,"http://shop.midsci.com/productdetail/M50/DL1/FroggaMark,_DNA_Ladder_100bp,_500ul_CP133/"
MIDSCI,shop.midsci.com,"FroggaMark, DNA Ladder 100 bp",bp,5,700,50,,11,"http://shop.midsci.com/productdetail/M50/DL1/FroggaMark,_DNA_Ladder_100bp,_500ul_CP133/"
MIDSCI,shop.midsci.com,"FroggaMark, DNA Ladder 100 bp",bp,6,600,50,,11,"http://shop.midsci.com/productdetail/M50/DL1/FroggaMark,_DNA_Ladder_100bp,_500ul_CP133/"
MIDSCI,shop.midsci.com,"FroggaMark, DNA Ladder 100 bp",bp,7,500,125,reference band,11,"http://shop.midsci.com/productdetail/M50/DL1/FroggaMark,_DNA_Ladder_100bp,_500ul_CP133/"
MIDSCI,shop.midsci.com,"FroggaMark, DNA Ladder 100 bp",bp,8,400,50,,11,"http://shop.midsci.com/productdetail/M50/DL1/FroggaMark,_DNA_Ladder_100bp,_500ul_CP133/"
MIDSCI,shop.midsci.com,"FroggaMark, DNA Ladder 100 bp",bp,9,300,50,,11,"http://shop.midsci.com/productdetail/M50/DL1/FroggaMark,_DNA_Ladder_100bp,_500ul_CP133/"
MIDSCI,shop.midsci.com,"FroggaMark, DNA Ladder 100 bp",bp,10,200,50,,11,"http://shop.midsci.com/productdetail/M50/DL1/FroggaMark,_DNA_Ladder_100bp,_500ul_CP133/"
MIDSCI,shop.midsci.com,"FroggaMark, DNA Ladder 100 bp",bp,11,100,50,,11,"http://shop.midsci.com/productdetail/M50/DL1/FroggaMark,_DNA_Ladder_100bp,_500ul_CP133/"
MIDSCI,shop.midsci.com,"FroggaMark, DNA Ladder 1 kb",bp,1,10000,50,,13,"http://shop.midsci.com/productdetail/M50/DL5/FroggaMark,_DNA_Ladder_1kB,_500ul/"
MIDSCI,shop.midsci.com,"FroggaMark, DNA Ladder 1 kb",bp,2,8000,50,,13,"http://shop.midsci.com/productdetail/M50/DL5/FroggaMark,_DNA_Ladder_1kB,_500ul/"
MIDSCI,shop.midsci.com,"FroggaMark, DNA Ladder 1 kb",bp,3,6000,50,,13,"http://shop.midsci.com/productdetail/M50/DL5/FroggaMark,_DNA_Ladder_1kB,_500ul/"
MIDSCI,shop.midsci.com,"FroggaMark, DNA Ladder 1 kb",bp,4,5000,50,,13,"http://shop.midsci.com/productdetail/M50/DL5/FroggaMark,_DNA_Ladder_1kB,_500ul/"
MIDSCI,shop.midsci.com,"FroggaMark, DNA Ladder 1 kb",bp,5,4000,50,,13,"http://shop.midsci.com/productdetail/M50/DL5/FroggaMark,_DNA_Ladder_1kB,_500ul/"
MIDSCI,shop.midsci.com,"FroggaMark, DNA Ladder 1 kb",bp,6,3000,125,reference band,13,"http://shop.midsci.com/productdetail/M50/DL5/FroggaMark,_DNA_Ladder_1kB,_500ul/"
MIDSCI,shop.midsci.com,"FroggaMark, DNA Ladder 1 kb",bp,7,2500,50,,13,"http://shop.midsci.com/productdetail/M50/DL5/FroggaMark,_DNA_Ladder_1kB,_500ul/"
MIDSCI,shop.midsci.com,"FroggaMark, DNA Ladder 1 kb",bp,8,2000,50,,13,"http://shop.midsci.com/productdetail/M50/DL5/FroggaMark,_DNA_Ladder_1kB,_500ul/"
MIDSCI,shop.midsci.com,"FroggaMark, DNA Ladder 1 kb",bp,9,1500,50,,13,"http://shop.midsci.com/productdetail/M50/DL5/FroggaMark,_DNA_Ladder_1kB,_500ul/"
MIDSCI,shop.midsci.com,"FroggaMark, DNA Ladder 1 kb",bp,10,1000,125,reference band,13,"http://shop.midsci.com/productdetail/M50/DL5/FroggaMark,_DNA_Ladder_1kB,_500ul/"
MIDSCI,shop.midsci.com,"FroggaMark, DNA Ladder 1 kb",bp,11,750,50,,13,"http://shop.midsci.com/productdetail/M50/DL5/FroggaMark,_DNA_Ladder_1kB,_500ul/"
MIDSCI,shop.midsci.com,"FroggaMark, DNA Ladder 1 kb",bp,12,500,50,,13,"http://shop.midsci.com/productdetail/M50/DL5/FroggaMark,_DNA_Ladder_1kB,_500ul/"
MIDSCI,shop.midsci.com,"FroggaMark, DNA Ladder 1 kb",bp,13,250,50,,13,"http://shop.midsci.com/productdetail/M50/DL5/FroggaMark,_DNA_Ladder_1kB,_500ul/"
MilliporeSigma,sigmaaldrich.com,50 bp DNA Step Ladder,bp,1,3000,50,,17,http://www.sigmaaldrich.com/catalog/product/sigma/S7025?lang=en&region=US
MilliporeSigma,sigmaaldrich.com,50 bp DNA Step Ladder,bp,2,2000,50,,17,http://www.sigmaaldrich.com/catalog/product/sigma/S7025?lang=en&region=US
MilliporeSigma,sigmaaldrich.com,50 bp DNA Step Ladder,bp,3,1000,50,,17,http://www.sigmaaldrich.com/catalog/product/sigma/S7025?lang=en&region=US
MilliporeSigma,sigmaaldrich.com,50 bp DNA Step Ladder,bp,4,900,50,,17,http://www.sigmaaldrich.com/catalog/product/sigma/S7025?lang=en&region=US
MilliporeSigma,sigmaaldrich.com,50 bp DNA Step Ladder,bp,5,800,50,,17,http://www.sigmaaldrich.com/catalog/product/sigma/S7025?lang=en&region=US
MilliporeSigma,sigmaaldrich.com,50 bp DNA Step Ladder,bp,6,700,50,,17,http://www.sigmaaldrich.com/catalog/product/sigma/S7025?lang=en&region=US
MilliporeSigma,sigmaaldrich.com,50 bp DNA Step Ladder,bp,7,600,50,,17,http://www.sigmaaldrich.com/catalog/product/sigma/S7025?lang=en&region=US
MilliporeSigma,sigmaaldrich.com,50 bp DNA Step Ladder,bp,8,500,50,,17,http://www.sigmaaldrich.com/catalog/product/sigma/S7025?lang=en&region=US
MilliporeSigma,sigmaaldrich.com,50 bp DNA Step Ladder,bp,9,450,50,,17,http://www.sigmaaldrich.com/catalog/product/sigma/S7025?lang=en&region=US
MilliporeSigma,sigmaaldrich.com,50 bp DNA Step Ladder,bp,10,400,50,,17,http://www.sigmaaldrich.com/catalog/product/sigma/S7025?lang=en&region=US
MilliporeSigma,sigmaaldrich.com,50 bp DNA Step Ladder,bp,11,350,50,,17,http://www.sigmaaldrich.com/catalog/product/sigma/S7025?lang=en&region=US
MilliporeSigma,sigmaaldrich.com,50 bp DNA Step Ladder,bp,12,300,50,,17,http://www.sigmaaldrich.com/catalog/product/sigma/S7025?lang=en&region=US
MilliporeSigma,sigmaaldrich.com,50 bp DNA Step Ladder,bp,13,250,50,,17,http://www.sigmaaldrich.com/catalog/product/sigma/S7025?lang=en&region=US
MilliporeSigma,sigmaaldrich.com,50 bp DNA Step Ladder,bp,14,200,50,,17,http://www.sigmaaldrich.com/catalog/product/sigma/S7025?lang=en&region=US
MilliporeSigma,sigmaaldrich.com,50 bp DNA Step Ladder,bp,15,150,50,,17,http://www.sigmaaldrich.com/catalog/product/sigma/S7025?lang=en&region=US
MilliporeSigma,sigmaaldrich.com,50 bp DNA Step Ladder,bp,16,100,50,,17,http://www.sigmaaldrich.com/catalog/product/sigma/S7025?lang=en&region=US
MilliporeSigma,sigmaaldrich.com,50 bp DNA Step Ladder,bp,17,50,50,,17,http://www.sigmaaldrich.com/catalog/product/sigma/S7025?lang=en&region=US
MilliporeSigma,sigmaaldrich.com,123 bp DNA Ladder,bp,1,4182,30,,34,http://www.sigmaaldrich.com/catalog/product/sigma/d5042?lang=en&region=US
MilliporeSigma,sigmaaldrich.com,123 bp DNA Ladder,bp,2,4059,30,hidden,34,http://www.sigmaaldrich.com/catalog/product/sigma/d5042?lang=en&region=US
MilliporeSigma,sigmaaldrich.com,123 bp DNA Ladder,bp,3,3936,30,hidden,34,http://www.sigmaaldrich.com/catalog/product/sigma/d5042?lang=en&region=US
MilliporeSigma,sigmaaldrich.com,123 bp DNA Ladder,bp,4,3813,30,hidden,34,http://www.sigmaaldrich.com/catalog/product/sigma/d5042?lang=en&region=US
MilliporeSigma,sigmaaldrich.com,123 bp DNA Ladder,bp,5,3690,30,hidden,34,http://www.sigmaaldrich.com/catalog/product/sigma/d5042?lang=en&region=US
MilliporeSigma,sigmaaldrich.com,123 bp DNA Ladder,bp,6,3567,30,hidden,34,http://www.sigmaaldrich.com/catalog/product/sigma/d5042?lang=en&region=US
MilliporeSigma,sigmaaldrich.com,123 bp DNA Ladder,bp,7,3444,30,hidden,34,http://www.sigmaaldrich.com/catalog/product/sigma/d5042?lang=en&region=US
MilliporeSigma,sigmaaldrich.com,123 bp DNA Ladder,bp,8,3321,30,hidden,34,http://www.sigmaaldrich.com/catalog/product/sigma/d5042?lang=en&region=US
MilliporeSigma,sigmaaldrich.com,123 bp DNA Ladder,bp,9,3198,30,hidden,34,http://www.sigmaaldrich.com/catalog/product/sigma/d5042?lang=en&region=US
MilliporeSigma,sigmaaldrich.com,123 bp DNA Ladder,bp,10,3075,30,hidden,34,http://www.sigmaaldrich.com/catalog/product/sigma/d5042?lang=en&region=US
MilliporeSigma,sigmaaldrich.com,123 bp DNA Ladder,bp,11,2952,30,hidden,34,http://www.sigmaaldrich.com/catalog/product/sigma/d5042?lang=en&region=US
MilliporeSigma,sigmaaldrich.com,123 bp DNA Ladder,bp,12,2829,30,hidden,34,http://www.sigmaaldrich.com/catalog/product/sigma/d5042?lang=en&region=US
MilliporeSigma,sigmaaldrich.com,123 bp DNA Ladder,bp,13,2706,30,hidden,34,http://www.sigmaaldrich.com/catalog/product/sigma/d5042?lang=en&region=US
MilliporeSigma,sigmaaldrich.com,123 bp DNA Ladder,bp,14,2583,30,hidden,34,http://www.sigmaaldrich.com/catalog/product/sigma/d5042?lang=en&region=US
MilliporeSigma,sigmaaldrich.com,123 bp DNA Ladder,bp,15,2460,30,hidden,34,http://www.sigmaaldrich.com/catalog/product/sigma/d5042?lang=en&region=US
MilliporeSigma,sigmaaldrich.com,123 bp DNA Ladder,bp,16,2337,30,hidden,34,http://www.sigmaaldrich.com/catalog/product/sigma/d5042?lang=en&region=US
MilliporeSigma,sigmaaldrich.com,123 bp DNA Ladder,bp,17,2214,30,hidden,34,http://www.sigmaaldrich.com/catalog/product/sigma/d5042?lang=en&region=US
MilliporeSigma,sigmaaldrich.com,123 bp DNA Ladder,bp,18,2091,30,,34,http://www.sigmaaldrich.com/catalog/product/sigma/d5042?lang=en&region=US
MilliporeSigma,sigmaaldrich.com,123 bp DNA Ladder,bp,19,1968,30,,34,http://www.sigmaaldrich.com/catalog/product/sigma/d5042?lang=en&region=US
MilliporeSigma,sigmaaldrich.com,123 bp DNA Ladder,bp,20,1845,30,,34,http://www.sigmaaldrich.com/catalog/product/sigma/d5042?lang=en&region=US
MilliporeSigma,sigmaaldrich.com,123 bp DNA Ladder,bp,21,1722,30,,34,http://www.sigmaaldrich.com/catalog/product/sigma/d5042?lang=en&region=US
MilliporeSigma,sigmaaldrich.com,123 bp DNA Ladder,bp,22,1599,30,,34,http://www.sigmaaldrich.com/catalog/product/sigma/d5042?lang=en&region=US
MilliporeSigma,sigmaaldrich.com,123 bp DNA Ladder,bp,23,1476,30,,34,http://www.sigmaaldrich.com/catalog/product/sigma/d5042?lang=en&region=US
MilliporeSigma,sigmaaldrich.com,123 bp DNA Ladder,bp,24,1353,30,,34,http://www.sigmaaldrich.com/catalog/product/sigma/d5042?lang=en&region=US
MilliporeSigma,sigmaaldrich.com,123 bp DNA Ladder,bp,25,1230,30,,34,http://www.sigmaaldrich.com/catalog/product/sigma/d5042?lang=en&region=US
MilliporeSigma,sigmaaldrich.com,123 bp DNA Ladder,bp,26,1107,30,,34,http://www.sigmaaldrich.com/catalog/product/sigma/d5042?lang=en&region=US
MilliporeSigma,sigmaaldrich.com,123 bp DNA Ladder,bp,27,984,30,,34,http://www.sigmaaldrich.com/catalog/product/sigma/d5042?lang=en&region=US
MilliporeSigma,sigmaaldrich.com,123 bp DNA Ladder,bp,28,861,30,,34,http://www.sigmaaldrich.com/catalog/product/sigma/d5042?lang=en&region=US
MilliporeSigma,sigmaaldrich.com,123 bp DNA Ladder,bp,29,738,30,,34,http://www.sigmaaldrich.com/catalog/product/sigma/d5042?lang=en&region=US
MilliporeSigma,sigmaaldrich.com,123 bp DNA Ladder,bp,30,615,30,,34,http://www.sigmaaldrich.com/catalog/product/sigma/d5042?lang=en&region=US
MilliporeSigma,sigmaaldrich.com,123 bp DNA Ladder,bp,31,492,30,,34,http://www.sigmaaldrich.com/catalog/product/sigma/d5042?lang=en&region=US
MilliporeSigma,sigmaaldrich.com,123 bp DNA Ladder,bp,32,369,30,,34,http://www.sigmaaldrich.com/catalog/product/sigma/d5042?lang=en&region=US
MilliporeSigma,sigmaaldrich.com,123 bp DNA Ladder,bp,33,246,30,,34,http://www.sigmaaldrich.com/catalog/product/sigma/d5042?lang=en&region=US
MilliporeSigma,sigmaaldrich.com,123 bp DNA Ladder,bp,34,123,30,,34,http://www.sigmaaldrich.com/catalog/product/sigma/d5042?lang=en&region=US
MilliporeSigma,sigmaaldrich.com,1 kb DNA Ladder,bp,1,10000,75,,11,http://www.sigmaaldrich.com/catalog/product/sigma/D0428?lang=en&region=US
MilliporeSigma,sigmaaldrich.com,1 kb DNA Ladder,bp,2,8000,75,,11,http://www.sigmaaldrich.com/catalog/product/sigma/D0428?lang=en&region=US
MilliporeSigma,sigmaaldrich.com,1 kb DNA Ladder,bp,3,6000,75,,11,http://www.sigmaaldrich.com/catalog/product/sigma/D0428?lang=en&region=US
MilliporeSigma,sigmaaldrich.com,1 kb DNA Ladder,bp,4,5000,75,,11,http://www.sigmaaldrich.com/catalog/product/sigma/D0428?lang=en&region=US
MilliporeSigma,sigmaaldrich.com,1 kb DNA Ladder,bp,5,4000,75,,11,http://www.sigmaaldrich.com/catalog/product/sigma/D0428?lang=en&region=US
MilliporeSigma,sigmaaldrich.com,1 kb DNA Ladder,bp,6,3000,75,,11,http://www.sigmaaldrich.com/catalog/product/sigma/D0428?lang=en&region=US
MilliporeSigma,sigmaaldrich.com,1 kb DNA Ladder,bp,7,2500,75,,11,http://www.sigmaaldrich.com/catalog/product/sigma/D0428?lang=en&region=US
MilliporeSigma,sigmaaldrich.com,1 kb DNA Ladder,bp,8,2000,75,,11,http://www.sigmaaldrich.com/catalog/product/sigma/D0428?lang=en&region=US
MilliporeSigma,sigmaaldrich.com,1 kb DNA Ladder,bp,9,1500,75,,11,http://www.sigmaaldrich.com/catalog/product/sigma/D0428?lang=en&region=US
MilliporeSigma,sigmaaldrich.com,1 kb DNA Ladder,bp,10,1000,75,,11,http://www.sigmaaldrich.com/catalog/product/sigma/D0428?lang=en&region=US
MilliporeSigma,sigmaaldrich.com,1 kb DNA Ladder,bp,11,500,75,,11,http://www.sigmaaldrich.com/catalog/product/sigma/D0428?lang=en&region=US
MilliporeSigma,sigmaaldrich.com,DNA Molecular Weight Marker IX,bp,1,1353,151,,11,https://www.sigmaaldrich.com/US/en/product/roche/11449460001
MilliporeSigma,sigmaaldrich.com,DNA Molecular Weight Marker IX,bp,2,1078,120,,11,https://www.sigmaaldrich.com/US/en/product/roche/11449460001
MilliporeSigma,sigmaaldrich.com,DNA Molecular Weight Marker IX,bp,3,872,97,,11,https://www.sigmaaldrich.com/US/en/product/roche/11449460001
MilliporeSigma,sigmaaldrich.com,DNA Molecular Weight Marker IX,bp,4,603,67,,11,https://www.sigmaaldrich.com/US/en/product/roche/11449460001
MilliporeSigma,sigmaaldrich.com,DNA Molecular Weight Marker IX,bp,5,310,34,,11,https://www.sigmaaldrich.com/US/en/product/roche/11449460001
MilliporeSigma,sigmaaldrich.com,DNA Molecular Weight Marker IX,bp,6,281,32,,11,https://www.sigmaaldrich.com/US/en/product/roche/11449460001
MilliporeSigma,sigmaaldrich.com,DNA Molecular Weight Marker IX,bp,7,271,30,,11,https://www.sigmaaldrich.com/US/en/product/roche/11449460001
MilliporeSigma,sigmaaldrich.com,DNA Molecular Weight Marker IX,bp,8,234,26,,11,https://www.sigmaaldrich.com/US/en/product/roche/11449460001
MilliporeSigma,sigmaaldrich.com,DNA Molecular Weight Marker IX,bp,9,194,22,,11,https://www.sigmaaldrich.com/US/en/product/roche/11449460001
MilliporeSigma,sigmaaldrich.com,DNA Molecular Weight Marker IX,bp,10,118,13,,11,https://www.sigmaaldrich.com/US/en/product/roche/11449460001
MilliporeSigma,sigmaaldrich.com,DNA Molecular Weight Marker IX,bp,11,72,8,,11,https://www.sigmaaldrich.com/US/en/product/roche/11449460001
MilliporeSigma,sigmaaldrich.com,DNA Molecular Weight Marker VIII,bp,1,1114,102,,17,https://www.sigmaaldrich.com/US/en/product/roche/11336045001
MilliporeSigma,sigmaaldrich.com,DNA Molecular Weight Marker VIII,bp,2,900,83,,17,https://www.sigmaaldrich.com/US/en/product/roche/11336045001
MilliporeSigma,sigmaaldrich.com,DNA Molecular Weight Marker VIII,bp,3,692,63,,17,https://www.sigmaaldrich.com/US/en/product/roche/11336045001
MilliporeSigma,sigmaaldrich.com,DNA Molecular Weight Marker VIII,bp,4,501,46,,17,https://www.sigmaaldrich.com/US/en/product/roche/11336045001
MilliporeSigma,sigmaaldrich.com,DNA Molecular Weight Marker VIII,bp,5,489,45,,17,https://www.sigmaaldrich.com/US/en/product/roche/11336045001
MilliporeSigma,sigmaaldrich.com,DNA Molecular Weight Marker VIII,bp,6,438,40,,17,https://www.sigmaaldrich.com/US/en/product/roche/11336045001
MilliporeSigma,sigmaaldrich.com,DNA Molecular Weight Marker VIII,bp,7,320,29,,17,https://www.sigmaaldrich.com/US/en/product/roche/11336045001
MilliporeSigma,sigmaaldrich.com,DNA Molecular Weight Marker VIII,bp,8,242,22,,17,https://www.sigmaaldrich.com/US/en/product/roche/11336045001
MilliporeSigma,sigmaaldrich.com,DNA Molecular Weight Marker VIII,bp,9,190,17,,17,https://www.sigmaaldrich.com/US/en/product/roche/11336045001
MilliporeSigma,sigmaaldrich.com,DNA Molecular Weight Marker VIII,bp,10,147,13,,17,https://www.sigmaaldrich.com/US/en/product/roche/11336045001
MilliporeSigma,sigmaaldrich.com,DNA Molecular Weight Marker VIII,bp,11,124,11,,17,https://www.sigmaaldrich.com/US/en/product/roche/11336045001
MilliporeSigma,sigmaaldrich.com,DNA Molecular Weight Marker VIII,bp,12,110,10,,17,https://www.sigmaaldrich.com/US/en/product/roche/11336045001
MilliporeSigma,sigmaaldrich.com,DNA Molecular Weight Marker VIII,bp,13,67,6,,17,https://www.sigmaaldrich.com/US/en/product/roche/11336045001
MilliporeSigma,sigmaaldrich.com,DNA Molecular Weight Marker VIII,bp,14,37,3,,17,https://www.sigmaaldrich.com/US/en/product/roche/11336045001
MilliporeSigma,sigmaaldrich.com,DNA Molecular Weight Marker VIII,bp,15,34,3,,17,https://www.sigmaaldrich.com/US/en/product/roche/11336045001
MilliporeSigma,sigmaaldrich.com,DNA Molecular Weight Marker VIII,bp,16,26,2,,17,https://www.sigmaaldrich.com/US/en/product/roche/11336045001
MilliporeSigma,sigmaaldrich.com,DNA Molecular Weight Marker VIII,bp,17,19,2,,17,https://www.sigmaaldrich.com/US/en/product/roche/11336045001
MilliporeSigma,sigmaaldrich.com,DNA Molecular Weight Marker XIII (50 bp ladder),bp,1,2642,280,,16,https://www.roche-applied-science.com/sis/cloning/cloning_content/mcct_010502.htm
MilliporeSigma,sigmaaldrich.com,DNA Molecular Weight Marker XIII (50 bp ladder),bp,2,750,40,,16,https://www.roche-applied-science.com/sis/cloning/cloning_content/mcct_010502.htm
MilliporeSigma,sigmaaldrich.com,DNA Molecular Weight Marker XIII (50 bp ladder),bp,3,700,40,,16,https://www.roche-applied-science.com/sis/cloning/cloning_content/mcct_010502.htm
MilliporeSigma,sigmaaldrich.com,DNA Molecular Weight Marker XIII (50 bp ladder),bp,4,650,40,,16,https://www.roche-applied-science.com/sis/cloning/cloning_content/mcct_010502.htm
MilliporeSigma,sigmaaldrich.com,DNA Molecular Weight Marker XIII (50 bp ladder),bp,5,600,40,,16,https://www.roche-applied-science.com/sis/cloning/cloning_content/mcct_010502.htm
MilliporeSigma,sigmaaldrich.com,DNA Molecular Weight Marker XIII (50 bp ladder),bp,6,550,40,,16,https://www.roche-applied-science.com/sis/cloning/cloning_content/mcct_010502.htm
MilliporeSigma,sigmaaldrich.com,DNA Molecular Weight Marker XIII (50 bp ladder),bp,7,500,100,reference band,16,https://www.roche-applied-science.com/sis/cloning/cloning_content/mcct_010502.htm
MilliporeSigma,sigmaaldrich.com,DNA Molecular Weight Marker XIII (50 bp ladder),bp,8,450,40,,16,https://www.roche-applied-science.com/sis/cloning/cloning_content/mcct_010502.htm
MilliporeSigma,sigmaaldrich.com,DNA Molecular Weight Marker XIII (50 bp ladder),bp,9,400,40,,16,https://www.roche-applied-science.com/sis/cloning/cloning_content/mcct_010502.htm
MilliporeSigma,sigmaaldrich.com,DNA Molecular Weight Marker XIII (50 bp ladder),bp,10,350,40,,16,https://www.roche-applied-science.com/sis/cloning/cloning_content/mcct_010502.htm
MilliporeSigma,sigmaaldrich.com,DNA Molecular Weight Marker XIII (50 bp ladder),bp,11,300,40,,16,https://www.roche-applied-science.com/sis/cloning/cloning_content/mcct_010502.htm
MilliporeSigma,sigmaaldrich.com,DNA Molecular Weight Marker XIII (50 bp ladder),bp,12,250,100,reference band,16,https://www.roche-applied-science.com/sis/cloning/cloning_content/mcct_010502.htm
MilliporeSigma,sigmaaldrich.com,DNA Molecular Weight Marker XIII (50 bp ladder),bp,13,200,40,,16,https://www.roche-applied-science.com/sis/cloning/cloning_content/mcct_010502.htm
MilliporeSigma,sigmaaldrich.com,DNA Molecular Weight Marker XIII (50 bp ladder),bp,14,150,40,,16,https://www.roche-applied-science.com/sis/cloning/cloning_content/mcct_010502.htm
MilliporeSigma,sigmaaldrich.com,DNA Molecular Weight Marker XIII (50 bp ladder),bp,15,100,40,,16,https://www.roche-applied-science.com/sis/cloning/cloning_content/mcct_010502.htm
MilliporeSigma,sigmaaldrich.com,DNA Molecular Weight Marker XIII (50 bp ladder),bp,16,50,40,,16,https://www.roche-applied-science.com/sis/cloning/cloning_content/mcct_010502.htm
MilliporeSigma,sigmaaldrich.com,DNA Molecular Weight Marker XIV (100 bp ladder),bp,1,2642,280,,16,https://www.roche-applied-science.com/sis/cloning/cloning_content/mcct_010502.htm
MilliporeSigma,sigmaaldrich.com,DNA Molecular Weight Marker XIV (100 bp ladder),bp,2,1500,40,,16,https://www.roche-applied-science.com/sis/cloning/cloning_content/mcct_010502.htm
MilliporeSigma,sigmaaldrich.com,DNA Molecular Weight Marker XIV (100 bp ladder),bp,3,1400,40,,16,https://www.roche-applied-science.com/sis/cloning/cloning_content/mcct_010502.htm
MilliporeSigma,sigmaaldrich.com,DNA Molecular Weight Marker XIV (100 bp ladder),bp,4,1300,40,,16,https://www.roche-applied-science.com/sis/cloning/cloning_content/mcct_010502.htm
MilliporeSigma,sigmaaldrich.com,DNA Molecular Weight Marker XIV (100 bp ladder),bp,5,1200,40,,16,https://www.roche-applied-science.com/sis/cloning/cloning_content/mcct_010502.htm
MilliporeSigma,sigmaaldrich.com,DNA Molecular Weight Marker XIV (100 bp ladder),bp,6,1100,40,,16,https://www.roche-applied-science.com/sis/cloning/cloning_content/mcct_010502.htm
MilliporeSigma,sigmaaldrich.com,DNA Molecular Weight Marker XIV (100 bp ladder),bp,7,1000,100,reference band,16,https://www.roche-applied-science.com/sis/cloning/cloning_content/mcct_010502.htm
MilliporeSigma,sigmaaldrich.com,DNA Molecular Weight Marker XIV (100 bp ladder),bp,8,900,40,,16,https://www.roche-applied-science.com/sis/cloning/cloning_content/mcct_010502.htm
MilliporeSigma,sigmaaldrich.com,DNA Molecular Weight Marker XIV (100 bp ladder),bp,9,800,40,,16,https://www.roche-applied-science.com/sis/cloning/cloning_content/mcct_010502.htm
MilliporeSigma,sigmaaldrich.com,DNA Molecular Weight Marker XIV (100 bp ladder),bp,10,700,40,,16,https://www.roche-applied-science.com/sis/cloning/cloning_content/mcct_010502.htm
MilliporeSigma,sigmaaldrich.com,DNA Molecular Weight Marker XIV (100 bp ladder),bp,11,600,40,,16,https://www.roche-applied-science.com/sis/cloning/cloning_content/mcct_010502.htm
MilliporeSigma,sigmaaldrich.com,DNA Molecular Weight Marker XIV (100 bp ladder),bp,12,500,100,reference band,16,https://www.roche-applied-science.com/sis/cloning/cloning_content/mcct_010502.htm
MilliporeSigma,sigmaaldrich.com,DNA Molecular Weight Marker XIV (100 bp ladder),bp,13,400,40,,16,https://www.roche-applied-science.com/sis/cloning/cloning_content/mcct_010502.htm
MilliporeSigma,sigmaaldrich.com,DNA Molecular Weight Marker XIV (100 bp ladder),bp,14,300,40,,16,https://www.roche-applied-science.com/sis/cloning/cloning_content/mcct_010502.htm
MilliporeSigma,sigmaaldrich.com,DNA Molecular Weight Marker XIV (100 bp ladder),bp,15,200,40,,16,https://www.roche-applied-science.com/sis/cloning/cloning_content/mcct_010502.htm
MilliporeSigma,sigmaaldrich.com,DNA Molecular Weight Marker XIV (100 bp ladder),bp,16,100,40,,16,https://www.roche-applied-science.com/sis/cloning/cloning_content/mcct_010502.htm
MilliporeSigma,sigmaaldrich.com,DNA Molecular Weight Marker XVI (250 bp ladder),bp,1,3000,60,,12,https://www.roche-applied-science.com/sis/cloning/cloning_content/mcct_010502.htm
MilliporeSigma,sigmaaldrich.com,DNA Molecular Weight Marker XVI (250 bp ladder),bp,2,2750,60,,12,https://www.roche-applied-science.com/sis/cloning/cloning_content/mcct_010502.htm
MilliporeSigma,sigmaaldrich.com,DNA Molecular Weight Marker XVI (250 bp ladder),bp,3,2500,60,,12,https://www.roche-applied-science.com/sis/cloning/cloning_content/mcct_010502.htm
MilliporeSigma,sigmaaldrich.com,DNA Molecular Weight Marker XVI (250 bp ladder),bp,4,2250,60,,12,https://www.roche-applied-science.com/sis/cloning/cloning_content/mcct_010502.htm
MilliporeSigma,sigmaaldrich.com,DNA Molecular Weight Marker XVI (250 bp ladder),bp,5,2000,180,reference band,12,https://www.roche-applied-science.com/sis/cloning/cloning_content/mcct_010502.htm
MilliporeSigma,sigmaaldrich.com,DNA Molecular Weight Marker XVI (250 bp ladder),bp,6,1750,60,,12,https://www.roche-applied-science.com/sis/cloning/cloning_content/mcct_010502.htm
MilliporeSigma,sigmaaldrich.com,DNA Molecular Weight Marker XVI (250 bp ladder),bp,7,1500,60,,12,https://www.roche-applied-science.com/sis/cloning/cloning_content/mcct_010502.htm
MilliporeSigma,sigmaaldrich.com,DNA Molecular Weight Marker XVI (250 bp ladder),bp,8,1250,60,,12,https://www.roche-applied-science.com/sis/cloning/cloning_content/mcct_010502.htm
MilliporeSigma,sigmaaldrich.com,DNA Molecular Weight Marker XVI (250 bp ladder),bp,9,1000,180,reference band,12,https://www.roche-applied-science.com/sis/cloning/cloning_content/mcct_010502.htm
MilliporeSigma,sigmaaldrich.com,DNA Molecular Weight Marker XVI (250 bp ladder),bp,10,750,60,,12,https://www.roche-applied-science.com/sis/cloning/cloning_content/mcct_010502.htm
MilliporeSigma,sigmaaldrich.com,DNA Molecular Weight Marker XVI (250 bp ladder),bp,11,500,60,,12,https://www.roche-applied-science.com/sis/cloning/cloning_content/mcct_010502.htm
MilliporeSigma,sigmaaldrich.com,DNA Molecular Weight Marker XVI (250 bp ladder),bp,12,250,60,,12,https://www.roche-applied-science.com/sis/cloning/cloning_content/mcct_010502.htm
MilliporeSigma,sigmaaldrich.com,DNA Molecular Weight Marker XVII (500 bp ladder),kb,1,5000,60,,10,https://www.roche-applied-science.com/sis/cloning/cloning_content/mcct_010502.htm
MilliporeSigma,sigmaaldrich.com,DNA Molecular Weight Marker XVII (500 bp ladder),kb,2,4500,60,,10,https://www.roche-applied-science.com/sis/cloning/cloning_content/mcct_010502.htm
MilliporeSigma,sigmaaldrich.com,DNA Molecular Weight Marker XVII (500 bp ladder),kb,3,4000,180,reference band,10,https://www.roche-applied-science.com/sis/cloning/cloning_content/mcct_010502.htm
MilliporeSigma,sigmaaldrich.com,DNA Molecular Weight Marker XVII (500 bp ladder),kb,4,3500,60,,10,https://www.roche-applied-science.com/sis/cloning/cloning_content/mcct_010502.htm
MilliporeSigma,sigmaaldrich.com,DNA Molecular Weight Marker XVII (500 bp ladder),kb,5,3000,60,,10,https://www.roche-applied-science.com/sis/cloning/cloning_content/mcct_010502.htm
MilliporeSigma,sigmaaldrich.com,DNA Molecular Weight Marker XVII (500 bp ladder),kb,6,2500,60,,10,https://www.roche-applied-science.com/sis/cloning/cloning_content/mcct_010502.htm
MilliporeSigma,sigmaaldrich.com,DNA Molecular Weight Marker XVII (500 bp ladder),kb,7,2000,180,reference band,10,https://www.roche-applied-science.com/sis/cloning/cloning_content/mcct_010502.htm
MilliporeSigma,sigmaaldrich.com,DNA Molecular Weight Marker XVII (500 bp ladder),kb,8,1500,60,,10,https://www.roche-applied-science.com/sis/cloning/cloning_content/mcct_010502.htm
MilliporeSigma,sigmaaldrich.com,DNA Molecular Weight Marker XVII (500 bp ladder),kb,9,1000,60,,10,https://www.roche-applied-science.com/sis/cloning/cloning_content/mcct_010502.htm
MilliporeSigma,sigmaaldrich.com,DNA Molecular Weight Marker XVII (500 bp ladder),kb,10,500,60,,10,https://www.roche-applied-science.com/sis/cloning/cloning_content/mcct_010502.htm
MilliporeSigma,sigmaaldrich.com,PCR 20 bp Low Ladder,bp,1,1000,30,,50,http://www.sigmaaldrich.com/catalog/product/sigma/p1598?lang=en&region=US
MilliporeSigma,sigmaaldrich.com,PCR 20 bp Low Ladder,bp,2,980,30,hidden,50,http://www.sigmaaldrich.com/catalog/product/sigma/p1598?lang=en&region=US
MilliporeSigma,sigmaaldrich.com,PCR 20 bp Low Ladder,bp,3,960,30,hidden,50,http://www.sigmaaldrich.com/catalog/product/sigma/p1598?lang=en&region=US
MilliporeSigma,sigmaaldrich.com,PCR 20 bp Low Ladder,bp,4,940,30,hidden,50,http://www.sigmaaldrich.com/catalog/product/sigma/p1598?lang=en&region=US
MilliporeSigma,sigmaaldrich.com,PCR 20 bp Low Ladder,bp,5,920,30,hidden,50,http://www.sigmaaldrich.com/catalog/product/sigma/p1598?lang=en&region=US
MilliporeSigma,sigmaaldrich.com,PCR 20 bp Low Ladder,bp,6,900,30,,50,http://www.sigmaaldrich.com/catalog/product/sigma/p1598?lang=en&region=US
MilliporeSigma,sigmaaldrich.com,PCR 20 bp Low Ladder,bp,7,880,30,hidden,50,http://www.sigmaaldrich.com/catalog/product/sigma/p1598?lang=en&region=US
MilliporeSigma,sigmaaldrich.com,PCR 20 bp Low Ladder,bp,8,860,30,hidden,50,http://www.sigmaaldrich.com/catalog/product/sigma/p1598?lang=en&region=US
MilliporeSigma,sigmaaldrich.com,PCR 20 bp Low Ladder,bp,9,840,30,hidden,50,http://www.sigmaaldrich.com/catalog/product/sigma/p1598?lang=en&region=US
MilliporeSigma,sigmaaldrich.com,PCR 20 bp Low Ladder,bp,10,820,30,hidden,50,http://www.sigmaaldrich.com/catalog/product/sigma/p1598?lang=en&region=US
MilliporeSigma,sigmaaldrich.com,PCR 20 bp Low Ladder,bp,11,800,30,,50,http://www.sigmaaldrich.com/catalog/product/sigma/p1598?lang=en&region=US
MilliporeSigma,sigmaaldrich.com,PCR 20 bp Low Ladder,bp,12,780,30,hidden,50,http://www.sigmaaldrich.com/catalog/product/sigma/p1598?lang=en&region=US
MilliporeSigma,sigmaaldrich.com,PCR 20 bp Low Ladder,bp,13,760,30,hidden,50,http://www.sigmaaldrich.com/catalog/product/sigma/p1598?lang=en&region=US
MilliporeSigma,sigmaaldrich.com,PCR 20 bp Low Ladder,bp,14,740,30,hidden,50,http://www.sigmaaldrich.com/catalog/product/sigma/p1598?lang=en&region=US
MilliporeSigma,sigmaaldrich.com,PCR 20 bp Low Ladder,bp,15,720,30,hidden,50,http://www.sigmaaldrich.com/catalog/product/sigma/p1598?lang=en&region=US
MilliporeSigma,sigmaaldrich.com,PCR 20 bp Low Ladder,bp,16,700,30,,50,http://www.sigmaaldrich.com/catalog/product/sigma/p1598?lang=en&region=US
MilliporeSigma,sigmaaldrich.com,PCR 20 bp Low Ladder,bp,17,680,30,hidden,50,http://www.sigmaaldrich.com/catalog/product/sigma/p1598?lang=en&region=US
MilliporeSigma,sigmaaldrich.com,PCR 20 bp Low Ladder,bp,18,660,30,hidden,50,http://www.sigmaaldrich.com/catalog/product/sigma/p1598?lang=en&region=US
MilliporeSigma,sigmaaldrich.com,PCR 20 bp Low Ladder,bp,19,640,30,hidden,50,http://www.sigmaaldrich.com/catalog/product/sigma/p1598?lang=en&region=US
MilliporeSigma,sigmaaldrich.com,PCR 20 bp Low Ladder,bp,20,620,30,hidden,50,http://www.sigmaaldrich.com/catalog/product/sigma/p1598?lang=en&region=US
MilliporeSigma,sigmaaldrich.com,PCR 20 bp Low Ladder,bp,21,600,30,,50,http://www.sigmaaldrich.com/catalog/product/sigma/p1598?lang=en&region=US
MilliporeSigma,sigmaaldrich.com,PCR 20 bp Low Ladder,bp,22,580,30,hidden,50,http://www.sigmaaldrich.com/catalog/product/sigma/p1598?lang=en&region=US
MilliporeSigma,sigmaaldrich.com,PCR 20 bp Low Ladder,bp,23,560,30,hidden,50,http://www.sigmaaldrich.com/catalog/product/sigma/p1598?lang=en&region=US
MilliporeSigma,sigmaaldrich.com,PCR 20 bp Low Ladder,bp,24,540,30,hidden,50,http://www.sigmaaldrich.com/catalog/product/sigma/p1598?lang=en&region=US
MilliporeSigma,sigmaaldrich.com,PCR 20 bp Low Ladder,bp,25,520,30,hidden,50,http://www.sigmaaldrich.com/catalog/product/sigma/p1598?lang=en&region=US
MilliporeSigma,sigmaaldrich.com,PCR 20 bp Low Ladder,bp,26,500,30,,50,http://www.sigmaaldrich.com/catalog/product/sigma/p1598?lang=en&region=US
MilliporeSigma,sigmaaldrich.com,PCR 20 bp Low Ladder,bp,27,480,30,hidden,50,http://www.sigmaaldrich.com/catalog/product/sigma/p1598?lang=en&region=US
MilliporeSigma,sigmaaldrich.com,PCR 20 bp Low Ladder,bp,28,460,30,hidden,50,http://www.sigmaaldrich.com/catalog/product/sigma/p1598?lang=en&region=US
MilliporeSigma,sigmaaldrich.com,PCR 20 bp Low Ladder,bp,29,440,30,hidden,50,http://www.sigmaaldrich.com/catalog/product/sigma/p1598?lang=en&region=US
MilliporeSigma,sigmaaldrich.com,PCR 20 bp Low Ladder,bp,30,420,30,hidden,50,http://www.sigmaaldrich.com/catalog/product/sigma/p1598?lang=en&region=US
MilliporeSigma,sigmaaldrich.com,PCR 20 bp Low Ladder,bp,31,400,30,,50,http://www.sigmaaldrich.com/catalog/product/sigma/p1598?lang=en&region=US
MilliporeSigma,sigmaaldrich.com,PCR 20 bp Low Ladder,bp,32,380,30,hidden,50,http://www.sigmaaldrich.com/catalog/product/sigma/p1598?lang=en&region=US
MilliporeSigma,sigmaaldrich.com,PCR 20 bp Low Ladder,bp,33,360,30,hidden,50,http://www.sigmaaldrich.com/catalog/product/sigma/p1598?lang=en&region=US
MilliporeSigma,sigmaaldrich.com,PCR 20 bp Low Ladder,bp,34,340,30,hidden,50,http://www.sigmaaldrich.com/catalog/product/sigma/p1598?lang=en&region=US
MilliporeSigma,sigmaaldrich.com,PCR 20 bp Low Ladder,bp,35,320,30,hidden,50,http://www.sigmaaldrich.com/catalog/product/sigma/p1598?lang=en&region=US
MilliporeSigma,sigmaaldrich.com,PCR 20 bp Low Ladder,bp,36,300,30,,50,http://www.sigmaaldrich.com/catalog/product/sigma/p1598?lang=en&region=US
MilliporeSigma,sigmaaldrich.com,PCR 20 bp Low Ladder,bp,37,280,30,hidden,50,http://www.sigmaaldrich.com/catalog/product/sigma/p1598?lang=en&region=US
MilliporeSigma,sigmaaldrich.com,PCR 20 bp Low Ladder,bp,38,260,30,hidden,50,http://www.sigmaaldrich.com/catalog/product/sigma/p1598?lang=en&region=US
MilliporeSigma,sigmaaldrich.com,PCR 20 bp Low Ladder,bp,39,240,30,hidden,50,http://www.sigmaaldrich.com/catalog/product/sigma/p1598?lang=en&region=US
MilliporeSigma,sigmaaldrich.com,PCR 20 bp Low Ladder,bp,40,220,30,hidden,50,http://www.sigmaaldrich.com/catalog/product/sigma/p1598?lang=en&region=US
MilliporeSigma,sigmaaldrich.com,PCR 20 bp Low Ladder,bp,41,200,30,,50,http://www.sigmaaldrich.com/catalog/product/sigma/p1598?lang=en&region=US
MilliporeSigma,sigmaaldrich.com,PCR 20 bp Low Ladder,bp,42,180,30,hidden,50,http://www.sigmaaldrich.com/catalog/product/sigma/p1598?lang=en&region=US
MilliporeSigma,sigmaaldrich.com,PCR 20 bp Low Ladder,bp,43,160,30,hidden,50,http://www.sigmaaldrich.com/catalog/product/sigma/p1598?lang=en&region=US
MilliporeSigma,sigmaaldrich.com,PCR 20 bp Low Ladder,bp,44,140,30,hidden,50,http://www.sigmaaldrich.com/catalog/product/sigma/p1598?lang=en&region=US
MilliporeSigma,sigmaaldrich.com,PCR 20 bp Low Ladder,bp,45,120,30,hidden,50,http://www.sigmaaldrich.com/catalog/product/sigma/p1598?lang=en&region=US
MilliporeSigma,sigmaaldrich.com,PCR 20 bp Low Ladder,bp,46,100,30,,50,http://www.sigmaaldrich.com/catalog/product/sigma/p1598?lang=en&region=US
MilliporeSigma,sigmaaldrich.com,PCR 20 bp Low Ladder,bp,47,80,30,hidden,50,http://www.sigmaaldrich.com/catalog/product/sigma/p1598?lang=en&region=US
MilliporeSigma,sigmaaldrich.com,PCR 20 bp Low Ladder,bp,48,60,30,hidden,50,http://www.sigmaaldrich.com/catalog/product/sigma/p1598?lang=en&region=US
MilliporeSigma,sigmaaldrich.com,PCR 20 bp Low Ladder,bp,49,40,30,hidden,50,http://www.sigmaaldrich.com/catalog/product/sigma/p1598?lang=en&region=US
MilliporeSigma,sigmaaldrich.com,PCR 20 bp Low Ladder,bp,50,20,30,,50,http://www.sigmaaldrich.com/catalog/product/sigma/p1598?lang=en&region=US
MilliporeSigma,sigmaaldrich.com,"PCR 50 – 2,000 bp Marker",bp,1,2000,100,,8,http://www.sigmaaldrich.com/catalog/product/sigma/p9577?lang=en&region=US
MilliporeSigma,sigmaaldrich.com,"PCR 50 – 2,000 bp Marker",bp,2,1500,100,,8,http://www.sigmaaldrich.com/catalog/product/sigma/p9577?lang=en&region=US
MilliporeSigma,sigmaaldrich.com,"PCR 50 – 2,000 bp Marker",bp,3,1000,100,,8,http://www.sigmaaldrich.com/catalog/product/sigma/p9577?lang=en&region=US
MilliporeSigma,sigmaaldrich.com,"PCR 50 – 2,000 bp Marker",bp,4,750,100,,8,http://www.sigmaaldrich.com/catalog/product/sigma/p9577?lang=en&region=US
MilliporeSigma,sigmaaldrich.com,"PCR 50 – 2,000 bp Marker",bp,5,500,100,,8,http://www.sigmaaldrich.com/catalog/product/sigma/p9577?lang=en&region=US
MilliporeSigma,sigmaaldrich.com,"PCR 50 – 2,000 bp Marker",bp,6,300,100,,8,http://www.sigmaaldrich.com/catalog/product/sigma/p9577?lang=en&region=US
MilliporeSigma,sigmaaldrich.com,"PCR 50 – 2,000 bp Marker",bp,7,150,100,,8,http://www.sigmaaldrich.com/catalog/product/sigma/p9577?lang=en&region=US
MilliporeSigma,sigmaaldrich.com,"PCR 50 – 2,000 bp Marker",bp,8,50,100,,8,http://www.sigmaaldrich.com/catalog/product/sigma/p9577?lang=en&region=US
MilliporeSigma,sigmaaldrich.com,PCR 100 bp Low Ladder,bp,1,1000,100,,10,http://www.sigmaaldrich.com/catalog/product/sigma/P1473?lang=en&region=US
MilliporeSigma,sigmaaldrich.com,PCR 100 bp Low Ladder,bp,2,900,100,,10,http://www.sigmaaldrich.com/catalog/product/sigma/P1473?lang=en&region=US
MilliporeSigma,sigmaaldrich.com,PCR 100 bp Low Ladder,bp,3,800,100,,10,http://www.sigmaaldrich.com/catalog/product/sigma/P1473?lang=en&region=US
MilliporeSigma,sigmaaldrich.com,PCR 100 bp Low Ladder,bp,4,700,100,,10,http://www.sigmaaldrich.com/catalog/product/sigma/P1473?lang=en&region=US
MilliporeSigma,sigmaaldrich.com,PCR 100 bp Low Ladder,bp,5,600,100,,10,http://www.sigmaaldrich.com/catalog/product/sigma/P1473?lang=en&region=US
MilliporeSigma,sigmaaldrich.com,PCR 100 bp Low Ladder,bp,6,500,100,,10,http://www.sigmaaldrich.com/catalog/product/sigma/P1473?lang=en&region=US
MilliporeSigma,sigmaaldrich.com,PCR 100 bp Low Ladder,bp,7,400,100,,10,http://www.sigmaaldrich.com/catalog/product/sigma/P1473?lang=en&region=US
MilliporeSigma,sigmaaldrich.com,PCR 100 bp Low Ladder,bp,8,300,100,,10,http://www.sigmaaldrich.com/catalog/product/sigma/P1473?lang=en&region=US
MilliporeSigma,sigmaaldrich.com,PCR 100 bp Low Ladder,bp,9,200,100,,10,http://www.sigmaaldrich.com/catalog/product/sigma/P1473?lang=en&region=US
MilliporeSigma,sigmaaldrich.com,PCR 100 bp Low Ladder,bp,10,100,100,,10,http://www.sigmaaldrich.com/catalog/product/sigma/P1473?lang=en&region=US
MilliporeSigma,sigmaaldrich.com,Wide Range DNA Marker,bp,1,10000,50,,16,http://www.sigmaaldrich.com/catalog/product/sigma/D7058?lang=en&region=US
MilliporeSigma,sigmaaldrich.com,Wide Range DNA Marker,bp,2,8000,50,,16,http://www.sigmaaldrich.com/catalog/product/sigma/D7058?lang=en&region=US
MilliporeSigma,sigmaaldrich.com,Wide Range DNA Marker,bp,3,6000,50,,16,http://www.sigmaaldrich.com/catalog/product/sigma/D7058?lang=en&region=US
MilliporeSigma,sigmaaldrich.com,Wide Range DNA Marker,bp,4,4000,50,,16,http://www.sigmaaldrich.com/catalog/product/sigma/D7058?lang=en&region=US
MilliporeSigma,sigmaaldrich.com,Wide Range DNA Marker,bp,5,3000,50,,16,http://www.sigmaaldrich.com/catalog/product/sigma/D7058?lang=en&region=US
MilliporeSigma,sigmaaldrich.com,Wide Range DNA Marker,bp,6,2000,50,,16,http://www.sigmaaldrich.com/catalog/product/sigma/D7058?lang=en&region=US
MilliporeSigma,sigmaaldrich.com,Wide Range DNA Marker,bp,7,1500,50,,16,http://www.sigmaaldrich.com/catalog/product/sigma/D7058?lang=en&region=US
MilliporeSigma,sigmaaldrich.com,Wide Range DNA Marker,bp,8,1400,50,,16,http://www.sigmaaldrich.com/catalog/product/sigma/D7058?lang=en&region=US
MilliporeSigma,sigmaaldrich.com,Wide Range DNA Marker,bp,9,1000,50,,16,http://www.sigmaaldrich.com/catalog/product/sigma/D7058?lang=en&region=US
MilliporeSigma,sigmaaldrich.com,Wide Range DNA Marker,bp,10,750,50,,16,http://www.sigmaaldrich.com/catalog/product/sigma/D7058?lang=en&region=US
MilliporeSigma,sigmaaldrich.com,Wide Range DNA Marker,bp,11,500,50,,16,http://www.sigmaaldrich.com/catalog/product/sigma/D7058?lang=en&region=US
MilliporeSigma,sigmaaldrich.com,Wide Range DNA Marker,bp,12,400,50,,16,http://www.sigmaaldrich.com/catalog/product/sigma/D7058?lang=en&region=US
MilliporeSigma,sigmaaldrich.com,Wide Range DNA Marker,bp,13,300,50,,16,http://www.sigmaaldrich.com/catalog/product/sigma/D7058?lang=en&region=US
MilliporeSigma,sigmaaldrich.com,Wide Range DNA Marker,bp,14,200,50,,16,http://www.sigmaaldrich.com/catalog/product/sigma/D7058?lang=en&region=US
MilliporeSigma,sigmaaldrich.com,Wide Range DNA Marker,bp,15,100,50,,16,http://www.sigmaaldrich.com/catalog/product/sigma/D7058?lang=en&region=US
MilliporeSigma,sigmaaldrich.com,Wide Range DNA Marker,bp,16,50,50,,16,http://www.sigmaaldrich.com/catalog/product/sigma/D7058?lang=en&region=US
New England Biolabs,neb.com,50 bp DNA Ladder,bp,1,1350,103,,17,https://www.neb.com/products/n3236-50-bp-dna-ladder
New England Biolabs,neb.com,50 bp DNA Ladder,bp,2,916,70,,17,https://www.neb.com/products/n3236-50-bp-dna-ladder
New England Biolabs,neb.com,50 bp DNA Ladder,bp,3,766,58,,17,https://www.neb.com/products/n3236-50-bp-dna-ladder
New England Biolabs,neb.com,50 bp DNA Ladder,bp,4,700,54,,17,https://www.neb.com/products/n3236-50-bp-dna-ladder
New England Biolabs,neb.com,50 bp DNA Ladder,bp,5,650,50,,17,https://www.neb.com/products/n3236-50-bp-dna-ladder
New England Biolabs,neb.com,50 bp DNA Ladder,bp,6,600,46,,17,https://www.neb.com/products/n3236-50-bp-dna-ladder
New England Biolabs,neb.com,50 bp DNA Ladder,bp,7,550,42,,17,https://www.neb.com/products/n3236-50-bp-dna-ladder
New England Biolabs,neb.com,50 bp DNA Ladder,bp,8,500,76,reference band,17,https://www.neb.com/products/n3236-50-bp-dna-ladder
New England Biolabs,neb.com,50 bp DNA Ladder,bp,9,450,34,,17,https://www.neb.com/products/n3236-50-bp-dna-ladder
New England Biolabs,neb.com,50 bp DNA Ladder,bp,10,400,31,,17,https://www.neb.com/products/n3236-50-bp-dna-ladder
New England Biolabs,neb.com,50 bp DNA Ladder,bp,11,350,27,,17,https://www.neb.com/products/n3236-50-bp-dna-ladder
New England Biolabs,neb.com,50 bp DNA Ladder,bp,12,300,46,,17,https://www.neb.com/products/n3236-50-bp-dna-ladder
New England Biolabs,neb.com,50 bp DNA Ladder,bp,13,250,57,,17,https://www.neb.com/products/n3236-50-bp-dna-ladder
New England Biolabs,neb.com,50 bp DNA Ladder,bp,14,200,107,reference band,17,https://www.neb.com/products/n3236-50-bp-dna-ladder
New England Biolabs,neb.com,50 bp DNA Ladder,bp,15,150,46,,17,https://www.neb.com/products/n3236-50-bp-dna-ladder
New England Biolabs,neb.com,50 bp DNA Ladder,bp,16,100,69,,17,https://www.neb.com/products/n3236-50-bp-dna-ladder
New England Biolabs,neb.com,50 bp DNA Ladder,bp,17,50,84,,17,https://www.neb.com/products/n3236-50-bp-dna-ladder
New England Biolabs,neb.com,100 bp DNA Ladder,bp,1,1517,45,,13,https://www.neb.com/products/n3231-100-bp-dna-ladder
New England Biolabs,neb.com,100 bp DNA Ladder,bp,2,1200,35,,13,https://www.neb.com/products/n3231-100-bp-dna-ladder
New England Biolabs,neb.com,100 bp DNA Ladder,bp,3,1000,95,reference band,13,https://www.neb.com/products/n3231-100-bp-dna-ladder
New England Biolabs,neb.com,100 bp DNA Ladder,bp,4,900,27,,13,https://www.neb.com/products/n3231-100-bp-dna-ladder
New England Biolabs,neb.com,100 bp DNA Ladder,bp,5,800,24,,13,https://www.neb.com/products/n3231-100-bp-dna-ladder
New England Biolabs,neb.com,100 bp DNA Ladder,bp,6,700,21,,13,https://www.neb.com/products/n3231-100-bp-dna-ladder
New England Biolabs,neb.com,100 bp DNA Ladder,bp,7,600,18,,13,https://www.neb.com/products/n3231-100-bp-dna-ladder
New England Biolabs,neb.com,100 bp DNA Ladder,bp,8,517,49,reference band,13,https://www.neb.com/products/n3231-100-bp-dna-ladder
New England Biolabs,neb.com,100 bp DNA Ladder,bp,9,500,48,reference band,13,https://www.neb.com/products/n3231-100-bp-dna-ladder
New England Biolabs,neb.com,100 bp DNA Ladder,bp,10,400,38,,13,https://www.neb.com/products/n3231-100-bp-dna-ladder
New England Biolabs,neb.com,100 bp DNA Ladder,bp,11,300,29,,13,https://www.neb.com/products/n3231-100-bp-dna-ladder
New England Biolabs,neb.com,100 bp DNA Ladder,bp,12,200,25,,13,https://www.neb.com/products/n3231-100-bp-dna-ladder
New England Biolabs,neb.com,100 bp DNA Ladder,bp,13,100,48,,13,https://www.neb.com/products/n3231-100-bp-dna-ladder
New England Biolabs,neb.com,1 kb DNA Ladder,kb,1,10002,42,,11,https://www.neb.com/products/n3232-1-kb-dna-ladder
New England Biolabs,neb.com,1 kb DNA Ladder,kb,2,8001,42,,11,https://www.neb.com/products/n3232-1-kb-dna-ladder
New England Biolabs,neb.com,1 kb DNA Ladder,kb,3,6001,50,,11,https://www.neb.com/products/n3232-1-kb-dna-ladder
New England Biolabs,neb.com,1 kb DNA Ladder,kb,4,5001,42,,11,https://www.neb.com/products/n3232-1-kb-dna-ladder
New England Biolabs,neb.com,1 kb DNA Ladder,kb,5,4001,33,,11,https://www.neb.com/products/n3232-1-kb-dna-ladder
New England Biolabs,neb.com,1 kb DNA Ladder,kb,6,3001,125,reference band,11,https://www.neb.com/products/n3232-1-kb-dna-ladder
New England Biolabs,neb.com,1 kb DNA Ladder,kb,7,2000,48,,11,https://www.neb.com/products/n3232-1-kb-dna-ladder
New England Biolabs,neb.com,1 kb DNA Ladder,kb,8,1500,36,,11,https://www.neb.com/products/n3232-1-kb-dna-ladder
New England Biolabs,neb.com,1 kb DNA Ladder,kb,9,1000,42,,11,https://www.neb.com/products/n3232-1-kb-dna-ladder
New England Biolabs,neb.com,1 kb DNA Ladder,kb,10,517,42,,11,https://www.neb.com/products/n3232-1-kb-dna-ladder
New England Biolabs,neb.com,1 kb DNA Ladder,kb,11,500,42,,11,https://www.neb.com/products/n3232-1-kb-dna-ladder
New England Biolabs,neb.com,1 kb Extend DNA Ladder,kb,1,48500,30,,13,https://www.neb.com/en-us/products/n3239-quick-load-1kb-extend-dna-ladder
New England Biolabs,neb.com,1 kb Extend DNA Ladder,kb,2,20000,30,,13,https://www.neb.com/en-us/products/n3239-quick-load-1kb-extend-dna-ladder
New England Biolabs,neb.com,1 kb Extend DNA Ladder,kb,3,15000,45,,13,https://www.neb.com/en-us/products/n3239-quick-load-1kb-extend-dna-ladder
New England Biolabs,neb.com,1 kb Extend DNA Ladder,kb,4,10000,33,,13,https://www.neb.com/en-us/products/n3239-quick-load-1kb-extend-dna-ladder
New England Biolabs,neb.com,1 kb Extend DNA Ladder,kb,5,8000,33,,13,https://www.neb.com/en-us/products/n3239-quick-load-1kb-extend-dna-ladder
New England Biolabs,neb.com,1 kb Extend DNA Ladder,kb,6,6000,40,,13,https://www.neb.com/en-us/products/n3239-quick-load-1kb-extend-dna-ladder
New England Biolabs,neb.com,1 kb Extend DNA Ladder,kb,7,5000,33,,13,https://www.neb.com/en-us/products/n3239-quick-load-1kb-extend-dna-ladder
New England Biolabs,neb.com,1 kb Extend DNA Ladder,kb,8,4000,26,,13,https://www.neb.com/en-us/products/n3239-quick-load-1kb-extend-dna-ladder
New England Biolabs,neb.com,1 kb Extend DNA Ladder,kb,9,3000,100,reference band,13,https://www.neb.com/en-us/products/n3239-quick-load-1kb-extend-dna-ladder
New England Biolabs,neb.com,1 kb Extend DNA Ladder,kb,10,2000,37,,13,https://www.neb.com/en-us/products/n3239-quick-load-1kb-extend-dna-ladder
New England Biolabs,neb.com,1 kb Extend DNA Ladder,kb,11,1500,27,,13,https://www.neb.com/en-us/products/n3239-quick-load-1kb-extend-dna-ladder
New England Biolabs,neb.com,1 kb Extend DNA Ladder,kb,12,1000,33,,13,https://www.neb.com/en-us/products/n3239-quick-load-1kb-extend-dna-ladder
New England Biolabs,neb.com,1 kb Extend DNA Ladder,kb,13,500,33,,13,https://www.neb.com/en-us/products/n3239-quick-load-1kb-extend-dna-ladder
New England Biolabs,neb.com,1 kb Plus DNA Ladder,kb,1,10002,40,,20,https://www.neb.com/products/n3200-1-kb-plus-dna-ladder
New England Biolabs,neb.com,1 kb Plus DNA Ladder,kb,2,8001,40,,20,https://www.neb.com/products/n3200-1-kb-plus-dna-ladder
New England Biolabs,neb.com,1 kb Plus DNA Ladder,kb,3,6001,48,,20,https://www.neb.com/products/n3200-1-kb-plus-dna-ladder
New England Biolabs,neb.com,1 kb Plus DNA Ladder,kb,4,5001,40,,20,https://www.neb.com/products/n3200-1-kb-plus-dna-ladder
New England Biolabs,neb.com,1 kb Plus DNA Ladder,kb,5,4001,32,,20,https://www.neb.com/products/n3200-1-kb-plus-dna-ladder
New England Biolabs,neb.com,1 kb Plus DNA Ladder,kb,6,3001,120,reference band,20,https://www.neb.com/products/n3200-1-kb-plus-dna-ladder
New England Biolabs,neb.com,1 kb Plus DNA Ladder,kb,7,2017,40,,20,https://www.neb.com/products/n3200-1-kb-plus-dna-ladder
New England Biolabs,neb.com,1 kb Plus DNA Ladder,kb,8,1517,57,,20,https://www.neb.com/products/n3200-1-kb-plus-dna-ladder
New England Biolabs,neb.com,1 kb Plus DNA Ladder,kb,9,1200,45,,20,https://www.neb.com/products/n3200-1-kb-plus-dna-ladder
New England Biolabs,neb.com,1 kb Plus DNA Ladder,kb,10,1000,122,reference band,20,https://www.neb.com/products/n3200-1-kb-plus-dna-ladder
New England Biolabs,neb.com,1 kb Plus DNA Ladder,kb,11,900,34,,20,https://www.neb.com/products/n3200-1-kb-plus-dna-ladder
New England Biolabs,neb.com,1 kb Plus DNA Ladder,kb,12,800,31,,20,https://www.neb.com/products/n3200-1-kb-plus-dna-ladder
New England Biolabs,neb.com,1 kb Plus DNA Ladder,kb,13,700,27,,20,https://www.neb.com/products/n3200-1-kb-plus-dna-ladder
New England Biolabs,neb.com,1 kb Plus DNA Ladder,kb,14,600,23,,20,https://www.neb.com/products/n3200-1-kb-plus-dna-ladder
New England Biolabs,neb.com,1 kb Plus DNA Ladder,kb,15,517,62,reference band,20,https://www.neb.com/products/n3200-1-kb-plus-dna-ladder
New England Biolabs,neb.com,1 kb Plus DNA Ladder,kb,16,500,62,reference band,20,https://www.neb.com/products/n3200-1-kb-plus-dna-ladder
New England Biolabs,neb.com,1 kb Plus DNA Ladder,kb,17,400,49,,20,https://www.neb.com/products/n3200-1-kb-plus-dna-ladder
New England Biolabs,neb.com,1 kb Plus DNA Ladder,kb,18,300,37,,20,https://www.neb.com/products/n3200-1-kb-plus-dna-ladder
New England Biolabs,neb.com,1 kb Plus DNA Ladder,kb,19,200,32,,20,https://www.neb.com/products/n3200-1-kb-plus-dna-ladder
New England Biolabs,neb.com,1 kb Plus DNA Ladder,kb,20,100,61,,20,https://www.neb.com/products/n3200-1-kb-plus-dna-ladder
New England Biolabs,neb.com,2-Log DNA Ladder,kb,1,10002,40,,20,https://www.neb.com/products/n3200-1-kb-plus-dna-ladder
New England Biolabs,neb.com,2-Log DNA Ladder,kb,2,8001,40,,20,https://www.neb.com/products/n3200-1-kb-plus-dna-ladder
New England Biolabs,neb.com,2-Log DNA Ladder,kb,3,6001,48,,20,https://www.neb.com/products/n3200-1-kb-plus-dna-ladder
New England Biolabs,neb.com,2-Log DNA Ladder,kb,4,5001,40,,20,https://www.neb.com/products/n3200-1-kb-plus-dna-ladder
New England Biolabs,neb.com,2-Log DNA Ladder,kb,5,4001,32,,20,https://www.neb.com/products/n3200-1-kb-plus-dna-ladder
New England Biolabs,neb.com,2-Log DNA Ladder,kb,6,3001,120,reference band,20,https://www.neb.com/products/n3200-1-kb-plus-dna-ladder
New England Biolabs,neb.com,2-Log DNA Ladder,kb,7,2017,40,,20,https://www.neb.com/products/n3200-1-kb-plus-dna-ladder
New England Biolabs,neb.com,2-Log DNA Ladder,kb,8,1517,57,,20,https://www.neb.com/products/n3200-1-kb-plus-dna-ladder
New England Biolabs,neb.com,2-Log DNA Ladder,kb,9,1200,45,,20,https://www.neb.com/products/n3200-1-kb-plus-dna-ladder
New England Biolabs,neb.com,2-Log DNA Ladder,kb,10,1000,122,reference band,20,https://www.neb.com/products/n3200-1-kb-plus-dna-ladder
New England Biolabs,neb.com,2-Log DNA Ladder,kb,11,900,34,,20,https://www.neb.com/products/n3200-1-kb-plus-dna-ladder
New England Biolabs,neb.com,2-Log DNA Ladder,kb,12,800,31,,20,https://www.neb.com/products/n3200-1-kb-plus-dna-ladder
New England Biolabs,neb.com,2-Log DNA Ladder,kb,13,700,27,,20,https://www.neb.com/products/n3200-1-kb-plus-dna-ladder
New England Biolabs,neb.com,2-Log DNA Ladder,kb,14,600,23,,20,https://www.neb.com/products/n3200-1-kb-plus-dna-ladder
New England Biolabs,neb.com,2-Log DNA Ladder,kb,15,517,62,reference band,20,https://www.neb.com/products/n3200-1-kb-plus-dna-ladder
New England Biolabs,neb.com,2-Log DNA Ladder,kb,16,500,62,reference band,20,https://www.neb.com/products/n3200-1-kb-plus-dna-ladder
New England Biolabs,neb.com,2-Log DNA Ladder,kb,17,400,49,,20,https://www.neb.com/products/n3200-1-kb-plus-dna-ladder
New England Biolabs,neb.com,2-Log DNA Ladder,kb,18,300,37,,20,https://www.neb.com/products/n3200-1-kb-plus-dna-ladder
New England Biolabs,neb.com,2-Log DNA Ladder,kb,19,200,32,,20,https://www.neb.com/products/n3200-1-kb-plus-dna-ladder
New England Biolabs,neb.com,2-Log DNA Ladder,kb,20,100,61,,20,https://www.neb.com/products/n3200-1-kb-plus-dna-ladder
New England Biolabs,neb.com,Fast DNA Ladder,bp,1,10000,36,,11,https://www.neb.com/products/n3238-fast-dna-ladder
New England Biolabs,neb.com,Fast DNA Ladder,bp,2,5000,36,,11,https://www.neb.com/products/n3238-fast-dna-ladder
New England Biolabs,neb.com,Fast DNA Ladder,bp,3,3000,36,,11,https://www.neb.com/products/n3238-fast-dna-ladder
New England Biolabs,neb.com,Fast DNA Ladder,bp,4,2000,38,,11,https://www.neb.com/products/n3238-fast-dna-ladder
New England Biolabs,neb.com,Fast DNA Ladder,bp,5,1500,28,,11,https://www.neb.com/products/n3238-fast-dna-ladder
New England Biolabs,neb.com,Fast DNA Ladder,bp,6,1000,108,reference band,11,https://www.neb.com/products/n3238-fast-dna-ladder
New England Biolabs,neb.com,Fast DNA Ladder,bp,7,766,43,,11,https://www.neb.com/products/n3238-fast-dna-ladder
New England Biolabs,neb.com,Fast DNA Ladder,bp,8,500,40,,11,https://www.neb.com/products/n3238-fast-dna-ladder
New England Biolabs,neb.com,Fast DNA Ladder,bp,9,300,33,,11,https://www.neb.com/products/n3238-fast-dna-ladder
New England Biolabs,neb.com,Fast DNA Ladder,bp,10,150,41,,11,https://www.neb.com/products/n3238-fast-dna-ladder
New England Biolabs,neb.com,Fast DNA Ladder,bp,11,50,61,,11,https://www.neb.com/products/n3238-fast-dna-ladder
New England Biolabs,neb.com,Low Molecular Weight DNA Ladder,bp,1,766,42,,11,http://www.neb.com/nebecomm/products/productN3233.asp
New England Biolabs,neb.com,Low Molecular Weight DNA Ladder,bp,2,500,27,,11,http://www.neb.com/nebecomm/products/productN3233.asp
New England Biolabs,neb.com,Low Molecular Weight DNA Ladder,bp,3,350,20,,11,http://www.neb.com/nebecomm/products/productN3233.asp
New England Biolabs,neb.com,Low Molecular Weight DNA Ladder,bp,4,300,33,,11,http://www.neb.com/nebecomm/products/productN3233.asp
New England Biolabs,neb.com,Low Molecular Weight DNA Ladder,bp,5,250,27,,11,http://www.neb.com/nebecomm/products/productN3233.asp
New England Biolabs,neb.com,Low Molecular Weight DNA Ladder,bp,6,200,110,reference band,11,http://www.neb.com/nebecomm/products/productN3233.asp
New England Biolabs,neb.com,Low Molecular Weight DNA Ladder,bp,7,150,33,,11,http://www.neb.com/nebecomm/products/productN3233.asp
New England Biolabs,neb.com,Low Molecular Weight DNA Ladder,bp,8,100,43,,11,http://www.neb.com/nebecomm/products/productN3233.asp
New England Biolabs,neb.com,Low Molecular Weight DNA Ladder,bp,9,75,58,,11,http://www.neb.com/nebecomm/products/productN3233.asp
New England Biolabs,neb.com,Low Molecular Weight DNA Ladder,bp,10,50,63,,11,http://www.neb.com/nebecomm/products/productN3233.asp
New England Biolabs,neb.com,Low Molecular Weight DNA Ladder,bp,11,25,43,,11,http://www.neb.com/nebecomm/products/productN3233.asp
New England Biolabs,neb.com,Mass DNA Ladder,kb,1,10000,240,,7,http://www.neb.com/nebecomm/products/productN3237.asp
New England Biolabs,neb.com,Mass DNA Ladder,kb,2,6000,180,,7,http://www.neb.com/nebecomm/products/productN3237.asp
New England Biolabs,neb.com,Mass DNA Ladder,kb,3,4000,120,,7,http://www.neb.com/nebecomm/products/productN3237.asp
New England Biolabs,neb.com,Mass DNA Ladder,kb,4,3000,75,,7,http://www.neb.com/nebecomm/products/productN3237.asp
New England Biolabs,neb.com,Mass DNA Ladder,kb,5,2000,60,,7,http://www.neb.com/nebecomm/products/productN3237.asp
New England Biolabs,neb.com,Mass DNA Ladder,kb,6,1000,45,,7,http://www.neb.com/nebecomm/products/productN3237.asp
New England Biolabs,neb.com,Mass DNA Ladder,kb,7,500,30,,7,http://www.neb.com/nebecomm/products/productN3237.asp
New England Biolabs,neb.com,PCR Marker,bp,1,766,62,,5,http://www.neb.com/nebecomm/products/productN3234.asp
New England Biolabs,neb.com,PCR Marker,bp,2,500,40,,5,http://www.neb.com/nebecomm/products/productN3234.asp
New England Biolabs,neb.com,PCR Marker,bp,3,300,48,,5,http://www.neb.com/nebecomm/products/productN3234.asp
New England Biolabs,neb.com,PCR Marker,bp,4,150,61,,5,http://www.neb.com/nebecomm/products/productN3234.asp
New England Biolabs,neb.com,PCR Marker,bp,5,50,89,,5,http://www.neb.com/nebecomm/products/productN3234.asp
New England Biolabs,neb.com,Reverse Mass DNA Ladder,kb,1,10000,15,,7,http://www.neb.com/nebecomm/products/productN3240.asp
New England Biolabs,neb.com,Reverse Mass DNA Ladder,kb,2,6000,30,,7,http://www.neb.com/nebecomm/products/productN3240.asp
New England Biolabs,neb.com,Reverse Mass DNA Ladder,kb,3,4000,45,,7,http://www.neb.com/nebecomm/products/productN3240.asp
New England Biolabs,neb.com,Reverse Mass DNA Ladder,kb,4,3000,60,,7,http://www.neb.com/nebecomm/products/productN3240.asp
New England Biolabs,neb.com,Reverse Mass DNA Ladder,kb,5,2000,120,,7,http://www.neb.com/nebecomm/products/productN3240.asp
New England Biolabs,neb.com,Reverse Mass DNA Ladder,kb,6,1000,180,,7,http://www.neb.com/nebecomm/products/productN3240.asp
New England Biolabs,neb.com,Reverse Mass DNA Ladder,kb,7,500,300,,7,http://www.neb.com/nebecomm/products/productN3240.asp
New England Biolabs,neb.com,Supercoiled DNA Ladder,kb,1,10000,45,,9,https://www.neb.com/en-us/products/n0472-supercoiled-dna-ladder
New England Biolabs,neb.com,Supercoiled DNA Ladder,kb,2,8000,45,,9,https://www.neb.com/en-us/products/n0472-supercoiled-dna-ladder
New England Biolabs,neb.com,Supercoiled DNA Ladder,kb,3,6000,45,,9,https://www.neb.com/en-us/products/n0472-supercoiled-dna-ladder
New England Biolabs,neb.com,Supercoiled DNA Ladder,kb,4,5000,136,reference band,9,https://www.neb.com/en-us/products/n0472-supercoiled-dna-ladder
New England Biolabs,neb.com,Supercoiled DNA Ladder,kb,5,4000,45,,9,https://www.neb.com/en-us/products/n0472-supercoiled-dna-ladder
New England Biolabs,neb.com,Supercoiled DNA Ladder,kb,6,3500,45,,9,https://www.neb.com/en-us/products/n0472-supercoiled-dna-ladder
New England Biolabs,neb.com,Supercoiled DNA Ladder,kb,7,3000,45,,9,https://www.neb.com/en-us/products/n0472-supercoiled-dna-ladder
New England Biolabs,neb.com,Supercoiled DNA Ladder,kb,8,2500,45,,9,https://www.neb.com/en-us/products/n0472-supercoiled-dna-ladder
New England Biolabs,neb.com,Supercoiled DNA Ladder,kb,9,2000,45,,9,https://www.neb.com/en-us/products/n0472-supercoiled-dna-ladder
New England Biolabs,neb.com,TriDye™ Ultra Low Range DNA Ladder,bp,1,700,69,,13,https://www.neb.com/en-us/products/n0558-tridye-ultra-low-range-dna-ladder
New England Biolabs,neb.com,TriDye™ Ultra Low Range DNA Ladder,bp,2,650,64,,13,https://www.neb.com/en-us/products/n0558-tridye-ultra-low-range-dna-ladder
New England Biolabs,neb.com,TriDye™ Ultra Low Range DNA Ladder,bp,3,400,39,,13,https://www.neb.com/en-us/products/n0558-tridye-ultra-low-range-dna-ladder
New England Biolabs,neb.com,TriDye™ Ultra Low Range DNA Ladder,bp,4,300,88,reference band,13,https://www.neb.com/en-us/products/n0558-tridye-ultra-low-range-dna-ladder
New England Biolabs,neb.com,TriDye™ Ultra Low Range DNA Ladder,bp,5,200,39,,13,https://www.neb.com/en-us/products/n0558-tridye-ultra-low-range-dna-ladder
New England Biolabs,neb.com,TriDye™ Ultra Low Range DNA Ladder,bp,6,150,15,,13,https://www.neb.com/en-us/products/n0558-tridye-ultra-low-range-dna-ladder
New England Biolabs,neb.com,TriDye™ Ultra Low Range DNA Ladder,bp,7,100,20,,13,https://www.neb.com/en-us/products/n0558-tridye-ultra-low-range-dna-ladder
New England Biolabs,neb.com,TriDye™ Ultra Low Range DNA Ladder,bp,8,75,29,,13,https://www.neb.com/en-us/products/n0558-tridye-ultra-low-range-dna-ladder
New England Biolabs,neb.com,TriDye™ Ultra Low Range DNA Ladder,bp,9,50,98,reference band,13,https://www.neb.com/en-us/products/n0558-tridye-ultra-low-range-dna-ladder
New England Biolabs,neb.com,TriDye™ Ultra Low Range DNA Ladder,bp,10,35,14,,13,https://www.neb.com/en-us/products/n0558-tridye-ultra-low-range-dna-ladder
New England Biolabs,neb.com,TriDye™ Ultra Low Range DNA Ladder,bp,11,25,22,,13,https://www.neb.com/en-us/products/n0558-tridye-ultra-low-range-dna-ladder
New England Biolabs,neb.com,TriDye™ Ultra Low Range DNA Ladder,bp,12,15,27,,13,https://www.neb.com/en-us/products/n0558-tridye-ultra-low-range-dna-ladder
New England Biolabs,neb.com,TriDye™ Ultra Low Range DNA Ladder,bp,13,10,35,,13,https://www.neb.com/en-us/products/n0558-tridye-ultra-low-range-dna-ladder
New England Biolabs,neb.com,λ DNA – Mono Cut Mix,bp,1,48502,100,,10,https://www.neb.com/en-us/products/n3019-dna-mono-cut-mix
New England Biolabs,neb.com,λ DNA – Mono Cut Mix,bp,2,38416,79,,10,https://www.neb.com/en-us/products/n3019-dna-mono-cut-mix
New England Biolabs,neb.com,λ DNA – Mono Cut Mix,bp,3,33498,69,,10,https://www.neb.com/en-us/products/n3019-dna-mono-cut-mix
New England Biolabs,neb.com,λ DNA – Mono Cut Mix,bp,4,29946,62,,10,https://www.neb.com/en-us/products/n3019-dna-mono-cut-mix
New England Biolabs,neb.com,λ DNA – Mono Cut Mix,bp,5,24508,51,,10,https://www.neb.com/en-us/products/n3019-dna-mono-cut-mix
New England Biolabs,neb.com,λ DNA – Mono Cut Mix,bp,6,23994,49,,10,https://www.neb.com/en-us/products/n3019-dna-mono-cut-mix
New England Biolabs,neb.com,λ DNA – Mono Cut Mix,bp,7,17053,35,,10,https://www.neb.com/en-us/products/n3019-dna-mono-cut-mix
New England Biolabs,neb.com,λ DNA – Mono Cut Mix,bp,8,15004,31,,10,https://www.neb.com/en-us/products/n3019-dna-mono-cut-mix
New England Biolabs,neb.com,λ DNA – Mono Cut Mix,bp,9,10086,21,,10,https://www.neb.com/en-us/products/n3019-dna-mono-cut-mix
New England Biolabs,neb.com,λ DNA – Mono Cut Mix,bp,10,1503,3,,10,https://www.neb.com/en-us/products/n3019-dna-mono-cut-mix
NIPPON GENE,nippongene.com,Gene Ladder 100,bp,1,2000,100,reference band,12,http://www.nippongene.com/english/product/electrophoresis/gene-ladder.html
NIPPON GENE,nippongene.com,Gene Ladder 100,bp,2,1500,75,,12,http://www.nippongene.com/english/product/electrophoresis/gene-ladder.html
NIPPON GENE,nippongene.com,Gene Ladder 100,bp,3,1000,50,,12,http://www.nippongene.com/english/product/electrophoresis/gene-ladder.html
NIPPON GENE,nippongene.com,Gene Ladder 100,bp,4,900,45,,12,http://www.nippongene.com/english/product/electrophoresis/gene-ladder.html
NIPPON GENE,nippongene.com,Gene Ladder 100,bp,5,800,40,,12,http://www.nippongene.com/english/product/electrophoresis/gene-ladder.html
NIPPON GENE,nippongene.com,Gene Ladder 100,bp,6,700,35,,12,http://www.nippongene.com/english/product/electrophoresis/gene-ladder.html
NIPPON GENE,nippongene.com,Gene Ladder 100,bp,7,600,30,,12,http://www.nippongene.com/english/product/electrophoresis/gene-ladder.html
NIPPON GENE,nippongene.com,Gene Ladder 100,bp,8,500,75,,12,http://www.nippongene.com/english/product/electrophoresis/gene-ladder.html
NIPPON GENE,nippongene.com,Gene Ladder 100,bp,9,400,40,,12,http://www.nippongene.com/english/product/electrophoresis/gene-ladder.html
NIPPON GENE,nippongene.com,Gene Ladder 100,bp,10,300,30,,12,http://www.nippongene.com/english/product/electrophoresis/gene-ladder.html
NIPPON GENE,nippongene.com,Gene Ladder 100,bp,11,200,20,,12,http://www.nippongene.com/english/product/electrophoresis/gene-ladder.html
NIPPON GENE,nippongene.com,Gene Ladder 100,bp,12,100,100,reference band,12,http://www.nippongene.com/english/product/electrophoresis/gene-ladder.html
NIPPON GENE,nippongene.com,Gene Ladder Fast 1,bp,1,2000,50,,4,http://www.nippongene.com/english/product/electrophoresis/gene-ladder.html
NIPPON GENE,nippongene.com,Gene Ladder Fast 1,bp,2,1000,50,,4,http://www.nippongene.com/english/product/electrophoresis/gene-ladder.html
NIPPON GENE,nippongene.com,Gene Ladder Fast 1,bp,3,500,50,,4,http://www.nippongene.com/english/product/electrophoresis/gene-ladder.html
NIPPON GENE,nippongene.com,Gene Ladder Fast 1,bp,4,100,50,,4,http://www.nippongene.com/english/product/electrophoresis/gene-ladder.html
NIPPON GENE,nippongene.com,Gene Ladder Fast 2,bp,1,10000,50,,6,http://www.nippongene.com/english/product/electrophoresis/gene-ladder.html
NIPPON GENE,nippongene.com,Gene Ladder Fast 2,bp,2,4000,50,,6,http://www.nippongene.com/english/product/electrophoresis/gene-ladder.html
NIPPON GENE,nippongene.com,Gene Ladder Fast 2,bp,3,2000,50,,6,http://www.nippongene.com/english/product/electrophoresis/gene-ladder.html
NIPPON GENE,nippongene.com,Gene Ladder Fast 2,bp,4,1000,50,,6,http://www.nippongene.com/english/product/electrophoresis/gene-ladder.html
NIPPON GENE,nippongene.com,Gene Ladder Fast 2,bp,5,500,50,,6,http://www.nippongene.com/english/product/electrophoresis/gene-ladder.html
NIPPON GENE,nippongene.com,Gene Ladder Fast 2,bp,6,100,50,,6,http://www.nippongene.com/english/product/electrophoresis/gene-ladder.html
NIPPON GENE,nippongene.com,Gene Ladder Wide 1,bp,1,20000,100,reference band,16,http://www.nippongene.com/english/product/electrophoresis/gene-ladder.html
NIPPON GENE,nippongene.com,Gene Ladder Wide 1,bp,2,10000,50,,16,http://www.nippongene.com/english/product/electrophoresis/gene-ladder.html
NIPPON GENE,nippongene.com,Gene Ladder Wide 1,bp,3,7000,35,,16,http://www.nippongene.com/english/product/electrophoresis/gene-ladder.html
NIPPON GENE,nippongene.com,Gene Ladder Wide 1,bp,4,5000,75,,16,http://www.nippongene.com/english/product/electrophoresis/gene-ladder.html
NIPPON GENE,nippongene.com,Gene Ladder Wide 1,bp,5,4000,40,,16,http://www.nippongene.com/english/product/electrophoresis/gene-ladder.html
NIPPON GENE,nippongene.com,Gene Ladder Wide 1,bp,6,3000,30,,16,http://www.nippongene.com/english/product/electrophoresis/gene-ladder.html
NIPPON GENE,nippongene.com,Gene Ladder Wide 1,bp,7,2000,100,reference band,16,http://www.nippongene.com/english/product/electrophoresis/gene-ladder.html
NIPPON GENE,nippongene.com,Gene Ladder Wide 1,bp,8,1500,30,,16,http://www.nippongene.com/english/product/electrophoresis/gene-ladder.html
NIPPON GENE,nippongene.com,Gene Ladder Wide 1,bp,9,1300,26,,16,http://www.nippongene.com/english/product/electrophoresis/gene-ladder.html
NIPPON GENE,nippongene.com,Gene Ladder Wide 1,bp,10,1000,100,reference band,16,http://www.nippongene.com/english/product/electrophoresis/gene-ladder.html
NIPPON GENE,nippongene.com,Gene Ladder Wide 1,bp,11,700,35,,16,http://www.nippongene.com/english/product/electrophoresis/gene-ladder.html
NIPPON GENE,nippongene.com,Gene Ladder Wide 1,bp,12,500,75,,16,http://www.nippongene.com/english/product/electrophoresis/gene-ladder.html
NIPPON GENE,nippongene.com,Gene Ladder Wide 1,bp,13,400,40,,16,http://www.nippongene.com/english/product/electrophoresis/gene-ladder.html
NIPPON GENE,nippongene.com,Gene Ladder Wide 1,bp,14,300,30,,16,http://www.nippongene.com/english/product/electrophoresis/gene-ladder.html
NIPPON GENE,nippongene.com,Gene Ladder Wide 1,bp,15,200,20,,16,http://www.nippongene.com/english/product/electrophoresis/gene-ladder.html
NIPPON GENE,nippongene.com,Gene Ladder Wide 1,bp,16,100,100,reference band,16,http://www.nippongene.com/english/product/electrophoresis/gene-ladder.html
NIPPON GENE,nippongene.com,Gene Ladder Wide 2,bp,1,20000,100,reference band,18,http://www.nippongene.com/english/product/electrophoresis/gene-ladder.html
NIPPON GENE,nippongene.com,Gene Ladder Wide 2,bp,2,10000,50,,18,http://www.nippongene.com/english/product/electrophoresis/gene-ladder.html
NIPPON GENE,nippongene.com,Gene Ladder Wide 2,bp,3,7000,35,,18,http://www.nippongene.com/english/product/electrophoresis/gene-ladder.html
NIPPON GENE,nippongene.com,Gene Ladder Wide 2,bp,4,5000,75,,18,http://www.nippongene.com/english/product/electrophoresis/gene-ladder.html
NIPPON GENE,nippongene.com,Gene Ladder Wide 2,bp,5,4000,40,,18,http://www.nippongene.com/english/product/electrophoresis/gene-ladder.html
NIPPON GENE,nippongene.com,Gene Ladder Wide 2,bp,6,3000,30,,18,http://www.nippongene.com/english/product/electrophoresis/gene-ladder.html
NIPPON GENE,nippongene.com,Gene Ladder Wide 2,bp,7,2000,100,reference band,18,http://www.nippongene.com/english/product/electrophoresis/gene-ladder.html
NIPPON GENE,nippongene.com,Gene Ladder Wide 2,bp,8,1500,30,,18,http://www.nippongene.com/english/product/electrophoresis/gene-ladder.html
NIPPON GENE,nippongene.com,Gene Ladder Wide 2,bp,9,1000,50,,18,http://www.nippongene.com/english/product/electrophoresis/gene-ladder.html
NIPPON GENE,nippongene.com,Gene Ladder Wide 2,bp,10,900,45,,18,http://www.nippongene.com/english/product/electrophoresis/gene-ladder.html
NIPPON GENE,nippongene.com,Gene Ladder Wide 2,bp,11,800,40,,18,http://www.nippongene.com/english/product/electrophoresis/gene-ladder.html
NIPPON GENE,nippongene.com,Gene Ladder Wide 2,bp,12,700,35,,18,http://www.nippongene.com/english/product/electrophoresis/gene-ladder.html
NIPPON GENE,nippongene.com,Gene Ladder Wide 2,bp,13,600,30,,18,http://www.nippongene.com/english/product/electrophoresis/gene-ladder.html
NIPPON GENE,nippongene.com,Gene Ladder Wide 2,bp,14,500,75,,18,http://www.nippongene.com/english/product/electrophoresis/gene-ladder.html
NIPPON GENE,nippongene.com,Gene Ladder Wide 2,bp,15,400,40,,18,http://www.nippongene.com/english/product/electrophoresis/gene-ladder.html
NIPPON GENE,nippongene.com,Gene Ladder Wide 2,bp,16,300,30,,18,http://www.nippongene.com/english/product/electrophoresis/gene-ladder.html
NIPPON GENE,nippongene.com,Gene Ladder Wide 2,bp,17,200,20,,18,http://www.nippongene.com/english/product/electrophoresis/gene-ladder.html
NIPPON GENE,nippongene.com,Gene Ladder Wide 2,bp,18,100,100,reference band,18,http://www.nippongene.com/english/product/electrophoresis/gene-ladder.html
NZYTech,nzytech.com,NZYDNA Ladder I,bp,1,1800,90,,6,https://www.nzytech.com/site/DNA-Markers/NZYDNA-Ladder-I
NZYTech,nzytech.com,NZYDNA Ladder I,bp,2,1000,100,,6,https://www.nzytech.com/site/DNA-Markers/NZYDNA-Ladder-I
NZYTech,nzytech.com,NZYDNA Ladder I,bp,3,800,80,,6,https://www.nzytech.com/site/DNA-Markers/NZYDNA-Ladder-I
NZYTech,nzytech.com,NZYDNA Ladder I,bp,4,600,90,,6,https://www.nzytech.com/site/DNA-Markers/NZYDNA-Ladder-I
NZYTech,nzytech.com,NZYDNA Ladder I,bp,5,400,60,,6,https://www.nzytech.com/site/DNA-Markers/NZYDNA-Ladder-I
NZYTech,nzytech.com,NZYDNA Ladder I,bp,6,200,30,,6,https://www.nzytech.com/site/DNA-Markers/NZYDNA-Ladder-I
NZYTech,nzytech.com,NZYDNA Ladder II,bp,1,10000,100,,9,https://www.nzytech.com/site/DNA-Markers/NZYDNA-Ladder-II
NZYTech,nzytech.com,NZYDNA Ladder II,bp,2,7500,75,,9,https://www.nzytech.com/site/DNA-Markers/NZYDNA-Ladder-II
NZYTech,nzytech.com,NZYDNA Ladder II,bp,3,6000,60,,9,https://www.nzytech.com/site/DNA-Markers/NZYDNA-Ladder-II
NZYTech,nzytech.com,NZYDNA Ladder II,bp,4,5000,50,,9,https://www.nzytech.com/site/DNA-Markers/NZYDNA-Ladder-II
NZYTech,nzytech.com,NZYDNA Ladder II,bp,5,4000,40,,9,https://www.nzytech.com/site/DNA-Markers/NZYDNA-Ladder-II
NZYTech,nzytech.com,NZYDNA Ladder II,bp,6,3000,30,,9,https://www.nzytech.com/site/DNA-Markers/NZYDNA-Ladder-II
NZYTech,nzytech.com,NZYDNA Ladder II,bp,7,2500,25,,9,https://www.nzytech.com/site/DNA-Markers/NZYDNA-Ladder-II
NZYTech,nzytech.com,NZYDNA Ladder II,bp,8,2000,20,,9,https://www.nzytech.com/site/DNA-Markers/NZYDNA-Ladder-II
NZYTech,nzytech.com,NZYDNA Ladder II,bp,9,1400,14,,9,https://www.nzytech.com/site/DNA-Markers/NZYDNA-Ladder-II
NZYTech,nzytech.com,NZYDNA Ladder III,bp,1,10000,100,,14,https://www.nzytech.com/site/DNA-Markers/NZYDNA-Ladder-III
NZYTech,nzytech.com,NZYDNA Ladder III,bp,2,7500,75,,14,https://www.nzytech.com/site/DNA-Markers/NZYDNA-Ladder-III
NZYTech,nzytech.com,NZYDNA Ladder III,bp,3,6000,60,,14,https://www.nzytech.com/site/DNA-Markers/NZYDNA-Ladder-III
NZYTech,nzytech.com,NZYDNA Ladder III,bp,4,5000,50,,14,https://www.nzytech.com/site/DNA-Markers/NZYDNA-Ladder-III
NZYTech,nzytech.com,NZYDNA Ladder III,bp,5,4000,40,,14,https://www.nzytech.com/site/DNA-Markers/NZYDNA-Ladder-III
NZYTech,nzytech.com,NZYDNA Ladder III,bp,6,3000,30,,14,https://www.nzytech.com/site/DNA-Markers/NZYDNA-Ladder-III
NZYTech,nzytech.com,NZYDNA Ladder III,bp,7,2500,25,,14,https://www.nzytech.com/site/DNA-Markers/NZYDNA-Ladder-III
NZYTech,nzytech.com,NZYDNA Ladder III,bp,8,2000,20,,14,https://www.nzytech.com/site/DNA-Markers/NZYDNA-Ladder-III
NZYTech,nzytech.com,NZYDNA Ladder III,bp,9,1400,14,,14,https://www.nzytech.com/site/DNA-Markers/NZYDNA-Ladder-III
NZYTech,nzytech.com,NZYDNA Ladder III,bp,10,1000,100,,14,https://www.nzytech.com/site/DNA-Markers/NZYDNA-Ladder-III
NZYTech,nzytech.com,NZYDNA Ladder III,bp,11,800,80,,14,https://www.nzytech.com/site/DNA-Markers/NZYDNA-Ladder-III
NZYTech,nzytech.com,NZYDNA Ladder III,bp,12,600,60,,14,https://www.nzytech.com/site/DNA-Markers/NZYDNA-Ladder-III
NZYTech,nzytech.com,NZYDNA Ladder III,bp,13,400,40,,14,https://www.nzytech.com/site/DNA-Markers/NZYDNA-Ladder-III
NZYTech,nzytech.com,NZYDNA Ladder III,bp,14,200,20,,14,https://www.nzytech.com/site/DNA-Markers/NZYDNA-Ladder-III
NZYTech,nzytech.com,NZYDNA Ladder IV,bp,1,500,30,,25,https://www.nzytech.com/site/DNA-Markers/NZYDNA-Ladder-IV
NZYTech,nzytech.com,NZYDNA Ladder IV,bp,2,480,30,hidden,25,https://www.nzytech.com/site/DNA-Markers/NZYDNA-Ladder-IV
NZYTech,nzytech.com,NZYDNA Ladder IV,bp,3,460,30,hidden,25,https://www.nzytech.com/site/DNA-Markers/NZYDNA-Ladder-IV
NZYTech,nzytech.com,NZYDNA Ladder IV,bp,4,440,30,hidden,25,https://www.nzytech.com/site/DNA-Markers/NZYDNA-Ladder-IV
NZYTech,nzytech.com,NZYDNA Ladder IV,bp,5,420,30,hidden,25,https://www.nzytech.com/site/DNA-Markers/NZYDNA-Ladder-IV
NZYTech,nzytech.com,NZYDNA Ladder IV,bp,6,400,30,,25,https://www.nzytech.com/site/DNA-Markers/NZYDNA-Ladder-IV
NZYTech,nzytech.com,NZYDNA Ladder IV,bp,7,380,30,hidden,25,https://www.nzytech.com/site/DNA-Markers/NZYDNA-Ladder-IV
NZYTech,nzytech.com,NZYDNA Ladder IV,bp,8,360,30,hidden,25,https://www.nzytech.com/site/DNA-Markers/NZYDNA-Ladder-IV
NZYTech,nzytech.com,NZYDNA Ladder IV,bp,9,340,30,hidden,25,https://www.nzytech.com/site/DNA-Markers/NZYDNA-Ladder-IV
NZYTech,nzytech.com,NZYDNA Ladder IV,bp,10,320,30,hidden,25,https://www.nzytech.com/site/DNA-Markers/NZYDNA-Ladder-IV
NZYTech,nzytech.com,NZYDNA Ladder IV,bp,11,300,30,,25,https://www.nzytech.com/site/DNA-Markers/NZYDNA-Ladder-IV
NZYTech,nzytech.com,NZYDNA Ladder IV,bp,12,280,30,hidden,25,https://www.nzytech.com/site/DNA-Markers/NZYDNA-Ladder-IV
NZYTech,nzytech.com,NZYDNA Ladder IV,bp,13,260,30,hidden,25,https://www.nzytech.com/site/DNA-Markers/NZYDNA-Ladder-IV
NZYTech,nzytech.com,NZYDNA Ladder IV,bp,14,240,30,hidden,25,https://www.nzytech.com/site/DNA-Markers/NZYDNA-Ladder-IV
NZYTech,nzytech.com,NZYDNA Ladder IV,bp,15,220,30,hidden,25,https://www.nzytech.com/site/DNA-Markers/NZYDNA-Ladder-IV
NZYTech,nzytech.com,NZYDNA Ladder IV,bp,16,200,75,reference band,25,https://www.nzytech.com/site/DNA-Markers/NZYDNA-Ladder-IV
NZYTech,nzytech.com,NZYDNA Ladder IV,bp,17,180,30,hidden,25,https://www.nzytech.com/site/DNA-Markers/NZYDNA-Ladder-IV
NZYTech,nzytech.com,NZYDNA Ladder IV,bp,18,160,30,hidden,25,https://www.nzytech.com/site/DNA-Markers/NZYDNA-Ladder-IV
NZYTech,nzytech.com,NZYDNA Ladder IV,bp,19,140,30,hidden,25,https://www.nzytech.com/site/DNA-Markers/NZYDNA-Ladder-IV
NZYTech,nzytech.com,NZYDNA Ladder IV,bp,20,120,30,hidden,25,https://www.nzytech.com/site/DNA-Markers/NZYDNA-Ladder-IV
NZYTech,nzytech.com,NZYDNA Ladder IV,bp,21,100,30,,25,https://www.nzytech.com/site/DNA-Markers/NZYDNA-Ladder-IV
NZYTech,nzytech.com,NZYDNA Ladder IV,bp,22,80,30,,25,https://www.nzytech.com/site/DNA-Markers/NZYDNA-Ladder-IV
NZYTech,nzytech.com,NZYDNA Ladder IV,bp,23,60,30,,25,https://www.nzytech.com/site/DNA-Markers/NZYDNA-Ladder-IV
NZYTech,nzytech.com,NZYDNA Ladder IV,bp,24,40,30,,25,https://www.nzytech.com/site/DNA-Markers/NZYDNA-Ladder-IV
NZYTech,nzytech.com,NZYDNA Ladder IV,bp,25,20,30,,25,https://www.nzytech.com/site/DNA-Markers/NZYDNA-Ladder-IV
NZYTech,nzytech.com,NZYDNA Ladder V,bp,1,1000,100,,10,https://www.nzytech.com/site/DNA-Markers/NZYDNA-Ladder-V
NZYTech,nzytech.com,NZYDNA Ladder V,bp,2,900,90,,10,https://www.nzytech.com/site/DNA-Markers/NZYDNA-Ladder-V
NZYTech,nzytech.com,NZYDNA Ladder V,bp,3,800,80,,10,https://www.nzytech.com/site/DNA-Markers/NZYDNA-Ladder-V
NZYTech,nzytech.com,NZYDNA Ladder V,bp,4,700,70,,10,https://www.nzytech.com/site/DNA-Markers/NZYDNA-Ladder-V
NZYTech,nzytech.com,NZYDNA Ladder V,bp,5,600,60,,10,https://www.nzytech.com/site/DNA-Markers/NZYDNA-Ladder-V
NZYTech,nzytech.com,NZYDNA Ladder V,bp,6,500,50,,10,https://www.nzytech.com/site/DNA-Markers/NZYDNA-Ladder-V
NZYTech,nzytech.com,NZYDNA Ladder V,bp,7,400,40,,10,https://www.nzytech.com/site/DNA-Markers/NZYDNA-Ladder-V
NZYTech,nzytech.com,NZYDNA Ladder V,bp,8,300,30,,10,https://www.nzytech.com/site/DNA-Markers/NZYDNA-Ladder-V
NZYTech,nzytech.com,NZYDNA Ladder V,bp,9,200,60,,10,https://www.nzytech.com/site/DNA-Markers/NZYDNA-Ladder-V
NZYTech,nzytech.com,NZYDNA Ladder V,bp,10,100,20,,10,https://www.nzytech.com/site/DNA-Markers/NZYDNA-Ladder-V
NZYTech,nzytech.com,NZYDNA Ladder VI,bp,1,1500,40,,17,https://www.nzytech.com/site/DNA-Markers/NZYDNA-Ladder-VI
NZYTech,nzytech.com,NZYDNA Ladder VI,bp,2,1200,35,,17,https://www.nzytech.com/site/DNA-Markers/NZYDNA-Ladder-VI
NZYTech,nzytech.com,NZYDNA Ladder VI,bp,3,1000,33,,17,https://www.nzytech.com/site/DNA-Markers/NZYDNA-Ladder-VI
NZYTech,nzytech.com,NZYDNA Ladder VI,bp,4,900,30,,17,https://www.nzytech.com/site/DNA-Markers/NZYDNA-Ladder-VI
NZYTech,nzytech.com,NZYDNA Ladder VI,bp,5,800,27,,17,https://www.nzytech.com/site/DNA-Markers/NZYDNA-Ladder-VI
NZYTech,nzytech.com,NZYDNA Ladder VI,bp,6,700,23,,17,https://www.nzytech.com/site/DNA-Markers/NZYDNA-Ladder-VI
NZYTech,nzytech.com,NZYDNA Ladder VI,bp,7,600,20,,17,https://www.nzytech.com/site/DNA-Markers/NZYDNA-Ladder-VI
NZYTech,nzytech.com,NZYDNA Ladder VI,bp,8,500,67,reference band,17,https://www.nzytech.com/site/DNA-Markers/NZYDNA-Ladder-VI
NZYTech,nzytech.com,NZYDNA Ladder VI,bp,9,450,23,,17,https://www.nzytech.com/site/DNA-Markers/NZYDNA-Ladder-VI
NZYTech,nzytech.com,NZYDNA Ladder VI,bp,10,400,27,,17,https://www.nzytech.com/site/DNA-Markers/NZYDNA-Ladder-VI
NZYTech,nzytech.com,NZYDNA Ladder VI,bp,11,350,18,,17,https://www.nzytech.com/site/DNA-Markers/NZYDNA-Ladder-VI
NZYTech,nzytech.com,NZYDNA Ladder VI,bp,12,300,20,,17,https://www.nzytech.com/site/DNA-Markers/NZYDNA-Ladder-VI
NZYTech,nzytech.com,NZYDNA Ladder VI,bp,13,250,25,,17,https://www.nzytech.com/site/DNA-Markers/NZYDNA-Ladder-VI
NZYTech,nzytech.com,NZYDNA Ladder VI,bp,14,200,67,reference band,17,https://www.nzytech.com/site/DNA-Markers/NZYDNA-Ladder-VI
NZYTech,nzytech.com,NZYDNA Ladder VI,bp,15,150,30,,17,https://www.nzytech.com/site/DNA-Markers/NZYDNA-Ladder-VI
NZYTech,nzytech.com,NZYDNA Ladder VI,bp,16,100,27,,17,https://www.nzytech.com/site/DNA-Markers/NZYDNA-Ladder-VI
NZYTech,nzytech.com,NZYDNA Ladder VI,bp,17,50,30,,17,https://www.nzytech.com/site/DNA-Markers/NZYDNA-Ladder-VI
NZYTech,nzytech.com,NZYDNA Ladder VII,bp,1,3000,60,,14,https://www.nzytech.com/site/DNA-Markers/NZYDNA-Ladder-VII
NZYTech,nzytech.com,NZYDNA Ladder VII,bp,2,2000,40,,14,https://www.nzytech.com/site/DNA-Markers/NZYDNA-Ladder-VII
NZYTech,nzytech.com,NZYDNA Ladder VII,bp,3,1600,85,,14,https://www.nzytech.com/site/DNA-Markers/NZYDNA-Ladder-VII
NZYTech,nzytech.com,NZYDNA Ladder VII,bp,4,1200,65,,14,https://www.nzytech.com/site/DNA-Markers/NZYDNA-Ladder-VII
NZYTech,nzytech.com,NZYDNA Ladder VII,bp,5,1000,100,,14,https://www.nzytech.com/site/DNA-Markers/NZYDNA-Ladder-VII
NZYTech,nzytech.com,NZYDNA Ladder VII,bp,6,900,90,,14,https://www.nzytech.com/site/DNA-Markers/NZYDNA-Ladder-VII
NZYTech,nzytech.com,NZYDNA Ladder VII,bp,7,800,80,,14,https://www.nzytech.com/site/DNA-Markers/NZYDNA-Ladder-VII
NZYTech,nzytech.com,NZYDNA Ladder VII,bp,8,700,70,,14,https://www.nzytech.com/site/DNA-Markers/NZYDNA-Ladder-VII
NZYTech,nzytech.com,NZYDNA Ladder VII,bp,9,600,60,,14,https://www.nzytech.com/site/DNA-Markers/NZYDNA-Ladder-VII
NZYTech,nzytech.com,NZYDNA Ladder VII,bp,10,500,50,,14,https://www.nzytech.com/site/DNA-Markers/NZYDNA-Ladder-VII
NZYTech,nzytech.com,NZYDNA Ladder VII,bp,11,400,40,,14,https://www.nzytech.com/site/DNA-Markers/NZYDNA-Ladder-VII
NZYTech,nzytech.com,NZYDNA Ladder VII,bp,12,300,30,,14,https://www.nzytech.com/site/DNA-Markers/NZYDNA-Ladder-VII
NZYTech,nzytech.com,NZYDNA Ladder VII,bp,13,200,60,,14,https://www.nzytech.com/site/DNA-Markers/NZYDNA-Ladder-VII
NZYTech,nzytech.com,NZYDNA Ladder VII,bp,14,100,20,,14,https://www.nzytech.com/site/DNA-Markers/NZYDNA-Ladder-VII
NZYTech,nzytech.com,NZYDNA Ladder VIII,bp,1,5000,100,,9,https://www.nzytech.com/site/DNA-Markers/NZYDNA-Ladder-VIII
NZYTech,nzytech.com,NZYDNA Ladder VIII,bp,2,3000,60,,9,https://www.nzytech.com/site/DNA-Markers/NZYDNA-Ladder-VIII
NZYTech,nzytech.com,NZYDNA Ladder VIII,bp,3,2000,40,,9,https://www.nzytech.com/site/DNA-Markers/NZYDNA-Ladder-VIII
NZYTech,nzytech.com,NZYDNA Ladder VIII,bp,4,1400,116,,9,https://www.nzytech.com/site/DNA-Markers/NZYDNA-Ladder-VIII
NZYTech,nzytech.com,NZYDNA Ladder VIII,bp,5,1000,100,,9,https://www.nzytech.com/site/DNA-Markers/NZYDNA-Ladder-VIII
NZYTech,nzytech.com,NZYDNA Ladder VIII,bp,6,800,80,,9,https://www.nzytech.com/site/DNA-Markers/NZYDNA-Ladder-VIII
NZYTech,nzytech.com,NZYDNA Ladder VIII,bp,7,600,110,,9,https://www.nzytech.com/site/DNA-Markers/NZYDNA-Ladder-VIII
NZYTech,nzytech.com,NZYDNA Ladder VIII,bp,8,400,106,,9,https://www.nzytech.com/site/DNA-Markers/NZYDNA-Ladder-VIII
NZYTech,nzytech.com,NZYDNA Ladder VIII,bp,9,200,36,,9,https://www.nzytech.com/site/DNA-Markers/NZYDNA-Ladder-VIII
Penn State DNA Ladders,personal.psu.edu,100 bp ladder (PstI),bp,1,4100,410,reference band,14,http://www.personal.psu.edu/sxt30/projects_DNA_ladders.html
Penn State DNA Ladders,personal.psu.edu,100 bp ladder (PstI),bp,2,2000,100,,14,http://www.personal.psu.edu/sxt30/projects_DNA_ladders.html
Penn State DNA Ladders,personal.psu.edu,100 bp ladder (PstI),bp,3,1500,75,,14,http://www.personal.psu.edu/sxt30/projects_DNA_ladders.html
Penn State DNA Ladders,personal.psu.edu,100 bp ladder (PstI),bp,4,1000,50,,14,http://www.personal.psu.edu/sxt30/projects_DNA_ladders.html
Penn State DNA Ladders,personal.psu.edu,100 bp ladder (PstI),bp,5,900,45,,14,http://www.personal.psu.edu/sxt30/projects_DNA_ladders.html
Penn State DNA Ladders,personal.psu.edu,100 bp ladder (PstI),bp,6,800,40,,14,http://www.personal.psu.edu/sxt30/projects_DNA_ladders.html
Penn State DNA Ladders,personal.psu.edu,100 bp ladder (PstI),bp,7,700,35,,14,http://www.personal.psu.edu/sxt30/projects_DNA_ladders.html
Penn State DNA Ladders,personal.psu.edu,100 bp ladder (PstI),bp,8,600,30,,14,http://www.personal.psu.edu/sxt30/projects_DNA_ladders.html
Penn State DNA Ladders,personal.psu.edu,100 bp ladder (PstI),bp,9,500,50,reference band,14,http://www.personal.psu.edu/sxt30/projects_DNA_ladders.html
Penn State DNA Ladders,personal.psu.edu,100 bp ladder (PstI),bp,10,400,20,,14,http://www.personal.psu.edu/sxt30/projects_DNA_ladders.html
Penn State DNA Ladders,personal.psu.edu,100 bp ladder (PstI),bp,11,300,15,,14,http://www.personal.psu.edu/sxt30/projects_DNA_ladders.html
Penn State DNA Ladders,personal.psu.edu,100 bp ladder (PstI),bp,12,200,10,,14,http://www.personal.psu.edu/sxt30/projects_DNA_ladders.html
Penn State DNA Ladders,personal.psu.edu,100 bp ladder (PstI),bp,13,100,5,,14,http://www.personal.psu.edu/sxt30/projects_DNA_ladders.html
Penn State DNA Ladders,personal.psu.edu,100 bp ladder (PstI),bp,14,50,3,,14,http://www.personal.psu.edu/sxt30/projects_DNA_ladders.html
Penn State DNA Ladders,personal.psu.edu,1 kb ladder (EcoRV),bp,1,5000,250,,8,http://www.personal.psu.edu/sxt30/projects_DNA_ladders.html
Penn State DNA Ladders,personal.psu.edu,1 kb ladder (EcoRV),bp,2,4000,200,,8,http://www.personal.psu.edu/sxt30/projects_DNA_ladders.html
Penn State DNA Ladders,personal.psu.edu,1 kb ladder (EcoRV),bp,3,3000,150,,8,http://www.personal.psu.edu/sxt30/projects_DNA_ladders.html
Penn State DNA Ladders,personal.psu.edu,1 kb ladder (EcoRV),bp,4,2000,100,,8,http://www.personal.psu.edu/sxt30/projects_DNA_ladders.html
Penn State DNA Ladders,personal.psu.edu,1 kb ladder (EcoRV),bp,5,1500,75,,8,http://www.personal.psu.edu/sxt30/projects_DNA_ladders.html
Penn State DNA Ladders,personal.psu.edu,1 kb ladder (EcoRV),bp,6,1000,50,,8,http://www.personal.psu.edu/sxt30/projects_DNA_ladders.html
Penn State DNA Ladders,personal.psu.edu,1 kb ladder (EcoRV),bp,7,750,38,,8,http://www.personal.psu.edu/sxt30/projects_DNA_ladders.html
Penn State DNA Ladders,personal.psu.edu,1 kb ladder (EcoRV),bp,8,500,25,,8,http://www.personal.psu.edu/sxt30/projects_DNA_ladders.html
Penn State DNA Ladders,personal.psu.edu,1 kb ladder plus (EcoRV + NcoI),bp,1,10000,250,,10,http://www.personal.psu.edu/sxt30/projects_DNA_ladders.html
Penn State DNA Ladders,personal.psu.edu,1 kb ladder plus (EcoRV + NcoI),bp,2,7750,194,,10,http://www.personal.psu.edu/sxt30/projects_DNA_ladders.html
Penn State DNA Ladders,personal.psu.edu,1 kb ladder plus (EcoRV + NcoI),bp,3,5000,250,,10,http://www.personal.psu.edu/sxt30/projects_DNA_ladders.html
Penn State DNA Ladders,personal.psu.edu,1 kb ladder plus (EcoRV + NcoI),bp,4,4000,200,,10,http://www.personal.psu.edu/sxt30/projects_DNA_ladders.html
Penn State DNA Ladders,personal.psu.edu,1 kb ladder plus (EcoRV + NcoI),bp,5,3000,150,,10,http://www.personal.psu.edu/sxt30/projects_DNA_ladders.html
Penn State DNA Ladders,personal.psu.edu,1 kb ladder plus (EcoRV + NcoI),bp,6,2000,100,,10,http://www.personal.psu.edu/sxt30/projects_DNA_ladders.html
Penn State DNA Ladders,personal.psu.edu,1 kb ladder plus (EcoRV + NcoI),bp,7,1500,75,,10,http://www.personal.psu.edu/sxt30/projects_DNA_ladders.html
Penn State DNA Ladders,personal.psu.edu,1 kb ladder plus (EcoRV + NcoI),bp,8,1000,50,,10,http://www.personal.psu.edu/sxt30/projects_DNA_ladders.html
Penn State DNA Ladders,personal.psu.edu,1 kb ladder plus (EcoRV + NcoI),bp,9,750,38,,10,http://www.personal.psu.edu/sxt30/projects_DNA_ladders.html
Penn State DNA Ladders,personal.psu.edu,1 kb ladder plus (EcoRV + NcoI),bp,10,500,25,,10,http://www.personal.psu.edu/sxt30/projects_DNA_ladders.html
PHENIX Research,phenixresearch.com,25-500 bp DNA Ladder,bp,1,500,60,,12,http://www.phenixresearch.com/products/dnal-25-100-dna-ladder.asp
PHENIX Research,phenixresearch.com,25-500 bp DNA Ladder,bp,2,400,60,,12,http://www.phenixresearch.com/products/dnal-25-100-dna-ladder.asp
PHENIX Research,phenixresearch.com,25-500 bp DNA Ladder,bp,3,300,60,,12,http://www.phenixresearch.com/products/dnal-25-100-dna-ladder.asp
PHENIX Research,phenixresearch.com,25-500 bp DNA Ladder,bp,4,250,60,,12,http://www.phenixresearch.com/products/dnal-25-100-dna-ladder.asp
PHENIX Research,phenixresearch.com,25-500 bp DNA Ladder,bp,5,200,120,reference band,12,http://www.phenixresearch.com/products/dnal-25-100-dna-ladder.asp
PHENIX Research,phenixresearch.com,25-500 bp DNA Ladder,bp,6,175,80,,12,http://www.phenixresearch.com/products/dnal-25-100-dna-ladder.asp
PHENIX Research,phenixresearch.com,25-500 bp DNA Ladder,bp,7,150,80,,12,http://www.phenixresearch.com/products/dnal-25-100-dna-ladder.asp
PHENIX Research,phenixresearch.com,25-500 bp DNA Ladder,bp,8,125,80,,12,http://www.phenixresearch.com/products/dnal-25-100-dna-ladder.asp
PHENIX Research,phenixresearch.com,25-500 bp DNA Ladder,bp,9,100,120,reference band,12,http://www.phenixresearch.com/products/dnal-25-100-dna-ladder.asp
PHENIX Research,phenixresearch.com,25-500 bp DNA Ladder,bp,10,75,80,,12,http://www.phenixresearch.com/products/dnal-25-100-dna-ladder.asp
PHENIX Research,phenixresearch.com,25-500 bp DNA Ladder,bp,11,50,80,,12,http://www.phenixresearch.com/products/dnal-25-100-dna-ladder.asp
PHENIX Research,phenixresearch.com,25-500 bp DNA Ladder,bp,12,25,80,,12,http://www.phenixresearch.com/products/dnal-25-100-dna-ladder.asp
PHENIX Research,phenixresearch.com,100-1000 bp DNA Ladder,bp,1,1013,100,,11,http://www.phenixresearch.com/products/dnal-1000-100-dna-ladder.asp
PHENIX Research,phenixresearch.com,100-1000 bp DNA Ladder,bp,2,900,90,,11,http://www.phenixresearch.com/products/dnal-1000-100-dna-ladder.asp
PHENIX Research,phenixresearch.com,100-1000 bp DNA Ladder,bp,3,800,80,,11,http://www.phenixresearch.com/products/dnal-1000-100-dna-ladder.asp
PHENIX Research,phenixresearch.com,100-1000 bp DNA Ladder,bp,4,700,70,,11,http://www.phenixresearch.com/products/dnal-1000-100-dna-ladder.asp
PHENIX Research,phenixresearch.com,100-1000 bp DNA Ladder,bp,5,600,60,,11,http://www.phenixresearch.com/products/dnal-1000-100-dna-ladder.asp
PHENIX Research,phenixresearch.com,100-1000 bp DNA Ladder,bp,6,500,50,,11,http://www.phenixresearch.com/products/dnal-1000-100-dna-ladder.asp
PHENIX Research,phenixresearch.com,100-1000 bp DNA Ladder,bp,7,400,40,,11,http://www.phenixresearch.com/products/dnal-1000-100-dna-ladder.asp
PHENIX Research,phenixresearch.com,100-1000 bp DNA Ladder,bp,8,311,30,,11,http://www.phenixresearch.com/products/dnal-1000-100-dna-ladder.asp
PHENIX Research,phenixresearch.com,100-1000 bp DNA Ladder,bp,9,300,30,,11,http://www.phenixresearch.com/products/dnal-1000-100-dna-ladder.asp
PHENIX Research,phenixresearch.com,100-1000 bp DNA Ladder,bp,10,200,20,,11,http://www.phenixresearch.com/products/dnal-1000-100-dna-ladder.asp
PHENIX Research,phenixresearch.com,100-1000 bp DNA Ladder,bp,11,100,40,,11,http://www.phenixresearch.com/products/dnal-1000-100-dna-ladder.asp
PHENIX Research,phenixresearch.com,100-3000 bp DNA Ladder,bp,1,3000,108,,12,http://www.phenixresearch.com/products/dnal-100bp-dna-ladder.asp
PHENIX Research,phenixresearch.com,100-3000 bp DNA Ladder,bp,2,2000,147,,12,http://www.phenixresearch.com/products/dnal-100bp-dna-ladder.asp
PHENIX Research,phenixresearch.com,100-3000 bp DNA Ladder,bp,3,1500,116,,12,http://www.phenixresearch.com/products/dnal-100bp-dna-ladder.asp
PHENIX Research,phenixresearch.com,100-3000 bp DNA Ladder,bp,4,1000,77,,12,http://www.phenixresearch.com/products/dnal-100bp-dna-ladder.asp
PHENIX Research,phenixresearch.com,100-3000 bp DNA Ladder,bp,5,800,62,,12,http://www.phenixresearch.com/products/dnal-100bp-dna-ladder.asp
PHENIX Research,phenixresearch.com,100-3000 bp DNA Ladder,bp,6,700,54,,12,http://www.phenixresearch.com/products/dnal-100bp-dna-ladder.asp
PHENIX Research,phenixresearch.com,100-3000 bp DNA Ladder,bp,7,600,46,,12,http://www.phenixresearch.com/products/dnal-100bp-dna-ladder.asp
PHENIX Research,phenixresearch.com,100-3000 bp DNA Ladder,bp,8,500,150,reference band,12,http://www.phenixresearch.com/products/dnal-100bp-dna-ladder.asp
PHENIX Research,phenixresearch.com,100-3000 bp DNA Ladder,bp,9,400,60,,12,http://www.phenixresearch.com/products/dnal-100bp-dna-ladder.asp
PHENIX Research,phenixresearch.com,100-3000 bp DNA Ladder,bp,10,300,56,,12,http://www.phenixresearch.com/products/dnal-100bp-dna-ladder.asp
PHENIX Research,phenixresearch.com,100-3000 bp DNA Ladder,bp,11,200,60,,12,http://www.phenixresearch.com/products/dnal-100bp-dna-ladder.asp
PHENIX Research,phenixresearch.com,100-3000 bp DNA Ladder,bp,12,100,60,,12,http://www.phenixresearch.com/products/dnal-100bp-dna-ladder.asp
PHENIX Research,phenixresearch.com,"300-10,000 bp DNA Ladder",bp,1,10000,60,,13,http://www.phenixresearch.com/products/dnal-1kb-dna-ladder.asp
PHENIX Research,phenixresearch.com,"300-10,000 bp DNA Ladder",bp,2,8000,60,,13,http://www.phenixresearch.com/products/dnal-1kb-dna-ladder.asp
PHENIX Research,phenixresearch.com,"300-10,000 bp DNA Ladder",bp,3,6000,60,,13,http://www.phenixresearch.com/products/dnal-1kb-dna-ladder.asp
PHENIX Research,phenixresearch.com,"300-10,000 bp DNA Ladder",bp,4,5000,100,,13,http://www.phenixresearch.com/products/dnal-1kb-dna-ladder.asp
PHENIX Research,phenixresearch.com,"300-10,000 bp DNA Ladder",bp,5,4000,100,,13,http://www.phenixresearch.com/products/dnal-1kb-dna-ladder.asp
PHENIX Research,phenixresearch.com,"300-10,000 bp DNA Ladder",bp,6,3000,60,,13,http://www.phenixresearch.com/products/dnal-1kb-dna-ladder.asp
PHENIX Research,phenixresearch.com,"300-10,000 bp DNA Ladder",bp,7,2500,60,,13,http://www.phenixresearch.com/products/dnal-1kb-dna-ladder.asp
PHENIX Research,phenixresearch.com,"300-10,000 bp DNA Ladder",bp,8,2000,60,,13,http://www.phenixresearch.com/products/dnal-1kb-dna-ladder.asp
PHENIX Research,phenixresearch.com,"300-10,000 bp DNA Ladder",bp,9,1500,60,,13,http://www.phenixresearch.com/products/dnal-1kb-dna-ladder.asp
PHENIX Research,phenixresearch.com,"300-10,000 bp DNA Ladder",bp,10,1000,60,,13,http://www.phenixresearch.com/products/dnal-1kb-dna-ladder.asp
PHENIX Research,phenixresearch.com,"300-10,000 bp DNA Ladder",bp,11,700,40,,13,http://www.phenixresearch.com/products/dnal-1kb-dna-ladder.asp
PHENIX Research,phenixresearch.com,"300-10,000 bp DNA Ladder",bp,12,500,40,,13,http://www.phenixresearch.com/products/dnal-1kb-dna-ladder.asp
PHENIX Research,phenixresearch.com,"300-10,000 bp DNA Ladder",bp,13,300,40,,13,http://www.phenixresearch.com/products/dnal-1kb-dna-ladder.asp
Promega,promega.com,10 bp DNA Step Ladder,bp,1,100,50,,10,https://www.promega.com/products/cloning-and-dna-markers/molecular-weight-markers/dna-step-ladders/
Promega,promega.com,10 bp DNA Step Ladder,bp,2,90,50,,10,https://www.promega.com/products/cloning-and-dna-markers/molecular-weight-markers/dna-step-ladders/
Promega,promega.com,10 bp DNA Step Ladder,bp,3,80,50,,10,https://www.promega.com/products/cloning-and-dna-markers/molecular-weight-markers/dna-step-ladders/
Promega,promega.com,10 bp DNA Step Ladder,bp,4,70,50,,10,https://www.promega.com/products/cloning-and-dna-markers/molecular-weight-markers/dna-step-ladders/
Promega,promega.com,10 bp DNA Step Ladder,bp,5,60,50,,10,https://www.promega.com/products/cloning-and-dna-markers/molecular-weight-markers/dna-step-ladders/
Promega,promega.com,10 bp DNA Step Ladder,bp,6,50,50,,10,https://www.promega.com/products/cloning-and-dna-markers/molecular-weight-markers/dna-step-ladders/
Promega,promega.com,10 bp DNA Step Ladder,bp,7,40,50,,10,https://www.promega.com/products/cloning-and-dna-markers/molecular-weight-markers/dna-step-ladders/
Promega,promega.com,10 bp DNA Step Ladder,bp,8,30,50,,10,https://www.promega.com/products/cloning-and-dna-markers/molecular-weight-markers/dna-step-ladders/
Promega,promega.com,10 bp DNA Step Ladder,bp,9,20,50,,10,https://www.promega.com/products/cloning-and-dna-markers/molecular-weight-markers/dna-step-ladders/
Promega,promega.com,10 bp DNA Step Ladder,bp,10,10,25,,10,https://www.promega.com/products/cloning-and-dna-markers/molecular-weight-markers/dna-step-ladders/
Promega,promega.com,25 bp DNA Step Ladder,bp,1,1800,40,,13,https://www.promega.com/products/cloning-and-dna-markers/molecular-weight-markers/dna-step-ladders/
Promega,promega.com,25 bp DNA Step Ladder,bp,2,300,120,reference band,13,https://www.promega.com/products/cloning-and-dna-markers/molecular-weight-markers/dna-step-ladders/
Promega,promega.com,25 bp DNA Step Ladder,bp,3,275,40,,13,https://www.promega.com/products/cloning-and-dna-markers/molecular-weight-markers/dna-step-ladders/
Promega,promega.com,25 bp DNA Step Ladder,bp,4,250,40,,13,https://www.promega.com/products/cloning-and-dna-markers/molecular-weight-markers/dna-step-ladders/
Promega,promega.com,25 bp DNA Step Ladder,bp,5,225,40,,13,https://www.promega.com/products/cloning-and-dna-markers/molecular-weight-markers/dna-step-ladders/
Promega,promega.com,25 bp DNA Step Ladder,bp,6,200,40,,13,https://www.promega.com/products/cloning-and-dna-markers/molecular-weight-markers/dna-step-ladders/
Promega,promega.com,25 bp DNA Step Ladder,bp,7,175,40,,13,https://www.promega.com/products/cloning-and-dna-markers/molecular-weight-markers/dna-step-ladders/
Promega,promega.com,25 bp DNA Step Ladder,bp,8,150,40,,13,https://www.promega.com/products/cloning-and-dna-markers/molecular-weight-markers/dna-step-ladders/
Promega,promega.com,25 bp DNA Step Ladder,bp,9,125,40,,13,https://www.promega.com/products/cloning-and-dna-markers/molecular-weight-markers/dna-step-ladders/
Promega,promega.com,25 bp DNA Step Ladder,bp,10,100,40,,13,https://www.promega.com/products/cloning-and-dna-markers/molecular-weight-markers/dna-step-ladders/
Promega,promega.com,25 bp DNA Step Ladder,bp,11,75,40,,13,https://www.promega.com/products/cloning-and-dna-markers/molecular-weight-markers/dna-step-ladders/
Promega,promega.com,25 bp DNA Step Ladder,bp,12,50,40,,13,https://www.promega.com/products/cloning-and-dna-markers/molecular-weight-markers/dna-step-ladders/
Promega,promega.com,25 bp DNA Step Ladder,bp,13,25,40,,13,https://www.promega.com/products/cloning-and-dna-markers/molecular-weight-markers/dna-step-ladders/
Promega,promega.com,50 bp DNA Step Ladder,bp,1,1800,40,,17,https://www.promega.com/products/cloning-and-dna-markers/molecular-weight-markers/dna-step-ladders/
Promega,promega.com,50 bp DNA Step Ladder,bp,2,800,120,reference band,17,https://www.promega.com/products/cloning-and-dna-markers/molecular-weight-markers/dna-step-ladders/
Promega,promega.com,50 bp DNA Step Ladder,bp,3,750,40,,17,https://www.promega.com/products/cloning-and-dna-markers/molecular-weight-markers/dna-step-ladders/
Promega,promega.com,50 bp DNA Step Ladder,bp,4,700,40,,17,https://www.promega.com/products/cloning-and-dna-markers/molecular-weight-markers/dna-step-ladders/
Promega,promega.com,50 bp DNA Step Ladder,bp,5,650,40,,17,https://www.promega.com/products/cloning-and-dna-markers/molecular-weight-markers/dna-step-ladders/
Promega,promega.com,50 bp DNA Step Ladder,bp,6,600,40,,17,https://www.promega.com/products/cloning-and-dna-markers/molecular-weight-markers/dna-step-ladders/
Promega,promega.com,50 bp DNA Step Ladder,bp,7,550,40,,17,https://www.promega.com/products/cloning-and-dna-markers/molecular-weight-markers/dna-step-ladders/
Promega,promega.com,50 bp DNA Step Ladder,bp,8,500,40,,17,https://www.promega.com/products/cloning-and-dna-markers/molecular-weight-markers/dna-step-ladders/
Promega,promega.com,50 bp DNA Step Ladder,bp,9,450,40,,17,https://www.promega.com/products/cloning-and-dna-markers/molecular-weight-markers/dna-step-ladders/
Promega,promega.com,50 bp DNA Step Ladder,bp,10,400,40,,17,https://www.promega.com/products/cloning-and-dna-markers/molecular-weight-markers/dna-step-ladders/
Promega,promega.com,50 bp DNA Step Ladder,bp,11,350,40,,17,https://www.promega.com/products/cloning-and-dna-markers/molecular-weight-markers/dna-step-ladders/
Promega,promega.com,50 bp DNA Step Ladder,bp,12,300,40,,17,https://www.promega.com/products/cloning-and-dna-markers/molecular-weight-markers/dna-step-ladders/
Promega,promega.com,50 bp DNA Step Ladder,bp,13,250,40,,17,https://www.promega.com/products/cloning-and-dna-markers/molecular-weight-markers/dna-step-ladders/
Promega,promega.com,50 bp DNA Step Ladder,bp,14,200,40,,17,https://www.promega.com/products/cloning-and-dna-markers/molecular-weight-markers/dna-step-ladders/
Promega,promega.com,50 bp DNA Step Ladder,bp,15,150,40,,17,https://www.promega.com/products/cloning-and-dna-markers/molecular-weight-markers/dna-step-ladders/
Promega,promega.com,50 bp DNA Step Ladder,bp,16,100,40,,17,https://www.promega.com/products/cloning-and-dna-markers/molecular-weight-markers/dna-step-ladders/
Promega,promega.com,50 bp DNA Step Ladder,bp,17,50,40,,17,https://www.promega.com/products/cloning-and-dna-markers/molecular-weight-markers/dna-step-ladders/
Promega,promega.com,100 bp DNA Ladder,bp,1,1500,75,,11,http://www.promega.com/products/cloning-and-dna-markers/molecular-weight-markers/dna-ladders/
Promega,promega.com,100 bp DNA Ladder,bp,2,1000,75,,11,http://www.promega.com/products/cloning-and-dna-markers/molecular-weight-markers/dna-ladders/
Promega,promega.com,100 bp DNA Ladder,bp,3,900,75,,11,http://www.promega.com/products/cloning-and-dna-markers/molecular-weight-markers/dna-ladders/
Promega,promega.com,100 bp DNA Ladder,bp,4,800,75,,11,http://www.promega.com/products/cloning-and-dna-markers/molecular-weight-markers/dna-ladders/
Promega,promega.com,100 bp DNA Ladder,bp,5,700,75,,11,http://www.promega.com/products/cloning-and-dna-markers/molecular-weight-markers/dna-ladders/
Promega,promega.com,100 bp DNA Ladder,bp,6,600,75,,11,http://www.promega.com/products/cloning-and-dna-markers/molecular-weight-markers/dna-ladders/
Promega,promega.com,100 bp DNA Ladder,bp,7,500,150,reference band,11,http://www.promega.com/products/cloning-and-dna-markers/molecular-weight-markers/dna-ladders/
Promega,promega.com,100 bp DNA Ladder,bp,8,400,75,,11,http://www.promega.com/products/cloning-and-dna-markers/molecular-weight-markers/dna-ladders/
Promega,promega.com,100 bp DNA Ladder,bp,9,300,75,,11,http://www.promega.com/products/cloning-and-dna-markers/molecular-weight-markers/dna-ladders/
Promega,promega.com,100 bp DNA Ladder,bp,10,200,75,,11,http://www.promega.com/products/cloning-and-dna-markers/molecular-weight-markers/dna-ladders/
Promega,promega.com,100 bp DNA Ladder,bp,11,100,75,,11,http://www.promega.com/products/cloning-and-dna-markers/molecular-weight-markers/dna-ladders/
Promega,promega.com,100 bp DNA Step Ladder,bp,1,4000,90,,40,https://www.promega.com/products/cloning-and-dna-markers/molecular-weight-markers/dna-step-ladders/
Promega,promega.com,100 bp DNA Step Ladder,bp,2,3900,90,hidden,40,https://www.promega.com/products/cloning-and-dna-markers/molecular-weight-markers/dna-step-ladders/
Promega,promega.com,100 bp DNA Step Ladder,bp,3,3800,90,hidden,40,https://www.promega.com/products/cloning-and-dna-markers/molecular-weight-markers/dna-step-ladders/
Promega,promega.com,100 bp DNA Step Ladder,bp,4,3700,90,hidden,40,https://www.promega.com/products/cloning-and-dna-markers/molecular-weight-markers/dna-step-ladders/
Promega,promega.com,100 bp DNA Step Ladder,bp,5,3600,90,hidden,40,https://www.promega.com/products/cloning-and-dna-markers/molecular-weight-markers/dna-step-ladders/
Promega,promega.com,100 bp DNA Step Ladder,bp,6,3500,90,,40,https://www.promega.com/products/cloning-and-dna-markers/molecular-weight-markers/dna-step-ladders/
Promega,promega.com,100 bp DNA Step Ladder,bp,7,3400,90,hidden,40,https://www.promega.com/products/cloning-and-dna-markers/molecular-weight-markers/dna-step-ladders/
Promega,promega.com,100 bp DNA Step Ladder,bp,8,3300,90,hidden,40,https://www.promega.com/products/cloning-and-dna-markers/molecular-weight-markers/dna-step-ladders/
Promega,promega.com,100 bp DNA Step Ladder,bp,9,3200,90,hidden,40,https://www.promega.com/products/cloning-and-dna-markers/molecular-weight-markers/dna-step-ladders/
Promega,promega.com,100 bp DNA Step Ladder,bp,10,3100,90,hidden,40,https://www.promega.com/products/cloning-and-dna-markers/molecular-weight-markers/dna-step-ladders/
Promega,promega.com,100 bp DNA Step Ladder,bp,11,3000,90,,40,https://www.promega.com/products/cloning-and-dna-markers/molecular-weight-markers/dna-step-ladders/
Promega,promega.com,100 bp DNA Step Ladder,bp,12,2900,90,hidden,40,https://www.promega.com/products/cloning-and-dna-markers/molecular-weight-markers/dna-step-ladders/
Promega,promega.com,100 bp DNA Step Ladder,bp,13,2800,90,hidden,40,https://www.promega.com/products/cloning-and-dna-markers/molecular-weight-markers/dna-step-ladders/
Promega,promega.com,100 bp DNA Step Ladder,bp,14,2700,90,hidden,40,https://www.promega.com/products/cloning-and-dna-markers/molecular-weight-markers/dna-step-ladders/
Promega,promega.com,100 bp DNA Step Ladder,bp,15,2600,90,hidden,40,https://www.promega.com/products/cloning-and-dna-markers/molecular-weight-markers/dna-step-ladders/
Promega,promega.com,100 bp DNA Step Ladder,bp,16,2500,90,,40,https://www.promega.com/products/cloning-and-dna-markers/molecular-weight-markers/dna-step-ladders/
Promega,promega.com,100 bp DNA Step Ladder,bp,17,2400,90,hidden,40,https://www.promega.com/products/cloning-and-dna-markers/molecular-weight-markers/dna-step-ladders/
Promega,promega.com,100 bp DNA Step Ladder,bp,18,2300,90,hidden,40,https://www.promega.com/products/cloning-and-dna-markers/molecular-weight-markers/dna-step-ladders/
Promega,promega.com,100 bp DNA Step Ladder,bp,19,2200,90,hidden,40,https://www.promega.com/products/cloning-and-dna-markers/molecular-weight-markers/dna-step-ladders/
Promega,promega.com,100 bp DNA Step Ladder,bp,20,2100,90,hidden,40,https://www.promega.com/products/cloning-and-dna-markers/molecular-weight-markers/dna-step-ladders/
Promega,promega.com,100 bp DNA Step Ladder,bp,21,2000,90,,40,https://www.promega.com/products/cloning-and-dna-markers/molecular-weight-markers/dna-step-ladders/
Promega,promega.com,100 bp DNA Step Ladder,bp,22,1900,60,,40,https://www.promega.com/products/cloning-and-dna-markers/molecular-weight-markers/dna-step-ladders/
Promega,promega.com,100 bp DNA Step Ladder,bp,23,1800,60,,40,https://www.promega.com/products/cloning-and-dna-markers/molecular-weight-markers/dna-step-ladders/
Promega,promega.com,100 bp DNA Step Ladder,bp,24,1700,60,,40,https://www.promega.com/products/cloning-and-dna-markers/molecular-weight-markers/dna-step-ladders/
Promega,promega.com,100 bp DNA Step Ladder,bp,25,1600,60,,40,https://www.promega.com/products/cloning-and-dna-markers/molecular-weight-markers/dna-step-ladders/
Promega,promega.com,100 bp DNA Step Ladder,bp,26,1500,60,,40,https://www.promega.com/products/cloning-and-dna-markers/molecular-weight-markers/dna-step-ladders/
Promega,promega.com,100 bp DNA Step Ladder,bp,27,1400,60,,40,https://www.promega.com/products/cloning-and-dna-markers/molecular-weight-markers/dna-step-ladders/
Promega,promega.com,100 bp DNA Step Ladder,bp,28,1300,60,,40,https://www.promega.com/products/cloning-and-dna-markers/molecular-weight-markers/dna-step-ladders/
Promega,promega.com,100 bp DNA Step Ladder,bp,29,1200,60,,40,https://www.promega.com/products/cloning-and-dna-markers/molecular-weight-markers/dna-step-ladders/
Promega,promega.com,100 bp DNA Step Ladder,bp,30,1100,60,,40,https://www.promega.com/products/cloning-and-dna-markers/molecular-weight-markers/dna-step-ladders/
Promega,promega.com,100 bp DNA Step Ladder,bp,31,1000,60,,40,https://www.promega.com/products/cloning-and-dna-markers/molecular-weight-markers/dna-step-ladders/
Promega,promega.com,100 bp DNA Step Ladder,bp,32,900,30,,40,https://www.promega.com/products/cloning-and-dna-markers/molecular-weight-markers/dna-step-ladders/
Promega,promega.com,100 bp DNA Step Ladder,bp,33,800,30,,40,https://www.promega.com/products/cloning-and-dna-markers/molecular-weight-markers/dna-step-ladders/
Promega,promega.com,100 bp DNA Step Ladder,bp,34,700,30,,40,https://www.promega.com/products/cloning-and-dna-markers/molecular-weight-markers/dna-step-ladders/
Promega,promega.com,100 bp DNA Step Ladder,bp,35,600,30,,40,https://www.promega.com/products/cloning-and-dna-markers/molecular-weight-markers/dna-step-ladders/
Promega,promega.com,100 bp DNA Step Ladder,bp,36,500,50,reference band,40,https://www.promega.com/products/cloning-and-dna-markers/molecular-weight-markers/dna-step-ladders/
Promega,promega.com,100 bp DNA Step Ladder,bp,37,400,30,,40,https://www.promega.com/products/cloning-and-dna-markers/molecular-weight-markers/dna-step-ladders/
Promega,promega.com,100 bp DNA Step Ladder,bp,38,300,30,,40,https://www.promega.com/products/cloning-and-dna-markers/molecular-weight-markers/dna-step-ladders/
Promega,promega.com,100 bp DNA Step Ladder,bp,39,200,30,,40,https://www.promega.com/products/cloning-and-dna-markers/molecular-weight-markers/dna-step-ladders/
Promega,promega.com,100 bp DNA Step Ladder,bp,40,100,30,,40,https://www.promega.com/products/cloning-and-dna-markers/molecular-weight-markers/dna-step-ladders/
Promega,promega.com,200 bp DNA Step Ladder,bp,1,6600,40,hidden,33,https://www.promega.com/products/cloning-and-dna-markers/molecular-weight-markers/dna-step-ladders/
Promega,promega.com,200 bp DNA Step Ladder,bp,2,6400,40,hidden,33,https://www.promega.com/products/cloning-and-dna-markers/molecular-weight-markers/dna-step-ladders/
Promega,promega.com,200 bp DNA Step Ladder,bp,3,6200,40,hidden,33,https://www.promega.com/products/cloning-and-dna-markers/molecular-weight-markers/dna-step-ladders/
Promega,promega.com,200 bp DNA Step Ladder,bp,4,6000,40,,33,https://www.promega.com/products/cloning-and-dna-markers/molecular-weight-markers/dna-step-ladders/
Promega,promega.com,200 bp DNA Step Ladder,bp,5,5800,40,hidden,33,https://www.promega.com/products/cloning-and-dna-markers/molecular-weight-markers/dna-step-ladders/
Promega,promega.com,200 bp DNA Step Ladder,bp,6,5600,40,hidden,33,https://www.promega.com/products/cloning-and-dna-markers/molecular-weight-markers/dna-step-ladders/
Promega,promega.com,200 bp DNA Step Ladder,bp,7,5400,40,hidden,33,https://www.promega.com/products/cloning-and-dna-markers/molecular-weight-markers/dna-step-ladders/
Promega,promega.com,200 bp DNA Step Ladder,bp,8,5200,40,hidden,33,https://www.promega.com/products/cloning-and-dna-markers/molecular-weight-markers/dna-step-ladders/
Promega,promega.com,200 bp DNA Step Ladder,bp,9,5000,40,,33,https://www.promega.com/products/cloning-and-dna-markers/molecular-weight-markers/dna-step-ladders/
Promega,promega.com,200 bp DNA Step Ladder,bp,10,4800,40,hidden,33,https://www.promega.com/products/cloning-and-dna-markers/molecular-weight-markers/dna-step-ladders/
Promega,promega.com,200 bp DNA Step Ladder,bp,11,4600,40,hidden,33,https://www.promega.com/products/cloning-and-dna-markers/molecular-weight-markers/dna-step-ladders/
Promega,promega.com,200 bp DNA Step Ladder,bp,12,4400,40,hidden,33,https://www.promega.com/products/cloning-and-dna-markers/molecular-weight-markers/dna-step-ladders/
Promega,promega.com,200 bp DNA Step Ladder,bp,13,4200,40,hidden,33,https://www.promega.com/products/cloning-and-dna-markers/molecular-weight-markers/dna-step-ladders/
Promega,promega.com,200 bp DNA Step Ladder,bp,14,4000,40,,33,https://www.promega.com/products/cloning-and-dna-markers/molecular-weight-markers/dna-step-ladders/
Promega,promega.com,200 bp DNA Step Ladder,bp,15,3800,40,hidden,33,https://www.promega.com/products/cloning-and-dna-markers/molecular-weight-markers/dna-step-ladders/
Promega,promega.com,200 bp DNA Step Ladder,bp,16,3600,40,hidden,33,https://www.promega.com/products/cloning-and-dna-markers/molecular-weight-markers/dna-step-ladders/
Promega,promega.com,200 bp DNA Step Ladder,bp,17,3400,40,hidden,33,https://www.promega.com/products/cloning-and-dna-markers/molecular-weight-markers/dna-step-ladders/
Promega,promega.com,200 bp DNA Step Ladder,bp,18,3200,40,hidden,33,https://www.promega.com/products/cloning-and-dna-markers/molecular-weight-markers/dna-step-ladders/
Promega,promega.com,200 bp DNA Step Ladder,bp,19,3000,40,,33,https://www.promega.com/products/cloning-and-dna-markers/molecular-weight-markers/dna-step-ladders/
Promega,promega.com,200 bp DNA Step Ladder,bp,20,2800,40,,33,https://www.promega.com/products/cloning-and-dna-markers/molecular-weight-markers/dna-step-ladders/
Promega,promega.com,200 bp DNA Step Ladder,bp,21,2600,40,,33,https://www.promega.com/products/cloning-and-dna-markers/molecular-weight-markers/dna-step-ladders/
Promega,promega.com,200 bp DNA Step Ladder,bp,22,2400,40,,33,https://www.promega.com/products/cloning-and-dna-markers/molecular-weight-markers/dna-step-ladders/
Promega,promega.com,200 bp DNA Step Ladder,bp,23,2200,40,,33,https://www.promega.com/products/cloning-and-dna-markers/molecular-weight-markers/dna-step-ladders/
Promega,promega.com,200 bp DNA Step Ladder,bp,24,2000,40,,33,https://www.promega.com/products/cloning-and-dna-markers/molecular-weight-markers/dna-step-ladders/
Promega,promega.com,200 bp DNA Step Ladder,bp,25,1800,40,,33,https://www.promega.com/products/cloning-and-dna-markers/molecular-weight-markers/dna-step-ladders/
Promega,promega.com,200 bp DNA Step Ladder,bp,26,1600,40,,33,https://www.promega.com/products/cloning-and-dna-markers/molecular-weight-markers/dna-step-ladders/
Promega,promega.com,200 bp DNA Step Ladder,bp,27,1400,40,,33,https://www.promega.com/products/cloning-and-dna-markers/molecular-weight-markers/dna-step-ladders/
Promega,promega.com,200 bp DNA Step Ladder,bp,28,1200,40,,33,https://www.promega.com/products/cloning-and-dna-markers/molecular-weight-markers/dna-step-ladders/
Promega,promega.com,200 bp DNA Step Ladder,bp,29,1000,120,reference band,33,https://www.promega.com/products/cloning-and-dna-markers/molecular-weight-markers/dna-step-ladders/
Promega,promega.com,200 bp DNA Step Ladder,bp,30,800,40,,33,https://www.promega.com/products/cloning-and-dna-markers/molecular-weight-markers/dna-step-ladders/
Promega,promega.com,200 bp DNA Step Ladder,bp,31,600,40,,33,https://www.promega.com/products/cloning-and-dna-markers/molecular-weight-markers/dna-step-ladders/
Promega,promega.com,200 bp DNA Step Ladder,bp,32,400,40,,33,https://www.promega.com/products/cloning-and-dna-markers/molecular-weight-markers/dna-step-ladders/
Promega,promega.com,200 bp DNA Step Ladder,bp,33,200,40,,33,https://www.promega.com/products/cloning-and-dna-markers/molecular-weight-markers/dna-step-ladders/
Promega,promega.com,1 kb DNA Ladder,bp,1,10000,50,,13,http://www.promega.com/products/cloning-and-dna-markers/molecular-weight-markers/dna-ladders/
Promega,promega.com,1 kb DNA Ladder,bp,2,8000,50,,13,http://www.promega.com/products/cloning-and-dna-markers/molecular-weight-markers/dna-ladders/
Promega,promega.com,1 kb DNA Ladder,bp,3,6000,50,,13,http://www.promega.com/products/cloning-and-dna-markers/molecular-weight-markers/dna-ladders/
Promega,promega.com,1 kb DNA Ladder,bp,4,5000,50,,13,http://www.promega.com/products/cloning-and-dna-markers/molecular-weight-markers/dna-ladders/
Promega,promega.com,1 kb DNA Ladder,bp,5,4000,50,,13,http://www.promega.com/products/cloning-and-dna-markers/molecular-weight-markers/dna-ladders/
Promega,promega.com,1 kb DNA Ladder,bp,6,3000,100,reference band,13,http://www.promega.com/products/cloning-and-dna-markers/molecular-weight-markers/dna-ladders/
Promega,promega.com,1 kb DNA Ladder,bp,7,2500,50,,13,http://www.promega.com/products/cloning-and-dna-markers/molecular-weight-markers/dna-ladders/
Promega,promega.com,1 kb DNA Ladder,bp,8,2000,50,,13,http://www.promega.com/products/cloning-and-dna-markers/molecular-weight-markers/dna-ladders/
Promega,promega.com,1 kb DNA Ladder,bp,9,1500,50,,13,http://www.promega.com/products/cloning-and-dna-markers/molecular-weight-markers/dna-ladders/
Promega,promega.com,1 kb DNA Ladder,bp,10,1000,100,reference band,13,http://www.promega.com/products/cloning-and-dna-markers/molecular-weight-markers/dna-ladders/
Promega,promega.com,1 kb DNA Ladder,bp,11,750,50,,13,http://www.promega.com/products/cloning-and-dna-markers/molecular-weight-markers/dna-ladders/
Promega,promega.com,1 kb DNA Ladder,bp,12,500,50,,13,http://www.promega.com/products/cloning-and-dna-markers/molecular-weight-markers/dna-ladders/
Promega,promega.com,1 kb DNA Ladder,bp,13,250,50,,13,http://www.promega.com/products/cloning-and-dna-markers/molecular-weight-markers/dna-ladders/
Promega,promega.com,1 kb DNA Step Ladder,kb,1,10000,40,,10,https://www.promega.com/products/cloning-and-dna-markers/molecular-weight-markers/dna-step-ladders/
Promega,promega.com,1 kb DNA Step Ladder,kb,2,9000,40,,10,https://www.promega.com/products/cloning-and-dna-markers/molecular-weight-markers/dna-step-ladders/
Promega,promega.com,1 kb DNA Step Ladder,kb,3,8000,40,,10,https://www.promega.com/products/cloning-and-dna-markers/molecular-weight-markers/dna-step-ladders/
Promega,promega.com,1 kb DNA Step Ladder,kb,4,7000,40,,10,https://www.promega.com/products/cloning-and-dna-markers/molecular-weight-markers/dna-step-ladders/
Promega,promega.com,1 kb DNA Step Ladder,kb,5,6000,40,,10,https://www.promega.com/products/cloning-and-dna-markers/molecular-weight-markers/dna-step-ladders/
Promega,promega.com,1 kb DNA Step Ladder,kb,6,5000,120,reference band,10,https://www.promega.com/products/cloning-and-dna-markers/molecular-weight-markers/dna-step-ladders/
Promega,promega.com,1 kb DNA Step Ladder,kb,7,4000,40,,10,https://www.promega.com/products/cloning-and-dna-markers/molecular-weight-markers/dna-step-ladders/
Promega,promega.com,1 kb DNA Step Ladder,kb,8,3000,40,,10,https://www.promega.com/products/cloning-and-dna-markers/molecular-weight-markers/dna-step-ladders/
Promega,promega.com,1 kb DNA Step Ladder,kb,9,2000,40,,10,https://www.promega.com/products/cloning-and-dna-markers/molecular-weight-markers/dna-step-ladders/
Promega,promega.com,1 kb DNA Step Ladder,kb,10,1000,40,,10,https://www.promega.com/products/cloning-and-dna-markers/molecular-weight-markers/dna-step-ladders/
Promega,promega.com,PCR Markers,bp,1,1000,100,,6,http://www.promega.com/products/cloning-and-dna-markers/molecular-weight-markers/dna-ladders/
Promega,promega.com,PCR Markers,bp,2,750,100,,6,http://www.promega.com/products/cloning-and-dna-markers/molecular-weight-markers/dna-ladders/
Promega,promega.com,PCR Markers,bp,3,500,100,,6,http://www.promega.com/products/cloning-and-dna-markers/molecular-weight-markers/dna-ladders/
Promega,promega.com,PCR Markers,bp,4,300,100,,6,http://www.promega.com/products/cloning-and-dna-markers/molecular-weight-markers/dna-ladders/
Promega,promega.com,PCR Markers,bp,5,150,100,,6,http://www.promega.com/products/cloning-and-dna-markers/molecular-weight-markers/dna-ladders/
Promega,promega.com,PCR Markers,bp,6,50,100,,6,http://www.promega.com/products/cloning-and-dna-markers/molecular-weight-markers/dna-ladders/
Promega,promega.com,pGEM® DNA Markers,bp,1,2645,264.5,,15,https://www.promega.com/products/cloning-and-dna-markers/molecular-weight-markers/benchtop-dna-markers/
Promega,promega.com,pGEM® DNA Markers,bp,2,1605,160.5,,15,https://www.promega.com/products/cloning-and-dna-markers/molecular-weight-markers/benchtop-dna-markers/
Promega,promega.com,pGEM® DNA Markers,bp,3,1198,119.8,,15,https://www.promega.com/products/cloning-and-dna-markers/molecular-weight-markers/benchtop-dna-markers/
Promega,promega.com,pGEM® DNA Markers,bp,4,676,67.6,,15,https://www.promega.com/products/cloning-and-dna-markers/molecular-weight-markers/benchtop-dna-markers/
Promega,promega.com,pGEM® DNA Markers,bp,5,517,51.7,,15,https://www.promega.com/products/cloning-and-dna-markers/molecular-weight-markers/benchtop-dna-markers/
Promega,promega.com,pGEM® DNA Markers,bp,6,460,46,,15,https://www.promega.com/products/cloning-and-dna-markers/molecular-weight-markers/benchtop-dna-markers/
Promega,promega.com,pGEM® DNA Markers,bp,7,396,39.6,,15,https://www.promega.com/products/cloning-and-dna-markers/molecular-weight-markers/benchtop-dna-markers/
Promega,promega.com,pGEM® DNA Markers,bp,8,350,35,,15,https://www.promega.com/products/cloning-and-dna-markers/molecular-weight-markers/benchtop-dna-markers/
Promega,promega.com,pGEM® DNA Markers,bp,9,222,22.2,,15,https://www.promega.com/products/cloning-and-dna-markers/molecular-weight-markers/benchtop-dna-markers/
Promega,promega.com,pGEM® DNA Markers,bp,10,179,17.9,,15,https://www.promega.com/products/cloning-and-dna-markers/molecular-weight-markers/benchtop-dna-markers/
Promega,promega.com,pGEM® DNA Markers,bp,11,126,12.6,,15,https://www.promega.com/products/cloning-and-dna-markers/molecular-weight-markers/benchtop-dna-markers/
Promega,promega.com,pGEM® DNA Markers,bp,12,75,7.5,,15,https://www.promega.com/products/cloning-and-dna-markers/molecular-weight-markers/benchtop-dna-markers/
Promega,promega.com,pGEM® DNA Markers,bp,13,65,6.5,,15,https://www.promega.com/products/cloning-and-dna-markers/molecular-weight-markers/benchtop-dna-markers/
Promega,promega.com,pGEM® DNA Markers,bp,14,51,5.1,,15,https://www.promega.com/products/cloning-and-dna-markers/molecular-weight-markers/benchtop-dna-markers/
Promega,promega.com,pGEM® DNA Markers,bp,15,36,3.6,,15,https://www.promega.com/products/cloning-and-dna-markers/molecular-weight-markers/benchtop-dna-markers/
Qiagen,qiagen.com,GelPilot 50 bp Ladder,bp,1,500,75,,9,http://www.qiagen.com/products/dnamarkers/gelpilot/gelpilotdnamolecularweightmarkers.aspx?gaw=QVen2GADNAMarkers&gkw=ladder%20marker
Qiagen,qiagen.com,GelPilot 50 bp Ladder,bp,2,400,75,,9,http://www.qiagen.com/products/dnamarkers/gelpilot/gelpilotdnamolecularweightmarkers.aspx?gaw=QVen2GADNAMarkers&gkw=ladder%20marker
Qiagen,qiagen.com,GelPilot 50 bp Ladder,bp,3,350,75,,9,http://www.qiagen.com/products/dnamarkers/gelpilot/gelpilotdnamolecularweightmarkers.aspx?gaw=QVen2GADNAMarkers&gkw=ladder%20marker
Qiagen,qiagen.com,GelPilot 50 bp Ladder,bp,4,300,150,reference band,9,http://www.qiagen.com/products/dnamarkers/gelpilot/gelpilotdnamolecularweightmarkers.aspx?gaw=QVen2GADNAMarkers&gkw=ladder%20marker
Qiagen,qiagen.com,GelPilot 50 bp Ladder,bp,5,250,75,,9,http://www.qiagen.com/products/dnamarkers/gelpilot/gelpilotdnamolecularweightmarkers.aspx?gaw=QVen2GADNAMarkers&gkw=ladder%20marker
Qiagen,qiagen.com,GelPilot 50 bp Ladder,bp,6,200,75,,9,http://www.qiagen.com/products/dnamarkers/gelpilot/gelpilotdnamolecularweightmarkers.aspx?gaw=QVen2GADNAMarkers&gkw=ladder%20marker
Qiagen,qiagen.com,GelPilot 50 bp Ladder,bp,7,150,75,,9,http://www.qiagen.com/products/dnamarkers/gelpilot/gelpilotdnamolecularweightmarkers.aspx?gaw=QVen2GADNAMarkers&gkw=ladder%20marker
Qiagen,qiagen.com,GelPilot 50 bp Ladder,bp,8,100,75,,9,http://www.qiagen.com/products/dnamarkers/gelpilot/gelpilotdnamolecularweightmarkers.aspx?gaw=QVen2GADNAMarkers&gkw=ladder%20marker
Qiagen,qiagen.com,GelPilot 50 bp Ladder,bp,9,50,75,,9,http://www.qiagen.com/products/dnamarkers/gelpilot/gelpilotdnamolecularweightmarkers.aspx?gaw=QVen2GADNAMarkers&gkw=ladder%20marker
Qiagen,qiagen.com,GelPilot 100 bp Ladder,bp,1,600,100,,6,http://www.qiagen.com/products/dnamarkers/gelpilot/gelpilotdnamolecularweightmarkers.aspx?gaw=QVen2GADNAMarkers&gkw=ladder%20marker
Qiagen,qiagen.com,GelPilot 100 bp Ladder,bp,2,500,100,,6,http://www.qiagen.com/products/dnamarkers/gelpilot/gelpilotdnamolecularweightmarkers.aspx?gaw=QVen2GADNAMarkers&gkw=ladder%20marker
Qiagen,qiagen.com,GelPilot 100 bp Ladder,bp,3,400,200,reference band,6,http://www.qiagen.com/products/dnamarkers/gelpilot/gelpilotdnamolecularweightmarkers.aspx?gaw=QVen2GADNAMarkers&gkw=ladder%20marker
Qiagen,qiagen.com,GelPilot 100 bp Ladder,bp,4,300,100,,6,http://www.qiagen.com/products/dnamarkers/gelpilot/gelpilotdnamolecularweightmarkers.aspx?gaw=QVen2GADNAMarkers&gkw=ladder%20marker
Qiagen,qiagen.com,GelPilot 100 bp Ladder,bp,5,200,100,,6,http://www.qiagen.com/products/dnamarkers/gelpilot/gelpilotdnamolecularweightmarkers.aspx?gaw=QVen2GADNAMarkers&gkw=ladder%20marker
Qiagen,qiagen.com,GelPilot 100 bp Ladder,bp,6,100,100,,6,http://www.qiagen.com/products/dnamarkers/gelpilot/gelpilotdnamolecularweightmarkers.aspx?gaw=QVen2GADNAMarkers&gkw=ladder%20marker
Qiagen,qiagen.com,GelPilot 100 bp Plus Ladder,bp,1,1500,75,,11,http://www.qiagen.com/products/dnamarkers/gelpilot/gelpilotdnamolecularweightmarkers.aspx?gaw=QVen2GADNAMarkers&gkw=ladder%20marker
Qiagen,qiagen.com,GelPilot 100 bp Plus Ladder,bp,2,1000,75,,11,http://www.qiagen.com/products/dnamarkers/gelpilot/gelpilotdnamolecularweightmarkers.aspx?gaw=QVen2GADNAMarkers&gkw=ladder%20marker
Qiagen,qiagen.com,GelPilot 100 bp Plus Ladder,bp,3,900,75,,11,http://www.qiagen.com/products/dnamarkers/gelpilot/gelpilotdnamolecularweightmarkers.aspx?gaw=QVen2GADNAMarkers&gkw=ladder%20marker
Qiagen,qiagen.com,GelPilot 100 bp Plus Ladder,bp,4,800,75,,11,http://www.qiagen.com/products/dnamarkers/gelpilot/gelpilotdnamolecularweightmarkers.aspx?gaw=QVen2GADNAMarkers&gkw=ladder%20marker
Qiagen,qiagen.com,GelPilot 100 bp Plus Ladder,bp,5,700,75,,11,http://www.qiagen.com/products/dnamarkers/gelpilot/gelpilotdnamolecularweightmarkers.aspx?gaw=QVen2GADNAMarkers&gkw=ladder%20marker
Qiagen,qiagen.com,GelPilot 100 bp Plus Ladder,bp,6,600,75,,11,http://www.qiagen.com/products/dnamarkers/gelpilot/gelpilotdnamolecularweightmarkers.aspx?gaw=QVen2GADNAMarkers&gkw=ladder%20marker
Qiagen,qiagen.com,GelPilot 100 bp Plus Ladder,bp,7,500,150,reference band,11,http://www.qiagen.com/products/dnamarkers/gelpilot/gelpilotdnamolecularweightmarkers.aspx?gaw=QVen2GADNAMarkers&gkw=ladder%20marker
Qiagen,qiagen.com,GelPilot 100 bp Plus Ladder,bp,8,400,75,,11,http://www.qiagen.com/products/dnamarkers/gelpilot/gelpilotdnamolecularweightmarkers.aspx?gaw=QVen2GADNAMarkers&gkw=ladder%20marker
Qiagen,qiagen.com,GelPilot 100 bp Plus Ladder,bp,9,300,75,,11,http://www.qiagen.com/products/dnamarkers/gelpilot/gelpilotdnamolecularweightmarkers.aspx?gaw=QVen2GADNAMarkers&gkw=ladder%20marker
Qiagen,qiagen.com,GelPilot 100 bp Plus Ladder,bp,10,200,75,,11,http://www.qiagen.com/products/dnamarkers/gelpilot/gelpilotdnamolecularweightmarkers.aspx?gaw=QVen2GADNAMarkers&gkw=ladder%20marker
Qiagen,qiagen.com,GelPilot 100 bp Plus Ladder,bp,11,100,75,,11,http://www.qiagen.com/products/dnamarkers/gelpilot/gelpilotdnamolecularweightmarkers.aspx?gaw=QVen2GADNAMarkers&gkw=ladder%20marker
Qiagen,qiagen.com,GelPilot 1 kb Ladder,kb,1,10000,75,,9,http://www.qiagen.com/products/dnamarkers/gelpilot/gelpilotdnamolecularweightmarkers.aspx?gaw=QVen2GADNAMarkers&gkw=ladder%20marker
Qiagen,qiagen.com,GelPilot 1 kb Ladder,kb,2,8000,75,,9,http://www.qiagen.com/products/dnamarkers/gelpilot/gelpilotdnamolecularweightmarkers.aspx?gaw=QVen2GADNAMarkers&gkw=ladder%20marker
Qiagen,qiagen.com,GelPilot 1 kb Ladder,kb,3,7000,75,,9,http://www.qiagen.com/products/dnamarkers/gelpilot/gelpilotdnamolecularweightmarkers.aspx?gaw=QVen2GADNAMarkers&gkw=ladder%20marker
Qiagen,qiagen.com,GelPilot 1 kb Ladder,kb,4,6000,75,,9,http://www.qiagen.com/products/dnamarkers/gelpilot/gelpilotdnamolecularweightmarkers.aspx?gaw=QVen2GADNAMarkers&gkw=ladder%20marker
Qiagen,qiagen.com,GelPilot 1 kb Ladder,kb,5,5000,150,reference band,9,http://www.qiagen.com/products/dnamarkers/gelpilot/gelpilotdnamolecularweightmarkers.aspx?gaw=QVen2GADNAMarkers&gkw=ladder%20marker
Qiagen,qiagen.com,GelPilot 1 kb Ladder,kb,6,4000,75,,9,http://www.qiagen.com/products/dnamarkers/gelpilot/gelpilotdnamolecularweightmarkers.aspx?gaw=QVen2GADNAMarkers&gkw=ladder%20marker
Qiagen,qiagen.com,GelPilot 1 kb Ladder,kb,7,3000,75,,9,http://www.qiagen.com/products/dnamarkers/gelpilot/gelpilotdnamolecularweightmarkers.aspx?gaw=QVen2GADNAMarkers&gkw=ladder%20marker
Qiagen,qiagen.com,GelPilot 1 kb Ladder,kb,8,2000,75,,9,http://www.qiagen.com/products/dnamarkers/gelpilot/gelpilotdnamolecularweightmarkers.aspx?gaw=QVen2GADNAMarkers&gkw=ladder%20marker
Qiagen,qiagen.com,GelPilot 1 kb Ladder,kb,9,1000,75,,9,http://www.qiagen.com/products/dnamarkers/gelpilot/gelpilotdnamolecularweightmarkers.aspx?gaw=QVen2GADNAMarkers&gkw=ladder%20marker
Qiagen,qiagen.com,GelPilot 1 kb Plus Ladder,bp,1,10000,75,,12,http://www.qiagen.com/products/dnamarkers/gelpilot/gelpilotdnamolecularweightmarkers.aspx?gaw=QVen2GADNAMarkers&gkw=ladder%20marker
Qiagen,qiagen.com,GelPilot 1 kb Plus Ladder,bp,2,8000,75,,12,http://www.qiagen.com/products/dnamarkers/gelpilot/gelpilotdnamolecularweightmarkers.aspx?gaw=QVen2GADNAMarkers&gkw=ladder%20marker
Qiagen,qiagen.com,GelPilot 1 kb Plus Ladder,bp,3,5000,75,,12,http://www.qiagen.com/products/dnamarkers/gelpilot/gelpilotdnamolecularweightmarkers.aspx?gaw=QVen2GADNAMarkers&gkw=ladder%20marker
Qiagen,qiagen.com,GelPilot 1 kb Plus Ladder,bp,4,2000,75,,12,http://www.qiagen.com/products/dnamarkers/gelpilot/gelpilotdnamolecularweightmarkers.aspx?gaw=QVen2GADNAMarkers&gkw=ladder%20marker
Qiagen,qiagen.com,GelPilot 1 kb Plus Ladder,bp,5,1600,75,,12,http://www.qiagen.com/products/dnamarkers/gelpilot/gelpilotdnamolecularweightmarkers.aspx?gaw=QVen2GADNAMarkers&gkw=ladder%20marker
Qiagen,qiagen.com,GelPilot 1 kb Plus Ladder,bp,6,1000,150,reference band,12,http://www.qiagen.com/products/dnamarkers/gelpilot/gelpilotdnamolecularweightmarkers.aspx?gaw=QVen2GADNAMarkers&gkw=ladder%20marker
Qiagen,qiagen.com,GelPilot 1 kb Plus Ladder,bp,7,700,75,,12,http://www.qiagen.com/products/dnamarkers/gelpilot/gelpilotdnamolecularweightmarkers.aspx?gaw=QVen2GADNAMarkers&gkw=ladder%20marker
Qiagen,qiagen.com,GelPilot 1 kb Plus Ladder,bp,8,500,75,,12,http://www.qiagen.com/products/dnamarkers/gelpilot/gelpilotdnamolecularweightmarkers.aspx?gaw=QVen2GADNAMarkers&gkw=ladder%20marker
Qiagen,qiagen.com,GelPilot 1 kb Plus Ladder,bp,9,400,75,,12,http://www.qiagen.com/products/dnamarkers/gelpilot/gelpilotdnamolecularweightmarkers.aspx?gaw=QVen2GADNAMarkers&gkw=ladder%20marker
Qiagen,qiagen.com,GelPilot 1 kb Plus Ladder,bp,10,300,75,,12,http://www.qiagen.com/products/dnamarkers/gelpilot/gelpilotdnamolecularweightmarkers.aspx?gaw=QVen2GADNAMarkers&gkw=ladder%20marker
Qiagen,qiagen.com,GelPilot 1 kb Plus Ladder,bp,11,200,75,,12,http://www.qiagen.com/products/dnamarkers/gelpilot/gelpilotdnamolecularweightmarkers.aspx?gaw=QVen2GADNAMarkers&gkw=ladder%20marker
Qiagen,qiagen.com,GelPilot 1 kb Plus Ladder,bp,12,100,75,,12,http://www.qiagen.com/products/dnamarkers/gelpilot/gelpilotdnamolecularweightmarkers.aspx?gaw=QVen2GADNAMarkers&gkw=ladder%20marker
Qiagen,qiagen.com,GelPilot High Range Ladder,bp,1,15000,100,,7,http://www.qiagen.com/products/dnamarkers/gelpilot/gelpilotdnamolecularweightmarkers.aspx?gaw=QVen2GADNAMarkers&gkw=ladder%20marker
Qiagen,qiagen.com,GelPilot High Range Ladder,bp,2,10000,100,,7,http://www.qiagen.com/products/dnamarkers/gelpilot/gelpilotdnamolecularweightmarkers.aspx?gaw=QVen2GADNAMarkers&gkw=ladder%20marker
Qiagen,qiagen.com,GelPilot High Range Ladder,bp,3,7500,100,,7,http://www.qiagen.com/products/dnamarkers/gelpilot/gelpilotdnamolecularweightmarkers.aspx?gaw=QVen2GADNAMarkers&gkw=ladder%20marker
Qiagen,qiagen.com,GelPilot High Range Ladder,bp,4,5000,100,,7,http://www.qiagen.com/products/dnamarkers/gelpilot/gelpilotdnamolecularweightmarkers.aspx?gaw=QVen2GADNAMarkers&gkw=ladder%20marker
Qiagen,qiagen.com,GelPilot High Range Ladder,bp,5,2500,200,reference band,7,http://www.qiagen.com/products/dnamarkers/gelpilot/gelpilotdnamolecularweightmarkers.aspx?gaw=QVen2GADNAMarkers&gkw=ladder%20marker
Qiagen,qiagen.com,GelPilot High Range Ladder,bp,6,1000,100,,7,http://www.qiagen.com/products/dnamarkers/gelpilot/gelpilotdnamolecularweightmarkers.aspx?gaw=QVen2GADNAMarkers&gkw=ladder%20marker
Qiagen,qiagen.com,GelPilot High Range Ladder,bp,7,250,100,,7,http://www.qiagen.com/products/dnamarkers/gelpilot/gelpilotdnamolecularweightmarkers.aspx?gaw=QVen2GADNAMarkers&gkw=ladder%20marker
Qiagen,qiagen.com,GelPilot Mid Range Ladder,bp,1,2000,100,,6,http://www.qiagen.com/products/dnamarkers/gelpilot/gelpilotdnamolecularweightmarkers.aspx?gaw=QVen2GADNAMarkers&gkw=ladder%20marker
Qiagen,qiagen.com,GelPilot Mid Range Ladder,bp,2,1000,100,,6,http://www.qiagen.com/products/dnamarkers/gelpilot/gelpilotdnamolecularweightmarkers.aspx?gaw=QVen2GADNAMarkers&gkw=ladder%20marker
Qiagen,qiagen.com,GelPilot Mid Range Ladder,bp,3,750,200,reference band,6,http://www.qiagen.com/products/dnamarkers/gelpilot/gelpilotdnamolecularweightmarkers.aspx?gaw=QVen2GADNAMarkers&gkw=ladder%20marker
Qiagen,qiagen.com,GelPilot Mid Range Ladder,bp,4,500,100,,6,http://www.qiagen.com/products/dnamarkers/gelpilot/gelpilotdnamolecularweightmarkers.aspx?gaw=QVen2GADNAMarkers&gkw=ladder%20marker
Qiagen,qiagen.com,GelPilot Mid Range Ladder,bp,5,250,100,,6,http://www.qiagen.com/products/dnamarkers/gelpilot/gelpilotdnamolecularweightmarkers.aspx?gaw=QVen2GADNAMarkers&gkw=ladder%20marker
Qiagen,qiagen.com,GelPilot Mid Range Ladder,bp,6,100,100,,6,http://www.qiagen.com/products/dnamarkers/gelpilot/gelpilotdnamolecularweightmarkers.aspx?gaw=QVen2GADNAMarkers&gkw=ladder%20marker
Qiagen,qiagen.com,GelPilot Wide Range Ladder,bp,1,4500,100,,7,http://www.qiagen.com/products/dnamarkers/gelpilot/gelpilotdnamolecularweightmarkers.aspx?gaw=QVen2GADNAMarkers&gkw=ladder%20marker
Qiagen,qiagen.com,GelPilot Wide Range Ladder,bp,2,3000,100,,7,http://www.qiagen.com/products/dnamarkers/gelpilot/gelpilotdnamolecularweightmarkers.aspx?gaw=QVen2GADNAMarkers&gkw=ladder%20marker
Qiagen,qiagen.com,GelPilot Wide Range Ladder,bp,3,2000,100,,7,http://www.qiagen.com/products/dnamarkers/gelpilot/gelpilotdnamolecularweightmarkers.aspx?gaw=QVen2GADNAMarkers&gkw=ladder%20marker
Qiagen,qiagen.com,GelPilot Wide Range Ladder,bp,4,1200,200,reference band,7,http://www.qiagen.com/products/dnamarkers/gelpilot/gelpilotdnamolecularweightmarkers.aspx?gaw=QVen2GADNAMarkers&gkw=ladder%20marker
Qiagen,qiagen.com,GelPilot Wide Range Ladder,bp,5,800,100,,7,http://www.qiagen.com/products/dnamarkers/gelpilot/gelpilotdnamolecularweightmarkers.aspx?gaw=QVen2GADNAMarkers&gkw=ladder%20marker
Qiagen,qiagen.com,GelPilot Wide Range Ladder,bp,6,500,100,,7,http://www.qiagen.com/products/dnamarkers/gelpilot/gelpilotdnamolecularweightmarkers.aspx?gaw=QVen2GADNAMarkers&gkw=ladder%20marker
Qiagen,qiagen.com,GelPilot Wide Range Ladder,bp,7,200,100,,7,http://www.qiagen.com/products/dnamarkers/gelpilot/gelpilotdnamolecularweightmarkers.aspx?gaw=QVen2GADNAMarkers&gkw=ladder%20marker
SERVA,serva.de,100 bp DNA Ladder Equalized,bp,1,1000,55,,11,http://www.serva.de/enDE/CatalogDetails/867_0_39313_SERVA_DNA_Standard_100_Bp_ladder_equalized_lyophilized.html
SERVA,serva.de,100 bp DNA Ladder Equalized,bp,2,900,50,,11,http://www.serva.de/enDE/CatalogDetails/867_0_39313_SERVA_DNA_Standard_100_Bp_ladder_equalized_lyophilized.html
SERVA,serva.de,100 bp DNA Ladder Equalized,bp,3,800,48,,11,http://www.serva.de/enDE/CatalogDetails/867_0_39313_SERVA_DNA_Standard_100_Bp_ladder_equalized_lyophilized.html
SERVA,serva.de,100 bp DNA Ladder Equalized,bp,4,700,50,,11,http://www.serva.de/enDE/CatalogDetails/867_0_39313_SERVA_DNA_Standard_100_Bp_ladder_equalized_lyophilized.html
SERVA,serva.de,100 bp DNA Ladder Equalized,bp,5,600,55,,11,http://www.serva.de/enDE/CatalogDetails/867_0_39313_SERVA_DNA_Standard_100_Bp_ladder_equalized_lyophilized.html
SERVA,serva.de,100 bp DNA Ladder Equalized,bp,6,500,145,reference band,11,http://www.serva.de/enDE/CatalogDetails/867_0_39313_SERVA_DNA_Standard_100_Bp_ladder_equalized_lyophilized.html
SERVA,serva.de,100 bp DNA Ladder Equalized,bp,7,400,45,,11,http://www.serva.de/enDE/CatalogDetails/867_0_39313_SERVA_DNA_Standard_100_Bp_ladder_equalized_lyophilized.html
SERVA,serva.de,100 bp DNA Ladder Equalized,bp,8,300,50,,11,http://www.serva.de/enDE/CatalogDetails/867_0_39313_SERVA_DNA_Standard_100_Bp_ladder_equalized_lyophilized.html
SERVA,serva.de,100 bp DNA Ladder Equalized,bp,9,200,55,,11,http://www.serva.de/enDE/CatalogDetails/867_0_39313_SERVA_DNA_Standard_100_Bp_ladder_equalized_lyophilized.html
SERVA,serva.de,100 bp DNA Ladder Equalized,bp,10,150,38,,11,http://www.serva.de/enDE/CatalogDetails/867_0_39313_SERVA_DNA_Standard_100_Bp_ladder_equalized_lyophilized.html
SERVA,serva.de,100 bp DNA Ladder Equalized,bp,11,100,35,,11,http://www.serva.de/enDE/CatalogDetails/867_0_39313_SERVA_DNA_Standard_100_Bp_ladder_equalized_lyophilized.html
SERVA,serva.de,100 bp DNA Ladder Equimolar,bp,1,1000,163,,11,http://www.serva.de/enDE/ProductDetails/868_39311_SERVA_DNA_Standard_100_Bp_ladder_equimolar_lyophilized.html
SERVA,serva.de,100 bp DNA Ladder Equimolar,bp,2,900,146,,11,http://www.serva.de/enDE/ProductDetails/868_39311_SERVA_DNA_Standard_100_Bp_ladder_equimolar_lyophilized.html
SERVA,serva.de,100 bp DNA Ladder Equimolar,bp,3,800,130,,11,http://www.serva.de/enDE/ProductDetails/868_39311_SERVA_DNA_Standard_100_Bp_ladder_equimolar_lyophilized.html
SERVA,serva.de,100 bp DNA Ladder Equimolar,bp,4,700,114,,11,http://www.serva.de/enDE/ProductDetails/868_39311_SERVA_DNA_Standard_100_Bp_ladder_equimolar_lyophilized.html
SERVA,serva.de,100 bp DNA Ladder Equimolar,bp,5,600,97,,11,http://www.serva.de/enDE/ProductDetails/868_39311_SERVA_DNA_Standard_100_Bp_ladder_equimolar_lyophilized.html
SERVA,serva.de,100 bp DNA Ladder Equimolar,bp,6,500,163,reference band,11,http://www.serva.de/enDE/ProductDetails/868_39311_SERVA_DNA_Standard_100_Bp_ladder_equimolar_lyophilized.html
SERVA,serva.de,100 bp DNA Ladder Equimolar,bp,7,400,65,,11,http://www.serva.de/enDE/ProductDetails/868_39311_SERVA_DNA_Standard_100_Bp_ladder_equimolar_lyophilized.html
SERVA,serva.de,100 bp DNA Ladder Equimolar,bp,8,300,49,,11,http://www.serva.de/enDE/ProductDetails/868_39311_SERVA_DNA_Standard_100_Bp_ladder_equimolar_lyophilized.html
SERVA,serva.de,100 bp DNA Ladder Equimolar,bp,9,200,33,,11,http://www.serva.de/enDE/ProductDetails/868_39311_SERVA_DNA_Standard_100_Bp_ladder_equimolar_lyophilized.html
SERVA,serva.de,100 bp DNA Ladder Equimolar,bp,10,150,24,,11,http://www.serva.de/enDE/ProductDetails/868_39311_SERVA_DNA_Standard_100_Bp_ladder_equimolar_lyophilized.html
SERVA,serva.de,100 bp DNA Ladder Equimolar,bp,11,100,16,,11,http://www.serva.de/enDE/ProductDetails/868_39311_SERVA_DNA_Standard_100_Bp_ladder_equimolar_lyophilized.html
SERVA,serva.de,100 bp DNA Ladder Extended,bp,1,5000,111,,17,http://www.serva.de/enDE/CatalogDetails/869_0_39312_SERVA_DNA_Standard_100_Bp_ladder_extended_lyophilized.html
SERVA,serva.de,100 bp DNA Ladder Extended,bp,2,4000,89,,17,http://www.serva.de/enDE/CatalogDetails/869_0_39312_SERVA_DNA_Standard_100_Bp_ladder_extended_lyophilized.html
SERVA,serva.de,100 bp DNA Ladder Extended,bp,3,3000,67,,17,http://www.serva.de/enDE/CatalogDetails/869_0_39312_SERVA_DNA_Standard_100_Bp_ladder_extended_lyophilized.html
SERVA,serva.de,100 bp DNA Ladder Extended,bp,4,2500,56,,17,http://www.serva.de/enDE/CatalogDetails/869_0_39312_SERVA_DNA_Standard_100_Bp_ladder_extended_lyophilized.html
SERVA,serva.de,100 bp DNA Ladder Extended,bp,5,2000,44,,17,http://www.serva.de/enDE/CatalogDetails/869_0_39312_SERVA_DNA_Standard_100_Bp_ladder_extended_lyophilized.html
SERVA,serva.de,100 bp DNA Ladder Extended,bp,6,1500,33,,17,http://www.serva.de/enDE/CatalogDetails/869_0_39312_SERVA_DNA_Standard_100_Bp_ladder_extended_lyophilized.html
SERVA,serva.de,100 bp DNA Ladder Extended,bp,7,1000,98,,17,http://www.serva.de/enDE/CatalogDetails/869_0_39312_SERVA_DNA_Standard_100_Bp_ladder_extended_lyophilized.html
SERVA,serva.de,100 bp DNA Ladder Extended,bp,8,900,88,,17,http://www.serva.de/enDE/CatalogDetails/869_0_39312_SERVA_DNA_Standard_100_Bp_ladder_extended_lyophilized.html
SERVA,serva.de,100 bp DNA Ladder Extended,bp,9,800,78,,17,http://www.serva.de/enDE/CatalogDetails/869_0_39312_SERVA_DNA_Standard_100_Bp_ladder_extended_lyophilized.html
SERVA,serva.de,100 bp DNA Ladder Extended,bp,10,700,68,,17,http://www.serva.de/enDE/CatalogDetails/869_0_39312_SERVA_DNA_Standard_100_Bp_ladder_extended_lyophilized.html
SERVA,serva.de,100 bp DNA Ladder Extended,bp,11,600,58,,17,http://www.serva.de/enDE/CatalogDetails/869_0_39312_SERVA_DNA_Standard_100_Bp_ladder_extended_lyophilized.html
SERVA,serva.de,100 bp DNA Ladder Extended,bp,12,500,98,reference band,17,http://www.serva.de/enDE/CatalogDetails/869_0_39312_SERVA_DNA_Standard_100_Bp_ladder_extended_lyophilized.html
SERVA,serva.de,100 bp DNA Ladder Extended,bp,13,400,39,,17,http://www.serva.de/enDE/CatalogDetails/869_0_39312_SERVA_DNA_Standard_100_Bp_ladder_extended_lyophilized.html
SERVA,serva.de,100 bp DNA Ladder Extended,bp,14,300,29,,17,http://www.serva.de/enDE/CatalogDetails/869_0_39312_SERVA_DNA_Standard_100_Bp_ladder_extended_lyophilized.html
SERVA,serva.de,100 bp DNA Ladder Extended,bp,15,200,20,,17,http://www.serva.de/enDE/CatalogDetails/869_0_39312_SERVA_DNA_Standard_100_Bp_ladder_extended_lyophilized.html
SERVA,serva.de,100 bp DNA Ladder Extended,bp,16,150,14,,17,http://www.serva.de/enDE/CatalogDetails/869_0_39312_SERVA_DNA_Standard_100_Bp_ladder_extended_lyophilized.html
SERVA,serva.de,100 bp DNA Ladder Extended,bp,17,100,10,,17,http://www.serva.de/enDE/CatalogDetails/869_0_39312_SERVA_DNA_Standard_100_Bp_ladder_extended_lyophilized.html
SERVA,serva.de,FastLoad 50 bp DNA Ladder,bp,1,1500,60,,17,http://www.serva.de/enDE/ProductDetails/5027_39315_SERVA_FastLoad_50_bp_DNA_ladder.html
SERVA,serva.de,FastLoad 50 bp DNA Ladder,bp,2,1200,53,,17,http://www.serva.de/enDE/ProductDetails/5027_39315_SERVA_FastLoad_50_bp_DNA_ladder.html
SERVA,serva.de,FastLoad 50 bp DNA Ladder,bp,3,1000,50,,17,http://www.serva.de/enDE/ProductDetails/5027_39315_SERVA_FastLoad_50_bp_DNA_ladder.html
SERVA,serva.de,FastLoad 50 bp DNA Ladder,bp,4,900,45,,17,http://www.serva.de/enDE/ProductDetails/5027_39315_SERVA_FastLoad_50_bp_DNA_ladder.html
SERVA,serva.de,FastLoad 50 bp DNA Ladder,bp,5,800,41,,17,http://www.serva.de/enDE/ProductDetails/5027_39315_SERVA_FastLoad_50_bp_DNA_ladder.html
SERVA,serva.de,FastLoad 50 bp DNA Ladder,bp,6,700,35,,17,http://www.serva.de/enDE/ProductDetails/5027_39315_SERVA_FastLoad_50_bp_DNA_ladder.html
SERVA,serva.de,FastLoad 50 bp DNA Ladder,bp,7,600,30,,17,http://www.serva.de/enDE/ProductDetails/5027_39315_SERVA_FastLoad_50_bp_DNA_ladder.html
SERVA,serva.de,FastLoad 50 bp DNA Ladder,bp,8,500,100,reference band,17,http://www.serva.de/enDE/ProductDetails/5027_39315_SERVA_FastLoad_50_bp_DNA_ladder.html
SERVA,serva.de,FastLoad 50 bp DNA Ladder,bp,9,450,35,,17,http://www.serva.de/enDE/ProductDetails/5027_39315_SERVA_FastLoad_50_bp_DNA_ladder.html
SERVA,serva.de,FastLoad 50 bp DNA Ladder,bp,10,400,41,,17,http://www.serva.de/enDE/ProductDetails/5027_39315_SERVA_FastLoad_50_bp_DNA_ladder.html
SERVA,serva.de,FastLoad 50 bp DNA Ladder,bp,11,350,27,,17,http://www.serva.de/enDE/ProductDetails/5027_39315_SERVA_FastLoad_50_bp_DNA_ladder.html
SERVA,serva.de,FastLoad 50 bp DNA Ladder,bp,12,300,30,,17,http://www.serva.de/enDE/ProductDetails/5027_39315_SERVA_FastLoad_50_bp_DNA_ladder.html
SERVA,serva.de,FastLoad 50 bp DNA Ladder,bp,13,250,38,,17,http://www.serva.de/enDE/ProductDetails/5027_39315_SERVA_FastLoad_50_bp_DNA_ladder.html
SERVA,serva.de,FastLoad 50 bp DNA Ladder,bp,14,200,100,reference band,17,http://www.serva.de/enDE/ProductDetails/5027_39315_SERVA_FastLoad_50_bp_DNA_ladder.html
SERVA,serva.de,FastLoad 50 bp DNA Ladder,bp,15,150,45,,17,http://www.serva.de/enDE/ProductDetails/5027_39315_SERVA_FastLoad_50_bp_DNA_ladder.html
SERVA,serva.de,FastLoad 50 bp DNA Ladder,bp,16,100,41,,17,http://www.serva.de/enDE/ProductDetails/5027_39315_SERVA_FastLoad_50_bp_DNA_ladder.html
SERVA,serva.de,FastLoad 50 bp DNA Ladder,bp,17,50,45,,17,http://www.serva.de/enDE/ProductDetails/5027_39315_SERVA_FastLoad_50_bp_DNA_ladder.html
SERVA,serva.de,FastLoad 100 bp DNA Ladder,bp,1,3000,60,,12,http://www.serva.de/enDE/CatalogDetails/5028_0_39316_SERVA_FastLoad_100_bp_DNA_ladder.html
SERVA,serva.de,FastLoad 100 bp DNA Ladder,bp,2,1500,105,reference band,12,http://www.serva.de/enDE/CatalogDetails/5028_0_39316_SERVA_FastLoad_100_bp_DNA_ladder.html
SERVA,serva.de,FastLoad 100 bp DNA Ladder,bp,3,1000,75,,12,http://www.serva.de/enDE/CatalogDetails/5028_0_39316_SERVA_FastLoad_100_bp_DNA_ladder.html
SERVA,serva.de,FastLoad 100 bp DNA Ladder,bp,4,900,60,,12,http://www.serva.de/enDE/CatalogDetails/5028_0_39316_SERVA_FastLoad_100_bp_DNA_ladder.html
SERVA,serva.de,FastLoad 100 bp DNA Ladder,bp,5,800,60,,12,http://www.serva.de/enDE/CatalogDetails/5028_0_39316_SERVA_FastLoad_100_bp_DNA_ladder.html
SERVA,serva.de,FastLoad 100 bp DNA Ladder,bp,6,700,45,,12,http://www.serva.de/enDE/CatalogDetails/5028_0_39316_SERVA_FastLoad_100_bp_DNA_ladder.html
SERVA,serva.de,FastLoad 100 bp DNA Ladder,bp,7,600,45,,12,http://www.serva.de/enDE/CatalogDetails/5028_0_39316_SERVA_FastLoad_100_bp_DNA_ladder.html
SERVA,serva.de,FastLoad 100 bp DNA Ladder,bp,8,500,135,reference band,12,http://www.serva.de/enDE/CatalogDetails/5028_0_39316_SERVA_FastLoad_100_bp_DNA_ladder.html
SERVA,serva.de,FastLoad 100 bp DNA Ladder,bp,9,400,60,,12,http://www.serva.de/enDE/CatalogDetails/5028_0_39316_SERVA_FastLoad_100_bp_DNA_ladder.html
SERVA,serva.de,FastLoad 100 bp DNA Ladder,bp,10,300,45,,12,http://www.serva.de/enDE/CatalogDetails/5028_0_39316_SERVA_FastLoad_100_bp_DNA_ladder.html
SERVA,serva.de,FastLoad 100 bp DNA Ladder,bp,11,200,60,,12,http://www.serva.de/enDE/CatalogDetails/5028_0_39316_SERVA_FastLoad_100_bp_DNA_ladder.html
SERVA,serva.de,FastLoad 100 bp DNA Ladder,bp,12,100,60,,12,http://www.serva.de/enDE/CatalogDetails/5028_0_39316_SERVA_FastLoad_100_bp_DNA_ladder.html
SERVA,serva.de,FastLoad 1 kb DNA Ladder,bp,1,25000,24,,14,http://www.serva.de/enDE/CatalogDetails/5029_0_39317_SERVA_FastLoad_1_kb_DNA_ladder.html
SERVA,serva.de,FastLoad 1 kb DNA Ladder,bp,2,10000,42,,14,http://www.serva.de/enDE/CatalogDetails/5029_0_39317_SERVA_FastLoad_1_kb_DNA_ladder.html
SERVA,serva.de,FastLoad 1 kb DNA Ladder,bp,3,8000,42,,14,http://www.serva.de/enDE/CatalogDetails/5029_0_39317_SERVA_FastLoad_1_kb_DNA_ladder.html
SERVA,serva.de,FastLoad 1 kb DNA Ladder,bp,4,6000,42,,14,http://www.serva.de/enDE/CatalogDetails/5029_0_39317_SERVA_FastLoad_1_kb_DNA_ladder.html
SERVA,serva.de,FastLoad 1 kb DNA Ladder,bp,5,5000,42,,14,http://www.serva.de/enDE/CatalogDetails/5029_0_39317_SERVA_FastLoad_1_kb_DNA_ladder.html
SERVA,serva.de,FastLoad 1 kb DNA Ladder,bp,6,4000,27,,14,http://www.serva.de/enDE/CatalogDetails/5029_0_39317_SERVA_FastLoad_1_kb_DNA_ladder.html
SERVA,serva.de,FastLoad 1 kb DNA Ladder,bp,7,3000,138,reference band,14,http://www.serva.de/enDE/CatalogDetails/5029_0_39317_SERVA_FastLoad_1_kb_DNA_ladder.html
SERVA,serva.de,FastLoad 1 kb DNA Ladder,bp,8,2500,51,,14,http://www.serva.de/enDE/CatalogDetails/5029_0_39317_SERVA_FastLoad_1_kb_DNA_ladder.html
SERVA,serva.de,FastLoad 1 kb DNA Ladder,bp,9,2000,51,,14,http://www.serva.de/enDE/CatalogDetails/5029_0_39317_SERVA_FastLoad_1_kb_DNA_ladder.html
SERVA,serva.de,FastLoad 1 kb DNA Ladder,bp,10,1500,30,,14,http://www.serva.de/enDE/CatalogDetails/5029_0_39317_SERVA_FastLoad_1_kb_DNA_ladder.html
SERVA,serva.de,FastLoad 1 kb DNA Ladder,bp,11,1000,138,reference band,14,http://www.serva.de/enDE/CatalogDetails/5029_0_39317_SERVA_FastLoad_1_kb_DNA_ladder.html
SERVA,serva.de,FastLoad 1 kb DNA Ladder,bp,12,750,35,,14,http://www.serva.de/enDE/CatalogDetails/5029_0_39317_SERVA_FastLoad_1_kb_DNA_ladder.html
SERVA,serva.de,FastLoad 1 kb DNA Ladder,bp,13,500,45,,14,http://www.serva.de/enDE/CatalogDetails/5029_0_39317_SERVA_FastLoad_1_kb_DNA_ladder.html
SERVA,serva.de,FastLoad 1 kb DNA Ladder,bp,14,250,68,,14,http://www.serva.de/enDE/CatalogDetails/5029_0_39317_SERVA_FastLoad_1_kb_DNA_ladder.html
SMOBIO,smobio.com,DM1100 ExcelBand™ 50 bp DNA Ladder,bp,1,1500,60,,16,http://www.smobio.com/Product-DNA-DM1100.html
SMOBIO,smobio.com,DM1100 ExcelBand™ 50 bp DNA Ladder,bp,2,1200,75,,16,http://www.smobio.com/Product-DNA-DM1100.html
SMOBIO,smobio.com,DM1100 ExcelBand™ 50 bp DNA Ladder,bp,3,1000,50,,16,http://www.smobio.com/Product-DNA-DM1100.html
SMOBIO,smobio.com,DM1100 ExcelBand™ 50 bp DNA Ladder,bp,4,900,45,,16,http://www.smobio.com/Product-DNA-DM1100.html
SMOBIO,smobio.com,DM1100 ExcelBand™ 50 bp DNA Ladder,bp,5,800,41,,16,http://www.smobio.com/Product-DNA-DM1100.html
SMOBIO,smobio.com,DM1100 ExcelBand™ 50 bp DNA Ladder,bp,6,700,35,,16,http://www.smobio.com/Product-DNA-DM1100.html
SMOBIO,smobio.com,DM1100 ExcelBand™ 50 bp DNA Ladder,bp,7,600,30,,16,http://www.smobio.com/Product-DNA-DM1100.html
SMOBIO,smobio.com,DM1100 ExcelBand™ 50 bp DNA Ladder,bp,8,500,100,reference band,16,http://www.smobio.com/Product-DNA-DM1100.html
SMOBIO,smobio.com,DM1100 ExcelBand™ 50 bp DNA Ladder,bp,9,450,35,,16,http://www.smobio.com/Product-DNA-DM1100.html
SMOBIO,smobio.com,DM1100 ExcelBand™ 50 bp DNA Ladder,bp,10,400,41,,16,http://www.smobio.com/Product-DNA-DM1100.html
SMOBIO,smobio.com,DM1100 ExcelBand™ 50 bp DNA Ladder,bp,11,350,27,,16,http://www.smobio.com/Product-DNA-DM1100.html
SMOBIO,smobio.com,DM1100 ExcelBand™ 50 bp DNA Ladder,bp,12,300,30,,16,http://www.smobio.com/Product-DNA-DM1100.html
SMOBIO,smobio.com,DM1100 ExcelBand™ 50 bp DNA Ladder,bp,13,250,38,,16,http://www.smobio.com/Product-DNA-DM1100.html
SMOBIO,smobio.com,DM1100 ExcelBand™ 50 bp DNA Ladder,bp,14,200,100,reference band,16,http://www.smobio.com/Product-DNA-DM1100.html
SMOBIO,smobio.com,DM1100 ExcelBand™ 50 bp DNA Ladder,bp,15,150,45,,16,http://www.smobio.com/Product-DNA-DM1100.html
SMOBIO,smobio.com,DM1100 ExcelBand™ 50 bp DNA Ladder,bp,16,100,41,,16,http://www.smobio.com/Product-DNA-DM1100.html
SMOBIO,smobio.com,DM1160 FluoroBand™ 50 bp Fluorescent DNA Ladder,bp,1,1500,60,,17,http://www.smobio.com/Product-DNA-DM1160.html
SMOBIO,smobio.com,DM1160 FluoroBand™ 50 bp Fluorescent DNA Ladder,bp,2,1200,53,,17,http://www.smobio.com/Product-DNA-DM1160.html
SMOBIO,smobio.com,DM1160 FluoroBand™ 50 bp Fluorescent DNA Ladder,bp,3,1000,50,,17,http://www.smobio.com/Product-DNA-DM1160.html
SMOBIO,smobio.com,DM1160 FluoroBand™ 50 bp Fluorescent DNA Ladder,bp,4,900,45,,17,http://www.smobio.com/Product-DNA-DM1160.html
SMOBIO,smobio.com,DM1160 FluoroBand™ 50 bp Fluorescent DNA Ladder,bp,5,800,41,,17,http://www.smobio.com/Product-DNA-DM1160.html
SMOBIO,smobio.com,DM1160 FluoroBand™ 50 bp Fluorescent DNA Ladder,bp,6,700,35,,17,http://www.smobio.com/Product-DNA-DM1160.html
SMOBIO,smobio.com,DM1160 FluoroBand™ 50 bp Fluorescent DNA Ladder,bp,7,600,30,,17,http://www.smobio.com/Product-DNA-DM1160.html
SMOBIO,smobio.com,DM1160 FluoroBand™ 50 bp Fluorescent DNA Ladder,bp,8,500,100,reference band,17,http://www.smobio.com/Product-DNA-DM1160.html
SMOBIO,smobio.com,DM1160 FluoroBand™ 50 bp Fluorescent DNA Ladder,bp,9,450,35,,17,http://www.smobio.com/Product-DNA-DM1160.html
SMOBIO,smobio.com,DM1160 FluoroBand™ 50 bp Fluorescent DNA Ladder,bp,10,400,41,,17,http://www.smobio.com/Product-DNA-DM1160.html
SMOBIO,smobio.com,DM1160 FluoroBand™ 50 bp Fluorescent DNA Ladder,bp,11,350,27,,17,http://www.smobio.com/Product-DNA-DM1160.html
SMOBIO,smobio.com,DM1160 FluoroBand™ 50 bp Fluorescent DNA Ladder,bp,12,300,30,,17,http://www.smobio.com/Product-DNA-DM1160.html
SMOBIO,smobio.com,DM1160 FluoroBand™ 50 bp Fluorescent DNA Ladder,bp,13,250,38,,17,http://www.smobio.com/Product-DNA-DM1160.html
SMOBIO,smobio.com,DM1160 FluoroBand™ 50 bp Fluorescent DNA Ladder,bp,14,200,100,reference band,17,http://www.smobio.com/Product-DNA-DM1160.html
SMOBIO,smobio.com,DM1160 FluoroBand™ 50 bp Fluorescent DNA Ladder,bp,15,150,45,,17,http://www.smobio.com/Product-DNA-DM1160.html
SMOBIO,smobio.com,DM1160 FluoroBand™ 50 bp Fluorescent DNA Ladder,bp,16,100,41,,17,http://www.smobio.com/Product-DNA-DM1160.html
SMOBIO,smobio.com,DM1160 FluoroBand™ 50 bp Fluorescent DNA Ladder,bp,17,50,45,,17,http://www.smobio.com/Product-DNA-DM1160.html
SMOBIO,smobio.com,DM1200 AccuBand™ 50 bp DNA Ladder II,bp,1,1000,40,,13,http://www.smobio.com/Product-DNA-DM1200.html
SMOBIO,smobio.com,DM1200 AccuBand™ 50 bp DNA Ladder II,bp,2,900,36,,13,http://www.smobio.com/Product-DNA-DM1200.html
SMOBIO,smobio.com,DM1200 AccuBand™ 50 bp DNA Ladder II,bp,3,800,32,,13,http://www.smobio.com/Product-DNA-DM1200.html
SMOBIO,smobio.com,DM1200 AccuBand™ 50 bp DNA Ladder II,bp,4,700,28,,13,http://www.smobio.com/Product-DNA-DM1200.html
SMOBIO,smobio.com,DM1200 AccuBand™ 50 bp DNA Ladder II,bp,5,600,24,,13,http://www.smobio.com/Product-DNA-DM1200.html
SMOBIO,smobio.com,DM1200 AccuBand™ 50 bp DNA Ladder II,bp,6,500,80,reference band,13,http://www.smobio.com/Product-DNA-DM1200.html
SMOBIO,smobio.com,DM1200 AccuBand™ 50 bp DNA Ladder II,bp,7,400,48,,13,http://www.smobio.com/Product-DNA-DM1200.html
SMOBIO,smobio.com,DM1200 AccuBand™ 50 bp DNA Ladder II,bp,8,300,48,,13,http://www.smobio.com/Product-DNA-DM1200.html
SMOBIO,smobio.com,DM1200 AccuBand™ 50 bp DNA Ladder II,bp,9,250,75,reference band,13,http://www.smobio.com/Product-DNA-DM1200.html
SMOBIO,smobio.com,DM1200 AccuBand™ 50 bp DNA Ladder II,bp,10,200,36,,13,http://www.smobio.com/Product-DNA-DM1200.html
SMOBIO,smobio.com,DM1200 AccuBand™ 50 bp DNA Ladder II,bp,11,150,36,,13,http://www.smobio.com/Product-DNA-DM1200.html
SMOBIO,smobio.com,DM1200 AccuBand™ 50 bp DNA Ladder II,bp,12,100,36,,13,http://www.smobio.com/Product-DNA-DM1200.html
SMOBIO,smobio.com,DM1200 AccuBand™ 50 bp DNA Ladder II,bp,13,50,36,,13,http://www.smobio.com/Product-DNA-DM1200.html
SMOBIO,smobio.com,DM2000 AccuBand™ 100 bp DNA Marker II,bp,1,2000,50,,6,http://www.smobio.com/Product-DNA-DM2000.html
SMOBIO,smobio.com,DM2000 AccuBand™ 100 bp DNA Marker II,bp,2,1000,50,,6,http://www.smobio.com/Product-DNA-DM2000.html
SMOBIO,smobio.com,DM2000 AccuBand™ 100 bp DNA Marker II,bp,3,750,150,reference band,6,http://www.smobio.com/Product-DNA-DM2000.html
SMOBIO,smobio.com,DM2000 AccuBand™ 100 bp DNA Marker II,bp,4,500,50,,6,http://www.smobio.com/Product-DNA-DM2000.html
SMOBIO,smobio.com,DM2000 AccuBand™ 100 bp DNA Marker II,bp,5,250,75,,6,http://www.smobio.com/Product-DNA-DM2000.html
SMOBIO,smobio.com,DM2000 AccuBand™ 100 bp DNA Marker II,bp,6,100,80,,6,http://www.smobio.com/Product-DNA-DM2000.html
SMOBIO,smobio.com,DM2100 ExcelBand™ 100 bp DNA Ladder,bp,1,1500,73,reference band,11,http://www.smobio.com/Product-DNA-DM2100.html
SMOBIO,smobio.com,DM2100 ExcelBand™ 100 bp DNA Ladder,bp,2,1000,50,,11,http://www.smobio.com/Product-DNA-DM2100.html
SMOBIO,smobio.com,DM2100 ExcelBand™ 100 bp DNA Ladder,bp,3,900,40,,11,http://www.smobio.com/Product-DNA-DM2100.html
SMOBIO,smobio.com,DM2100 ExcelBand™ 100 bp DNA Ladder,bp,4,800,40,,11,http://www.smobio.com/Product-DNA-DM2100.html
SMOBIO,smobio.com,DM2100 ExcelBand™ 100 bp DNA Ladder,bp,5,700,28,,11,http://www.smobio.com/Product-DNA-DM2100.html
SMOBIO,smobio.com,DM2100 ExcelBand™ 100 bp DNA Ladder,bp,6,600,30,,11,http://www.smobio.com/Product-DNA-DM2100.html
SMOBIO,smobio.com,DM2100 ExcelBand™ 100 bp DNA Ladder,bp,7,500,85,reference band,11,http://www.smobio.com/Product-DNA-DM2100.html
SMOBIO,smobio.com,DM2100 ExcelBand™ 100 bp DNA Ladder,bp,8,400,40,,11,http://www.smobio.com/Product-DNA-DM2100.html
SMOBIO,smobio.com,DM2100 ExcelBand™ 100 bp DNA Ladder,bp,9,300,35,,11,http://www.smobio.com/Product-DNA-DM2100.html
SMOBIO,smobio.com,DM2100 ExcelBand™ 100 bp DNA Ladder,bp,10,200,40,,11,http://www.smobio.com/Product-DNA-DM2100.html
SMOBIO,smobio.com,DM2100 ExcelBand™ 100 bp DNA Ladder,bp,11,100,40,,11,http://www.smobio.com/Product-DNA-DM2100.html
SMOBIO,smobio.com,DM2160 FluoroBand™ 100 bp Fluorescent DNA Ladder,bp,1,1500,73,reference band,11,http://www.smobio.com/Product-DNA-DM2160.html
SMOBIO,smobio.com,DM2160 FluoroBand™ 100 bp Fluorescent DNA Ladder,bp,2,1000,50,,11,http://www.smobio.com/Product-DNA-DM2160.html
SMOBIO,smobio.com,DM2160 FluoroBand™ 100 bp Fluorescent DNA Ladder,bp,3,900,40,,11,http://www.smobio.com/Product-DNA-DM2160.html
SMOBIO,smobio.com,DM2160 FluoroBand™ 100 bp Fluorescent DNA Ladder,bp,4,800,40,,11,http://www.smobio.com/Product-DNA-DM2160.html
SMOBIO,smobio.com,DM2160 FluoroBand™ 100 bp Fluorescent DNA Ladder,bp,5,700,28,,11,http://www.smobio.com/Product-DNA-DM2160.html
SMOBIO,smobio.com,DM2160 FluoroBand™ 100 bp Fluorescent DNA Ladder,bp,6,600,30,,11,http://www.smobio.com/Product-DNA-DM2160.html
SMOBIO,smobio.com,DM2160 FluoroBand™ 100 bp Fluorescent DNA Ladder,bp,7,500,85,reference band,11,http://www.smobio.com/Product-DNA-DM2160.html
SMOBIO,smobio.com,DM2160 FluoroBand™ 100 bp Fluorescent DNA Ladder,bp,8,400,40,,11,http://www.smobio.com/Product-DNA-DM2160.html
SMOBIO,smobio.com,DM2160 FluoroBand™ 100 bp Fluorescent DNA Ladder,bp,9,300,35,,11,http://www.smobio.com/Product-DNA-DM2160.html
SMOBIO,smobio.com,DM2160 FluoroBand™ 100 bp Fluorescent DNA Ladder,bp,10,200,40,,11,http://www.smobio.com/Product-DNA-DM2160.html
SMOBIO,smobio.com,DM2160 FluoroBand™ 100 bp Fluorescent DNA Ladder,bp,11,100,40,,11,http://www.smobio.com/Product-DNA-DM2160.html
SMOBIO,smobio.com,DM2200 AccuBand™ 100 bp DNA Ladder,bp,1,1000,50,,10,http://www.smobio.com/Product-DNA-DM2200.html
SMOBIO,smobio.com,DM2200 AccuBand™ 100 bp DNA Ladder,bp,2,900,45,,10,http://www.smobio.com/Product-DNA-DM2200.html
SMOBIO,smobio.com,DM2200 AccuBand™ 100 bp DNA Ladder,bp,3,800,40,,10,http://www.smobio.com/Product-DNA-DM2200.html
SMOBIO,smobio.com,DM2200 AccuBand™ 100 bp DNA Ladder,bp,4,700,35,,10,http://www.smobio.com/Product-DNA-DM2200.html
SMOBIO,smobio.com,DM2200 AccuBand™ 100 bp DNA Ladder,bp,5,600,30,,10,http://www.smobio.com/Product-DNA-DM2200.html
SMOBIO,smobio.com,DM2200 AccuBand™ 100 bp DNA Ladder,bp,6,500,100,reference band,10,http://www.smobio.com/Product-DNA-DM2200.html
SMOBIO,smobio.com,DM2200 AccuBand™ 100 bp DNA Ladder,bp,7,400,60,,10,http://www.smobio.com/Product-DNA-DM2200.html
SMOBIO,smobio.com,DM2200 AccuBand™ 100 bp DNA Ladder,bp,8,300,60,,10,http://www.smobio.com/Product-DNA-DM2200.html
SMOBIO,smobio.com,DM2200 AccuBand™ 100 bp DNA Ladder,bp,9,200,40,,10,http://www.smobio.com/Product-DNA-DM2200.html
SMOBIO,smobio.com,DM2200 AccuBand™ 100 bp DNA Ladder,bp,10,100,40,,10,http://www.smobio.com/Product-DNA-DM2200.html
SMOBIO,smobio.com,DM2300 ExcelBand™ 100 bp + 3K DNA Ladder,bp,1,3000,40,,12,http://www.smobio.com/Product-DNA-DM2300.html
SMOBIO,smobio.com,DM2300 ExcelBand™ 100 bp + 3K DNA Ladder,bp,2,1500,70,reference band,12,http://www.smobio.com/Product-DNA-DM2300.html
SMOBIO,smobio.com,DM2300 ExcelBand™ 100 bp + 3K DNA Ladder,bp,3,1000,50,,12,http://www.smobio.com/Product-DNA-DM2300.html
SMOBIO,smobio.com,DM2300 ExcelBand™ 100 bp + 3K DNA Ladder,bp,4,900,40,,12,http://www.smobio.com/Product-DNA-DM2300.html
SMOBIO,smobio.com,DM2300 ExcelBand™ 100 bp + 3K DNA Ladder,bp,5,800,40,,12,http://www.smobio.com/Product-DNA-DM2300.html
SMOBIO,smobio.com,DM2300 ExcelBand™ 100 bp + 3K DNA Ladder,bp,6,700,30,,12,http://www.smobio.com/Product-DNA-DM2300.html
SMOBIO,smobio.com,DM2300 ExcelBand™ 100 bp + 3K DNA Ladder,bp,7,600,30,,12,http://www.smobio.com/Product-DNA-DM2300.html
SMOBIO,smobio.com,DM2300 ExcelBand™ 100 bp + 3K DNA Ladder,bp,8,500,90,reference band,12,http://www.smobio.com/Product-DNA-DM2300.html
SMOBIO,smobio.com,DM2300 ExcelBand™ 100 bp + 3K DNA Ladder,bp,9,400,40,,12,http://www.smobio.com/Product-DNA-DM2300.html
SMOBIO,smobio.com,DM2300 ExcelBand™ 100 bp + 3K DNA Ladder,bp,10,300,30,,12,http://www.smobio.com/Product-DNA-DM2300.html
SMOBIO,smobio.com,DM2300 ExcelBand™ 100 bp + 3K DNA Ladder,bp,11,200,40,,12,http://www.smobio.com/Product-DNA-DM2300.html
SMOBIO,smobio.com,DM2300 ExcelBand™ 100 bp + 3K DNA Ladder,bp,12,100,40,,12,http://www.smobio.com/Product-DNA-DM2300.html
SMOBIO,smobio.com,DM2360 FluoroBand™ 100 bp + 3K Fluorescent DNA Ladder,bp,1,3000,40,,12,http://www.smobio.com/Product-DNA-DM2360.html
SMOBIO,smobio.com,DM2360 FluoroBand™ 100 bp + 3K Fluorescent DNA Ladder,bp,2,1500,70,reference band,12,http://www.smobio.com/Product-DNA-DM2360.html
SMOBIO,smobio.com,DM2360 FluoroBand™ 100 bp + 3K Fluorescent DNA Ladder,bp,3,1000,50,,12,http://www.smobio.com/Product-DNA-DM2360.html
SMOBIO,smobio.com,DM2360 FluoroBand™ 100 bp + 3K Fluorescent DNA Ladder,bp,4,900,40,,12,http://www.smobio.com/Product-DNA-DM2360.html
SMOBIO,smobio.com,DM2360 FluoroBand™ 100 bp + 3K Fluorescent DNA Ladder,bp,5,800,40,,12,http://www.smobio.com/Product-DNA-DM2360.html
SMOBIO,smobio.com,DM2360 FluoroBand™ 100 bp + 3K Fluorescent DNA Ladder,bp,6,700,30,,12,http://www.smobio.com/Product-DNA-DM2360.html
SMOBIO,smobio.com,DM2360 FluoroBand™ 100 bp + 3K Fluorescent DNA Ladder,bp,7,600,30,,12,http://www.smobio.com/Product-DNA-DM2360.html
SMOBIO,smobio.com,DM2360 FluoroBand™ 100 bp + 3K Fluorescent DNA Ladder,bp,8,500,90,reference band,12,http://www.smobio.com/Product-DNA-DM2360.html
SMOBIO,smobio.com,DM2360 FluoroBand™ 100 bp + 3K Fluorescent DNA Ladder,bp,9,400,40,,12,http://www.smobio.com/Product-DNA-DM2360.html
SMOBIO,smobio.com,DM2360 FluoroBand™ 100 bp + 3K Fluorescent DNA Ladder,bp,10,300,30,,12,http://www.smobio.com/Product-DNA-DM2360.html
SMOBIO,smobio.com,DM2360 FluoroBand™ 100 bp + 3K Fluorescent DNA Ladder,bp,11,200,40,,12,http://www.smobio.com/Product-DNA-DM2360.html
SMOBIO,smobio.com,DM2360 FluoroBand™ 100 bp + 3K Fluorescent DNA Ladder,bp,12,100,40,,12,http://www.smobio.com/Product-DNA-DM2360.html
SMOBIO,smobio.com,DM2400 AccuBand™ 100 bp + 3K DNA Ladder II,bp,1,3000,45,,14,http://www.smobio.com/Product-DNA-DM2400.html
SMOBIO,smobio.com,DM2400 AccuBand™ 100 bp + 3K DNA Ladder II,bp,2,2000,30,,14,http://www.smobio.com/Product-DNA-DM2400.html
SMOBIO,smobio.com,DM2400 AccuBand™ 100 bp + 3K DNA Ladder II,bp,3,1500,45,,14,http://www.smobio.com/Product-DNA-DM2400.html
SMOBIO,smobio.com,DM2400 AccuBand™ 100 bp + 3K DNA Ladder II,bp,4,1200,36,,14,http://www.smobio.com/Product-DNA-DM2400.html
SMOBIO,smobio.com,DM2400 AccuBand™ 100 bp + 3K DNA Ladder II,bp,5,1000,120,reference band,14,http://www.smobio.com/Product-DNA-DM2400.html
SMOBIO,smobio.com,DM2400 AccuBand™ 100 bp + 3K DNA Ladder II,bp,6,900,54,,14,http://www.smobio.com/Product-DNA-DM2400.html
SMOBIO,smobio.com,DM2400 AccuBand™ 100 bp + 3K DNA Ladder II,bp,7,800,48,,14,http://www.smobio.com/Product-DNA-DM2400.html
SMOBIO,smobio.com,DM2400 AccuBand™ 100 bp + 3K DNA Ladder II,bp,8,700,42,,14,http://www.smobio.com/Product-DNA-DM2400.html
SMOBIO,smobio.com,DM2400 AccuBand™ 100 bp + 3K DNA Ladder II,bp,9,600,36,,14,http://www.smobio.com/Product-DNA-DM2400.html
SMOBIO,smobio.com,DM2400 AccuBand™ 100 bp + 3K DNA Ladder II,bp,10,500,120,reference band,14,http://www.smobio.com/Product-DNA-DM2400.html
SMOBIO,smobio.com,DM2400 AccuBand™ 100 bp + 3K DNA Ladder II,bp,11,400,72,,14,http://www.smobio.com/Product-DNA-DM2400.html
SMOBIO,smobio.com,DM2400 AccuBand™ 100 bp + 3K DNA Ladder II,bp,12,300,72,,14,http://www.smobio.com/Product-DNA-DM2400.html
SMOBIO,smobio.com,DM2400 AccuBand™ 100 bp + 3K DNA Ladder II,bp,13,200,48,,14,http://www.smobio.com/Product-DNA-DM2400.html
SMOBIO,smobio.com,DM2400 AccuBand™ 100 bp + 3K DNA Ladder II,bp,14,100,48,,14,http://www.smobio.com/Product-DNA-DM2400.html
SMOBIO,smobio.com,DM3100 ExcelBand™ 1 KB DNA Ladder,bp,1,10000,28,,13,http://www.smobio.com/Product-DNA-DM3100.html
SMOBIO,smobio.com,DM3100 ExcelBand™ 1 KB DNA Ladder,bp,2,8000,28,,13,http://www.smobio.com/Product-DNA-DM3100.html
SMOBIO,smobio.com,DM3100 ExcelBand™ 1 KB DNA Ladder,bp,3,6000,28,,13,http://www.smobio.com/Product-DNA-DM3100.html
SMOBIO,smobio.com,DM3100 ExcelBand™ 1 KB DNA Ladder,bp,4,5000,28,,13,http://www.smobio.com/Product-DNA-DM3100.html
SMOBIO,smobio.com,DM3100 ExcelBand™ 1 KB DNA Ladder,bp,5,4000,18,,13,http://www.smobio.com/Product-DNA-DM3100.html
SMOBIO,smobio.com,DM3100 ExcelBand™ 1 KB DNA Ladder,bp,6,3000,92,reference band,13,http://www.smobio.com/Product-DNA-DM3100.html
SMOBIO,smobio.com,DM3100 ExcelBand™ 1 KB DNA Ladder,bp,7,2500,34,,13,http://www.smobio.com/Product-DNA-DM3100.html
SMOBIO,smobio.com,DM3100 ExcelBand™ 1 KB DNA Ladder,bp,8,2000,34,,13,http://www.smobio.com/Product-DNA-DM3100.html
SMOBIO,smobio.com,DM3100 ExcelBand™ 1 KB DNA Ladder,bp,9,1500,20,,13,http://www.smobio.com/Product-DNA-DM3100.html
SMOBIO,smobio.com,DM3100 ExcelBand™ 1 KB DNA Ladder,bp,10,1000,92,reference band,13,http://www.smobio.com/Product-DNA-DM3100.html
SMOBIO,smobio.com,DM3100 ExcelBand™ 1 KB DNA Ladder,bp,11,750,23,,13,http://www.smobio.com/Product-DNA-DM3100.html
SMOBIO,smobio.com,DM3100 ExcelBand™ 1 KB DNA Ladder,bp,12,500,30,,13,http://www.smobio.com/Product-DNA-DM3100.html
SMOBIO,smobio.com,DM3100 ExcelBand™ 1 KB DNA Ladder,bp,13,250,45,,13,http://www.smobio.com/Product-DNA-DM3100.html
SMOBIO,smobio.com,DM3160 FluoroBand™ 1 KB Fluorescent DNA Ladder,bp,1,10000,28,,13,http://www.smobio.com/Product-DNA-DM3160.html
SMOBIO,smobio.com,DM3160 FluoroBand™ 1 KB Fluorescent DNA Ladder,bp,2,8000,28,,13,http://www.smobio.com/Product-DNA-DM3160.html
SMOBIO,smobio.com,DM3160 FluoroBand™ 1 KB Fluorescent DNA Ladder,bp,3,6000,28,,13,http://www.smobio.com/Product-DNA-DM3160.html
SMOBIO,smobio.com,DM3160 FluoroBand™ 1 KB Fluorescent DNA Ladder,bp,4,5000,28,,13,http://www.smobio.com/Product-DNA-DM3160.html
SMOBIO,smobio.com,DM3160 FluoroBand™ 1 KB Fluorescent DNA Ladder,bp,5,4000,18,,13,http://www.smobio.com/Product-DNA-DM3160.html
SMOBIO,smobio.com,DM3160 FluoroBand™ 1 KB Fluorescent DNA Ladder,bp,6,3000,92,reference band,13,http://www.smobio.com/Product-DNA-DM3160.html
SMOBIO,smobio.com,DM3160 FluoroBand™ 1 KB Fluorescent DNA Ladder,bp,7,2500,34,,13,http://www.smobio.com/Product-DNA-DM3160.html
SMOBIO,smobio.com,DM3160 FluoroBand™ 1 KB Fluorescent DNA Ladder,bp,8,2000,34,,13,http://www.smobio.com/Product-DNA-DM3160.html
SMOBIO,smobio.com,DM3160 FluoroBand™ 1 KB Fluorescent DNA Ladder,bp,9,1500,20,,13,http://www.smobio.com/Product-DNA-DM3160.html
SMOBIO,smobio.com,DM3160 FluoroBand™ 1 KB Fluorescent DNA Ladder,bp,10,1000,92,reference band,13,http://www.smobio.com/Product-DNA-DM3160.html
SMOBIO,smobio.com,DM3160 FluoroBand™ 1 KB Fluorescent DNA Ladder,bp,11,750,23,,13,http://www.smobio.com/Product-DNA-DM3160.html
SMOBIO,smobio.com,DM3160 FluoroBand™ 1 KB Fluorescent DNA Ladder,bp,12,500,30,,13,http://www.smobio.com/Product-DNA-DM3160.html
SMOBIO,smobio.com,DM3160 FluoroBand™ 1 KB Fluorescent DNA Ladder,bp,13,250,45,,13,http://www.smobio.com/Product-DNA-DM3160.html
SMOBIO,smobio.com,DM3200 ExcelBand™ 1 KB Plus DNA Ladder,bp,1,10000,25,,19,http://www.smobio.com/Product-DNA-DM3200.html
SMOBIO,smobio.com,DM3200 ExcelBand™ 1 KB Plus DNA Ladder,bp,2,8000,25,,19,http://www.smobio.com/Product-DNA-DM3200.html
SMOBIO,smobio.com,DM3200 ExcelBand™ 1 KB Plus DNA Ladder,bp,3,6000,25,,19,http://www.smobio.com/Product-DNA-DM3200.html
SMOBIO,smobio.com,DM3200 ExcelBand™ 1 KB Plus DNA Ladder,bp,4,5000,25,,19,http://www.smobio.com/Product-DNA-DM3200.html
SMOBIO,smobio.com,DM3200 ExcelBand™ 1 KB Plus DNA Ladder,bp,5,4000,20,,19,http://www.smobio.com/Product-DNA-DM3200.html
SMOBIO,smobio.com,DM3200 ExcelBand™ 1 KB Plus DNA Ladder,bp,6,3000,140,reference band,19,http://www.smobio.com/Product-DNA-DM3200.html
SMOBIO,smobio.com,DM3200 ExcelBand™ 1 KB Plus DNA Ladder,bp,7,2500,35,,19,http://www.smobio.com/Product-DNA-DM3200.html
SMOBIO,smobio.com,DM3200 ExcelBand™ 1 KB Plus DNA Ladder,bp,8,2000,35,,19,http://www.smobio.com/Product-DNA-DM3200.html
SMOBIO,smobio.com,DM3200 ExcelBand™ 1 KB Plus DNA Ladder,bp,9,1500,90,reference band,19,http://www.smobio.com/Product-DNA-DM3200.html
SMOBIO,smobio.com,DM3200 ExcelBand™ 1 KB Plus DNA Ladder,bp,10,1000,50,,19,http://www.smobio.com/Product-DNA-DM3200.html
SMOBIO,smobio.com,DM3200 ExcelBand™ 1 KB Plus DNA Ladder,bp,11,900,45,,19,http://www.smobio.com/Product-DNA-DM3200.html
SMOBIO,smobio.com,DM3200 ExcelBand™ 1 KB Plus DNA Ladder,bp,12,800,30,,19,http://www.smobio.com/Product-DNA-DM3200.html
SMOBIO,smobio.com,DM3200 ExcelBand™ 1 KB Plus DNA Ladder,bp,13,700,35,,19,http://www.smobio.com/Product-DNA-DM3200.html
SMOBIO,smobio.com,DM3200 ExcelBand™ 1 KB Plus DNA Ladder,bp,14,600,30,,19,http://www.smobio.com/Product-DNA-DM3200.html
SMOBIO,smobio.com,DM3200 ExcelBand™ 1 KB Plus DNA Ladder,bp,15,500,90,reference band,19,http://www.smobio.com/Product-DNA-DM3200.html
SMOBIO,smobio.com,DM3200 ExcelBand™ 1 KB Plus DNA Ladder,bp,16,400,40,,19,http://www.smobio.com/Product-DNA-DM3200.html
SMOBIO,smobio.com,DM3200 ExcelBand™ 1 KB Plus DNA Ladder,bp,17,300,35,,19,http://www.smobio.com/Product-DNA-DM3200.html
SMOBIO,smobio.com,DM3200 ExcelBand™ 1 KB Plus DNA Ladder,bp,18,200,40,,19,http://www.smobio.com/Product-DNA-DM3200.html
SMOBIO,smobio.com,DM3200 ExcelBand™ 1 KB Plus DNA Ladder,bp,19,100,40,,19,http://www.smobio.com/Product-DNA-DM3200.html
SMOBIO,smobio.com,DM3260 FluoroBand™ 1 KB Plus Fluorescent DNA Ladder,bp,1,10000,25,,19,http://www.smobio.com/Product-DNA-DM3260.html
SMOBIO,smobio.com,DM3260 FluoroBand™ 1 KB Plus Fluorescent DNA Ladder,bp,2,8000,25,,19,http://www.smobio.com/Product-DNA-DM3260.html
SMOBIO,smobio.com,DM3260 FluoroBand™ 1 KB Plus Fluorescent DNA Ladder,bp,3,6000,25,,19,http://www.smobio.com/Product-DNA-DM3260.html
SMOBIO,smobio.com,DM3260 FluoroBand™ 1 KB Plus Fluorescent DNA Ladder,bp,4,5000,25,,19,http://www.smobio.com/Product-DNA-DM3260.html
SMOBIO,smobio.com,DM3260 FluoroBand™ 1 KB Plus Fluorescent DNA Ladder,bp,5,4000,20,,19,http://www.smobio.com/Product-DNA-DM3260.html
SMOBIO,smobio.com,DM3260 FluoroBand™ 1 KB Plus Fluorescent DNA Ladder,bp,6,3000,140,reference band,19,http://www.smobio.com/Product-DNA-DM3260.html
SMOBIO,smobio.com,DM3260 FluoroBand™ 1 KB Plus Fluorescent DNA Ladder,bp,7,2500,35,,19,http://www.smobio.com/Product-DNA-DM3260.html
SMOBIO,smobio.com,DM3260 FluoroBand™ 1 KB Plus Fluorescent DNA Ladder,bp,8,2000,35,,19,http://www.smobio.com/Product-DNA-DM3260.html
SMOBIO,smobio.com,DM3260 FluoroBand™ 1 KB Plus Fluorescent DNA Ladder,bp,9,1500,90,reference band,19,http://www.smobio.com/Product-DNA-DM3260.html
SMOBIO,smobio.com,DM3260 FluoroBand™ 1 KB Plus Fluorescent DNA Ladder,bp,10,1000,50,,19,http://www.smobio.com/Product-DNA-DM3260.html
SMOBIO,smobio.com,DM3260 FluoroBand™ 1 KB Plus Fluorescent DNA Ladder,bp,11,900,45,,19,http://www.smobio.com/Product-DNA-DM3260.html
SMOBIO,smobio.com,DM3260 FluoroBand™ 1 KB Plus Fluorescent DNA Ladder,bp,12,800,30,,19,http://www.smobio.com/Product-DNA-DM3260.html
SMOBIO,smobio.com,DM3260 FluoroBand™ 1 KB Plus Fluorescent DNA Ladder,bp,13,700,40,,19,http://www.smobio.com/Product-DNA-DM3260.html
SMOBIO,smobio.com,DM3260 FluoroBand™ 1 KB Plus Fluorescent DNA Ladder,bp,14,600,30,,19,http://www.smobio.com/Product-DNA-DM3260.html
SMOBIO,smobio.com,DM3260 FluoroBand™ 1 KB Plus Fluorescent DNA Ladder,bp,15,500,100,reference band,19,http://www.smobio.com/Product-DNA-DM3260.html
SMOBIO,smobio.com,DM3260 FluoroBand™ 1 KB Plus Fluorescent DNA Ladder,bp,16,400,40,,19,http://www.smobio.com/Product-DNA-DM3260.html
SMOBIO,smobio.com,DM3260 FluoroBand™ 1 KB Plus Fluorescent DNA Ladder,bp,17,300,30,,19,http://www.smobio.com/Product-DNA-DM3260.html
SMOBIO,smobio.com,DM3260 FluoroBand™ 1 KB Plus Fluorescent DNA Ladder,bp,18,200,40,,19,http://www.smobio.com/Product-DNA-DM3260.html
SMOBIO,smobio.com,DM3260 FluoroBand™ 1 KB Plus Fluorescent DNA Ladder,bp,19,100,40,,19,http://www.smobio.com/Product-DNA-DM3260.html
SMOBIO,smobio.com,DM4100 ExcelBand™ XL 25 kb DNA Ladder,bp,1,25000,16,,14,http://www.smobio.com/Product-DNA-DM4100.html
SMOBIO,smobio.com,DM4100 ExcelBand™ XL 25 kb DNA Ladder,bp,2,10000,28,,14,http://www.smobio.com/Product-DNA-DM4100.html
SMOBIO,smobio.com,DM4100 ExcelBand™ XL 25 kb DNA Ladder,bp,3,8000,28,,14,http://www.smobio.com/Product-DNA-DM4100.html
SMOBIO,smobio.com,DM4100 ExcelBand™ XL 25 kb DNA Ladder,bp,4,6000,28,,14,http://www.smobio.com/Product-DNA-DM4100.html
SMOBIO,smobio.com,DM4100 ExcelBand™ XL 25 kb DNA Ladder,bp,5,5000,28,,14,http://www.smobio.com/Product-DNA-DM4100.html
SMOBIO,smobio.com,DM4100 ExcelBand™ XL 25 kb DNA Ladder,bp,6,4000,18,,14,http://www.smobio.com/Product-DNA-DM4100.html
SMOBIO,smobio.com,DM4100 ExcelBand™ XL 25 kb DNA Ladder,bp,7,3000,92,reference band,14,http://www.smobio.com/Product-DNA-DM4100.html
SMOBIO,smobio.com,DM4100 ExcelBand™ XL 25 kb DNA Ladder,bp,8,2500,34,,14,http://www.smobio.com/Product-DNA-DM4100.html
SMOBIO,smobio.com,DM4100 ExcelBand™ XL 25 kb DNA Ladder,bp,9,2000,34,,14,http://www.smobio.com/Product-DNA-DM4100.html
SMOBIO,smobio.com,DM4100 ExcelBand™ XL 25 kb DNA Ladder,bp,10,1500,20,,14,http://www.smobio.com/Product-DNA-DM4100.html
SMOBIO,smobio.com,DM4100 ExcelBand™ XL 25 kb DNA Ladder,bp,11,1000,92,,14,http://www.smobio.com/Product-DNA-DM4100.html
SMOBIO,smobio.com,DM4100 ExcelBand™ XL 25 kb DNA Ladder,bp,12,750,23,,14,http://www.smobio.com/Product-DNA-DM4100.html
SMOBIO,smobio.com,DM4100 ExcelBand™ XL 25 kb DNA Ladder,bp,13,500,30,,14,http://www.smobio.com/Product-DNA-DM4100.html
SMOBIO,smobio.com,DM4100 ExcelBand™ XL 25 kb DNA Ladder,bp,14,250,45,,14,http://www.smobio.com/Product-DNA-DM4100.html
SMOBIO,smobio.com,DM4160 FluoroBand™ XL 25 kb Fluorescent DNA Ladder,bp,1,25000,16,,14,http://www.smobio.com/Product-DNA-DM4160.html
SMOBIO,smobio.com,DM4160 FluoroBand™ XL 25 kb Fluorescent DNA Ladder,bp,2,10000,28,,14,http://www.smobio.com/Product-DNA-DM4160.html
SMOBIO,smobio.com,DM4160 FluoroBand™ XL 25 kb Fluorescent DNA Ladder,bp,3,8000,28,,14,http://www.smobio.com/Product-DNA-DM4160.html
SMOBIO,smobio.com,DM4160 FluoroBand™ XL 25 kb Fluorescent DNA Ladder,bp,4,6000,28,,14,http://www.smobio.com/Product-DNA-DM4160.html
SMOBIO,smobio.com,DM4160 FluoroBand™ XL 25 kb Fluorescent DNA Ladder,bp,5,5000,28,,14,http://www.smobio.com/Product-DNA-DM4160.html
SMOBIO,smobio.com,DM4160 FluoroBand™ XL 25 kb Fluorescent DNA Ladder,bp,6,4000,18,,14,http://www.smobio.com/Product-DNA-DM4160.html
SMOBIO,smobio.com,DM4160 FluoroBand™ XL 25 kb Fluorescent DNA Ladder,bp,7,3000,92,reference band,14,http://www.smobio.com/Product-DNA-DM4160.html
SMOBIO,smobio.com,DM4160 FluoroBand™ XL 25 kb Fluorescent DNA Ladder,bp,8,2500,34,,14,http://www.smobio.com/Product-DNA-DM4160.html
SMOBIO,smobio.com,DM4160 FluoroBand™ XL 25 kb Fluorescent DNA Ladder,bp,9,2000,34,,14,http://www.smobio.com/Product-DNA-DM4160.html
SMOBIO,smobio.com,DM4160 FluoroBand™ XL 25 kb Fluorescent DNA Ladder,bp,10,1500,20,,14,http://www.smobio.com/Product-DNA-DM4160.html
SMOBIO,smobio.com,DM4160 FluoroBand™ XL 25 kb Fluorescent DNA Ladder,bp,11,1000,92,reference band,14,http://www.smobio.com/Product-DNA-DM4160.html
SMOBIO,smobio.com,DM4160 FluoroBand™ XL 25 kb Fluorescent DNA Ladder,bp,12,750,23,,14,http://www.smobio.com/Product-DNA-DM4160.html
SMOBIO,smobio.com,DM4160 FluoroBand™ XL 25 kb Fluorescent DNA Ladder,bp,13,500,30,,14,http://www.smobio.com/Product-DNA-DM4160.html
SMOBIO,smobio.com,DM4160 FluoroBand™ XL 25 kb Fluorescent DNA Ladder,bp,14,250,45,,14,http://www.smobio.com/Product-DNA-DM4160.html
SMOBIO,smobio.com,DM5100 ExcelBand™ Super Range DNA Ladder,bp,1,25000,16,,26,http://www.smobio.com/Product-DNA-DM5100.html
SMOBIO,smobio.com,DM5100 ExcelBand™ Super Range DNA Ladder,bp,2,10000,28,,26,http://www.smobio.com/Product-DNA-DM5100.html
SMOBIO,smobio.com,DM5100 ExcelBand™ Super Range DNA Ladder,bp,3,8000,28,,26,http://www.smobio.com/Product-DNA-DM5100.html
SMOBIO,smobio.com,DM5100 ExcelBand™ Super Range DNA Ladder,bp,4,6000,28,,26,http://www.smobio.com/Product-DNA-DM5100.html
SMOBIO,smobio.com,DM5100 ExcelBand™ Super Range DNA Ladder,bp,5,5000,28,,26,http://www.smobio.com/Product-DNA-DM5100.html
SMOBIO,smobio.com,DM5100 ExcelBand™ Super Range DNA Ladder,bp,6,4000,18,,26,http://www.smobio.com/Product-DNA-DM5100.html
SMOBIO,smobio.com,DM5100 ExcelBand™ Super Range DNA Ladder,bp,7,3000,92,reference band,26,http://www.smobio.com/Product-DNA-DM5100.html
SMOBIO,smobio.com,DM5100 ExcelBand™ Super Range DNA Ladder,bp,8,2500,34,,26,http://www.smobio.com/Product-DNA-DM5100.html
SMOBIO,smobio.com,DM5100 ExcelBand™ Super Range DNA Ladder,bp,9,2000,34,,26,http://www.smobio.com/Product-DNA-DM5100.html
SMOBIO,smobio.com,DM5100 ExcelBand™ Super Range DNA Ladder,bp,10,1500,34,,26,http://www.smobio.com/Product-DNA-DM5100.html
SMOBIO,smobio.com,DM5100 ExcelBand™ Super Range DNA Ladder,bp,11,1200,80,reference band,26,http://www.smobio.com/Product-DNA-DM5100.html
SMOBIO,smobio.com,DM5100 ExcelBand™ Super Range DNA Ladder,bp,12,1000,33,,26,http://www.smobio.com/Product-DNA-DM5100.html
SMOBIO,smobio.com,DM5100 ExcelBand™ Super Range DNA Ladder,bp,13,900,30,,26,http://www.smobio.com/Product-DNA-DM5100.html
SMOBIO,smobio.com,DM5100 ExcelBand™ Super Range DNA Ladder,bp,14,800,27,,26,http://www.smobio.com/Product-DNA-DM5100.html
SMOBIO,smobio.com,DM5100 ExcelBand™ Super Range DNA Ladder,bp,15,700,23,,26,http://www.smobio.com/Product-DNA-DM5100.html
SMOBIO,smobio.com,DM5100 ExcelBand™ Super Range DNA Ladder,bp,16,600,20,,26,http://www.smobio.com/Product-DNA-DM5100.html
SMOBIO,smobio.com,DM5100 ExcelBand™ Super Range DNA Ladder,bp,17,500,67,reference band,26,http://www.smobio.com/Product-DNA-DM5100.html
SMOBIO,smobio.com,DM5100 ExcelBand™ Super Range DNA Ladder,bp,18,450,23,hidden,26,http://www.smobio.com/Product-DNA-DM5100.html
SMOBIO,smobio.com,DM5100 ExcelBand™ Super Range DNA Ladder,bp,19,400,27,,26,http://www.smobio.com/Product-DNA-DM5100.html
SMOBIO,smobio.com,DM5100 ExcelBand™ Super Range DNA Ladder,bp,20,350,18,hidden,26,http://www.smobio.com/Product-DNA-DM5100.html
SMOBIO,smobio.com,DM5100 ExcelBand™ Super Range DNA Ladder,bp,21,300,20,,26,http://www.smobio.com/Product-DNA-DM5100.html
SMOBIO,smobio.com,DM5100 ExcelBand™ Super Range DNA Ladder,bp,22,250,25,hidden,26,http://www.smobio.com/Product-DNA-DM5100.html
SMOBIO,smobio.com,DM5100 ExcelBand™ Super Range DNA Ladder,bp,23,200,67,reference band,26,http://www.smobio.com/Product-DNA-DM5100.html
SMOBIO,smobio.com,DM5100 ExcelBand™ Super Range DNA Ladder,bp,24,150,30,hidden,26,http://www.smobio.com/Product-DNA-DM5100.html
SMOBIO,smobio.com,DM5100 ExcelBand™ Super Range DNA Ladder,bp,25,100,27,,26,http://www.smobio.com/Product-DNA-DM5100.html
SMOBIO,smobio.com,DM5100 ExcelBand™ Super Range DNA Ladder,bp,26,50,30,hidden,26,http://www.smobio.com/Product-DNA-DM5100.html
Solis BioDyne,sbd.ee,100 bp DNA Ladder,bp,1,3000,108,,12,https://www.sbd.ee/EN/products/dna_ladders/100_bp_dna_ladder_
Solis BioDyne,sbd.ee,100 bp DNA Ladder,bp,2,2000,147,,12,https://www.sbd.ee/EN/products/dna_ladders/100_bp_dna_ladder_
Solis BioDyne,sbd.ee,100 bp DNA Ladder,bp,3,1500,116,,12,https://www.sbd.ee/EN/products/dna_ladders/100_bp_dna_ladder_
Solis BioDyne,sbd.ee,100 bp DNA Ladder,bp,4,1000,77,,12,https://www.sbd.ee/EN/products/dna_ladders/100_bp_dna_ladder_
Solis BioDyne,sbd.ee,100 bp DNA Ladder,bp,5,800,62,,12,https://www.sbd.ee/EN/products/dna_ladders/100_bp_dna_ladder_
Solis BioDyne,sbd.ee,100 bp DNA Ladder,bp,6,700,54,,12,https://www.sbd.ee/EN/products/dna_ladders/100_bp_dna_ladder_
Solis BioDyne,sbd.ee,100 bp DNA Ladder,bp,7,600,46,,12,https://www.sbd.ee/EN/products/dna_ladders/100_bp_dna_ladder_
Solis BioDyne,sbd.ee,100 bp DNA Ladder,bp,8,500,150,reference band,12,https://www.sbd.ee/EN/products/dna_ladders/100_bp_dna_ladder_
Solis BioDyne,sbd.ee,100 bp DNA Ladder,bp,9,400,60,,12,https://www.sbd.ee/EN/products/dna_ladders/100_bp_dna_ladder_
Solis BioDyne,sbd.ee,100 bp DNA Ladder,bp,10,300,56,,12,https://www.sbd.ee/EN/products/dna_ladders/100_bp_dna_ladder_
Solis BioDyne,sbd.ee,100 bp DNA Ladder,bp,11,200,60,,12,https://www.sbd.ee/EN/products/dna_ladders/100_bp_dna_ladder_
Solis BioDyne,sbd.ee,100 bp DNA Ladder,bp,12,100,60,,12,https://www.sbd.ee/EN/products/dna_ladders/100_bp_dna_ladder_
Solis BioDyne,sbd.ee,1 kb DNA Ladder,bp,1,10000,80,,13,https://www.sbd.ee/EN/products/dna_ladders/1_kb_dna_ladder
Solis BioDyne,sbd.ee,1 kb DNA Ladder,bp,2,8000,80,,13,https://www.sbd.ee/EN/products/dna_ladders/1_kb_dna_ladder
Solis BioDyne,sbd.ee,1 kb DNA Ladder,bp,3,6000,80,,13,https://www.sbd.ee/EN/products/dna_ladders/1_kb_dna_ladder
Solis BioDyne,sbd.ee,1 kb DNA Ladder,bp,4,5000,80,,13,https://www.sbd.ee/EN/products/dna_ladders/1_kb_dna_ladder
Solis BioDyne,sbd.ee,1 kb DNA Ladder,bp,5,4000,80,,13,https://www.sbd.ee/EN/products/dna_ladders/1_kb_dna_ladder
Solis BioDyne,sbd.ee,1 kb DNA Ladder,bp,6,3000,120,,13,https://www.sbd.ee/EN/products/dna_ladders/1_kb_dna_ladder
Solis BioDyne,sbd.ee,1 kb DNA Ladder,bp,7,2500,123,,13,https://www.sbd.ee/EN/products/dna_ladders/1_kb_dna_ladder
Solis BioDyne,sbd.ee,1 kb DNA Ladder,bp,8,2000,81,,13,https://www.sbd.ee/EN/products/dna_ladders/1_kb_dna_ladder
Solis BioDyne,sbd.ee,1 kb DNA Ladder,bp,9,1500,73,,13,https://www.sbd.ee/EN/products/dna_ladders/1_kb_dna_ladder
Solis BioDyne,sbd.ee,1 kb DNA Ladder,bp,10,1000,41,,13,https://www.sbd.ee/EN/products/dna_ladders/1_kb_dna_ladder
Solis BioDyne,sbd.ee,1 kb DNA Ladder,bp,11,700,57,,13,https://www.sbd.ee/EN/products/dna_ladders/1_kb_dna_ladder
Solis BioDyne,sbd.ee,1 kb DNA Ladder,bp,12,500,61,,13,https://www.sbd.ee/EN/products/dna_ladders/1_kb_dna_ladder
Solis BioDyne,sbd.ee,1 kb DNA Ladder,bp,13,300,44,,13,https://www.sbd.ee/EN/products/dna_ladders/1_kb_dna_ladder
TaKaRa,clontech.com,20 bp DNA ladder,bp,1,500,100,reference band,13,http://www.clontech.com/takara/US/Products/Molecular_Biology/Molecular_Biology_Reagents/Molecular_Weight_Markers/DNA_Molecular_Weight_Standard_Markers?sitex=10031:22372:US
TaKaRa,clontech.com,20 bp DNA ladder,bp,2,400,50,,13,http://www.clontech.com/takara/US/Products/Molecular_Biology/Molecular_Biology_Reagents/Molecular_Weight_Markers/DNA_Molecular_Weight_Standard_Markers?sitex=10031:22372:US
TaKaRa,clontech.com,20 bp DNA ladder,bp,3,300,50,,13,http://www.clontech.com/takara/US/Products/Molecular_Biology/Molecular_Biology_Reagents/Molecular_Weight_Markers/DNA_Molecular_Weight_Standard_Markers?sitex=10031:22372:US
TaKaRa,clontech.com,20 bp DNA ladder,bp,4,200,100,reference band,13,http://www.clontech.com/takara/US/Products/Molecular_Biology/Molecular_Biology_Reagents/Molecular_Weight_Markers/DNA_Molecular_Weight_Standard_Markers?sitex=10031:22372:US
TaKaRa,clontech.com,20 bp DNA ladder,bp,5,180,50,,13,http://www.clontech.com/takara/US/Products/Molecular_Biology/Molecular_Biology_Reagents/Molecular_Weight_Markers/DNA_Molecular_Weight_Standard_Markers?sitex=10031:22372:US
TaKaRa,clontech.com,20 bp DNA ladder,bp,6,160,50,,13,http://www.clontech.com/takara/US/Products/Molecular_Biology/Molecular_Biology_Reagents/Molecular_Weight_Markers/DNA_Molecular_Weight_Standard_Markers?sitex=10031:22372:US
TaKaRa,clontech.com,20 bp DNA ladder,bp,7,140,50,,13,http://www.clontech.com/takara/US/Products/Molecular_Biology/Molecular_Biology_Reagents/Molecular_Weight_Markers/DNA_Molecular_Weight_Standard_Markers?sitex=10031:22372:US
TaKaRa,clontech.com,20 bp DNA ladder,bp,8,120,50,,13,http://www.clontech.com/takara/US/Products/Molecular_Biology/Molecular_Biology_Reagents/Molecular_Weight_Markers/DNA_Molecular_Weight_Standard_Markers?sitex=10031:22372:US
TaKaRa,clontech.com,20 bp DNA ladder,bp,9,100,100,reference band,13,http://www.clontech.com/takara/US/Products/Molecular_Biology/Molecular_Biology_Reagents/Molecular_Weight_Markers/DNA_Molecular_Weight_Standard_Markers?sitex=10031:22372:US
TaKaRa,clontech.com,20 bp DNA ladder,bp,10,80,50,,13,http://www.clontech.com/takara/US/Products/Molecular_Biology/Molecular_Biology_Reagents/Molecular_Weight_Markers/DNA_Molecular_Weight_Standard_Markers?sitex=10031:22372:US
TaKaRa,clontech.com,20 bp DNA ladder,bp,11,60,50,,13,http://www.clontech.com/takara/US/Products/Molecular_Biology/Molecular_Biology_Reagents/Molecular_Weight_Markers/DNA_Molecular_Weight_Standard_Markers?sitex=10031:22372:US
TaKaRa,clontech.com,20 bp DNA ladder,bp,12,40,50,,13,http://www.clontech.com/takara/US/Products/Molecular_Biology/Molecular_Biology_Reagents/Molecular_Weight_Markers/DNA_Molecular_Weight_Standard_Markers?sitex=10031:22372:US
TaKaRa,clontech.com,20 bp DNA ladder,bp,13,20,50,,13,http://www.clontech.com/takara/US/Products/Molecular_Biology/Molecular_Biology_Reagents/Molecular_Weight_Markers/DNA_Molecular_Weight_Standard_Markers?sitex=10031:22372:US
TaKaRa,clontech.com,100 bp DNA Ladder,bp,1,1500,50,,11,http://www.clontech.com/takara/US/Products/Molecular_Biology/Molecular_Biology_Reagents/Molecular_Weight_Markers/DNA_Molecular_Weight_Standard_Markers?sitex=10031:22372:US
TaKaRa,clontech.com,100 bp DNA Ladder,bp,2,1000,50,,11,http://www.clontech.com/takara/US/Products/Molecular_Biology/Molecular_Biology_Reagents/Molecular_Weight_Markers/DNA_Molecular_Weight_Standard_Markers?sitex=10031:22372:US
TaKaRa,clontech.com,100 bp DNA Ladder,bp,3,900,50,,11,http://www.clontech.com/takara/US/Products/Molecular_Biology/Molecular_Biology_Reagents/Molecular_Weight_Markers/DNA_Molecular_Weight_Standard_Markers?sitex=10031:22372:US
TaKaRa,clontech.com,100 bp DNA Ladder,bp,4,800,50,,11,http://www.clontech.com/takara/US/Products/Molecular_Biology/Molecular_Biology_Reagents/Molecular_Weight_Markers/DNA_Molecular_Weight_Standard_Markers?sitex=10031:22372:US
TaKaRa,clontech.com,100 bp DNA Ladder,bp,5,700,50,,11,http://www.clontech.com/takara/US/Products/Molecular_Biology/Molecular_Biology_Reagents/Molecular_Weight_Markers/DNA_Molecular_Weight_Standard_Markers?sitex=10031:22372:US
TaKaRa,clontech.com,100 bp DNA Ladder,bp,6,600,50,,11,http://www.clontech.com/takara/US/Products/Molecular_Biology/Molecular_Biology_Reagents/Molecular_Weight_Markers/DNA_Molecular_Weight_Standard_Markers?sitex=10031:22372:US
TaKaRa,clontech.com,100 bp DNA Ladder,bp,7,500,150,reference band,11,http://www.clontech.com/takara/US/Products/Molecular_Biology/Molecular_Biology_Reagents/Molecular_Weight_Markers/DNA_Molecular_Weight_Standard_Markers?sitex=10031:22372:US
TaKaRa,clontech.com,100 bp DNA Ladder,bp,8,400,50,,11,http://www.clontech.com/takara/US/Products/Molecular_Biology/Molecular_Biology_Reagents/Molecular_Weight_Markers/DNA_Molecular_Weight_Standard_Markers?sitex=10031:22372:US
TaKaRa,clontech.com,100 bp DNA Ladder,bp,9,300,50,,11,http://www.clontech.com/takara/US/Products/Molecular_Biology/Molecular_Biology_Reagents/Molecular_Weight_Markers/DNA_Molecular_Weight_Standard_Markers?sitex=10031:22372:US
TaKaRa,clontech.com,100 bp DNA Ladder,bp,10,200,50,,11,http://www.clontech.com/takara/US/Products/Molecular_Biology/Molecular_Biology_Reagents/Molecular_Weight_Markers/DNA_Molecular_Weight_Standard_Markers?sitex=10031:22372:US
TaKaRa,clontech.com,100 bp DNA Ladder,bp,11,100,50,,11,http://www.clontech.com/takara/US/Products/Molecular_Biology/Molecular_Biology_Reagents/Molecular_Weight_Markers/DNA_Molecular_Weight_Standard_Markers?sitex=10031:22372:US
TaKaRa,clontech.com,200 bp DNA Ladder,bp,1,4000,50,,13,http://www.clontech.com/takara/US/Products/Molecular_Biology/Molecular_Biology_Reagents/Molecular_Weight_Markers/DNA_Molecular_Weight_Standard_Markers?sitex=10031:22372:US
TaKaRa,clontech.com,200 bp DNA Ladder,bp,2,3000,50,,13,http://www.clontech.com/takara/US/Products/Molecular_Biology/Molecular_Biology_Reagents/Molecular_Weight_Markers/DNA_Molecular_Weight_Standard_Markers?sitex=10031:22372:US
TaKaRa,clontech.com,200 bp DNA Ladder,bp,3,2500,50,,13,http://www.clontech.com/takara/US/Products/Molecular_Biology/Molecular_Biology_Reagents/Molecular_Weight_Markers/DNA_Molecular_Weight_Standard_Markers?sitex=10031:22372:US
TaKaRa,clontech.com,200 bp DNA Ladder,bp,4,2000,100,reference band,13,http://www.clontech.com/takara/US/Products/Molecular_Biology/Molecular_Biology_Reagents/Molecular_Weight_Markers/DNA_Molecular_Weight_Standard_Markers?sitex=10031:22372:US
TaKaRa,clontech.com,200 bp DNA Ladder,bp,5,1800,50,,13,http://www.clontech.com/takara/US/Products/Molecular_Biology/Molecular_Biology_Reagents/Molecular_Weight_Markers/DNA_Molecular_Weight_Standard_Markers?sitex=10031:22372:US
TaKaRa,clontech.com,200 bp DNA Ladder,bp,6,1600,50,,13,http://www.clontech.com/takara/US/Products/Molecular_Biology/Molecular_Biology_Reagents/Molecular_Weight_Markers/DNA_Molecular_Weight_Standard_Markers?sitex=10031:22372:US
TaKaRa,clontech.com,200 bp DNA Ladder,bp,7,1400,50,,13,http://www.clontech.com/takara/US/Products/Molecular_Biology/Molecular_Biology_Reagents/Molecular_Weight_Markers/DNA_Molecular_Weight_Standard_Markers?sitex=10031:22372:US
TaKaRa,clontech.com,200 bp DNA Ladder,bp,8,1200,50,,13,http://www.clontech.com/takara/US/Products/Molecular_Biology/Molecular_Biology_Reagents/Molecular_Weight_Markers/DNA_Molecular_Weight_Standard_Markers?sitex=10031:22372:US
TaKaRa,clontech.com,200 bp DNA Ladder,bp,9,1000,100,reference band,13,http://www.clontech.com/takara/US/Products/Molecular_Biology/Molecular_Biology_Reagents/Molecular_Weight_Markers/DNA_Molecular_Weight_Standard_Markers?sitex=10031:22372:US
TaKaRa,clontech.com,200 bp DNA Ladder,bp,10,800,50,,13,http://www.clontech.com/takara/US/Products/Molecular_Biology/Molecular_Biology_Reagents/Molecular_Weight_Markers/DNA_Molecular_Weight_Standard_Markers?sitex=10031:22372:US
TaKaRa,clontech.com,200 bp DNA Ladder,bp,11,600,50,,13,http://www.clontech.com/takara/US/Products/Molecular_Biology/Molecular_Biology_Reagents/Molecular_Weight_Markers/DNA_Molecular_Weight_Standard_Markers?sitex=10031:22372:US
TaKaRa,clontech.com,200 bp DNA Ladder,bp,12,400,50,,13,http://www.clontech.com/takara/US/Products/Molecular_Biology/Molecular_Biology_Reagents/Molecular_Weight_Markers/DNA_Molecular_Weight_Standard_Markers?sitex=10031:22372:US
TaKaRa,clontech.com,200 bp DNA Ladder,bp,13,200,50,,13,http://www.clontech.com/takara/US/Products/Molecular_Biology/Molecular_Biology_Reagents/Molecular_Weight_Markers/DNA_Molecular_Weight_Standard_Markers?sitex=10031:22372:US
TaKaRa,clontech.com,250 bp DNA Ladder,bp,1,4500,75,,8,http://www.clontech.com/takara/US/Products/Molecular_Biology/Molecular_Biology_Reagents/Molecular_Weight_Markers/DNA_Molecular_Weight_Standard_Markers?sitex=10031:22372:US
TaKaRa,clontech.com,250 bp DNA Ladder,bp,2,3000,75,,8,http://www.clontech.com/takara/US/Products/Molecular_Biology/Molecular_Biology_Reagents/Molecular_Weight_Markers/DNA_Molecular_Weight_Standard_Markers?sitex=10031:22372:US
TaKaRa,clontech.com,250 bp DNA Ladder,bp,3,2250,75,,8,http://www.clontech.com/takara/US/Products/Molecular_Biology/Molecular_Biology_Reagents/Molecular_Weight_Markers/DNA_Molecular_Weight_Standard_Markers?sitex=10031:22372:US
TaKaRa,clontech.com,250 bp DNA Ladder,bp,4,1500,75,,8,http://www.clontech.com/takara/US/Products/Molecular_Biology/Molecular_Biology_Reagents/Molecular_Weight_Markers/DNA_Molecular_Weight_Standard_Markers?sitex=10031:22372:US
TaKaRa,clontech.com,250 bp DNA Ladder,bp,5,1000,150,reference band,8,http://www.clontech.com/takara/US/Products/Molecular_Biology/Molecular_Biology_Reagents/Molecular_Weight_Markers/DNA_Molecular_Weight_Standard_Markers?sitex=10031:22372:US
TaKaRa,clontech.com,250 bp DNA Ladder,bp,6,750,75,,8,http://www.clontech.com/takara/US/Products/Molecular_Biology/Molecular_Biology_Reagents/Molecular_Weight_Markers/DNA_Molecular_Weight_Standard_Markers?sitex=10031:22372:US
TaKaRa,clontech.com,250 bp DNA Ladder,bp,7,500,75,,8,http://www.clontech.com/takara/US/Products/Molecular_Biology/Molecular_Biology_Reagents/Molecular_Weight_Markers/DNA_Molecular_Weight_Standard_Markers?sitex=10031:22372:US
TaKaRa,clontech.com,250 bp DNA Ladder,bp,8,250,75,,8,http://www.clontech.com/takara/US/Products/Molecular_Biology/Molecular_Biology_Reagents/Molecular_Weight_Markers/DNA_Molecular_Weight_Standard_Markers?sitex=10031:22372:US
TaKaRa,clontech.com,500 bp DNA Ladder,kb,1,5000,75,,10,http://www.clontech.com/takara/US/Products/Molecular_Biology/Molecular_Biology_Reagents/Molecular_Weight_Markers/DNA_Molecular_Weight_Standard_Markers?sitex=10031:22372:US
TaKaRa,clontech.com,500 bp DNA Ladder,kb,2,4500,75,,10,http://www.clontech.com/takara/US/Products/Molecular_Biology/Molecular_Biology_Reagents/Molecular_Weight_Markers/DNA_Molecular_Weight_Standard_Markers?sitex=10031:22372:US
TaKaRa,clontech.com,500 bp DNA Ladder,kb,3,4000,75,,10,http://www.clontech.com/takara/US/Products/Molecular_Biology/Molecular_Biology_Reagents/Molecular_Weight_Markers/DNA_Molecular_Weight_Standard_Markers?sitex=10031:22372:US
TaKaRa,clontech.com,500 bp DNA Ladder,kb,4,3500,75,,10,http://www.clontech.com/takara/US/Products/Molecular_Biology/Molecular_Biology_Reagents/Molecular_Weight_Markers/DNA_Molecular_Weight_Standard_Markers?sitex=10031:22372:US
TaKaRa,clontech.com,500 bp DNA Ladder,kb,5,3000,75,,10,http://www.clontech.com/takara/US/Products/Molecular_Biology/Molecular_Biology_Reagents/Molecular_Weight_Markers/DNA_Molecular_Weight_Standard_Markers?sitex=10031:22372:US
TaKaRa,clontech.com,500 bp DNA Ladder,kb,6,2500,75,,10,http://www.clontech.com/takara/US/Products/Molecular_Biology/Molecular_Biology_Reagents/Molecular_Weight_Markers/DNA_Molecular_Weight_Standard_Markers?sitex=10031:22372:US
TaKaRa,clontech.com,500 bp DNA Ladder,kb,7,2000,150,reference band,10,http://www.clontech.com/takara/US/Products/Molecular_Biology/Molecular_Biology_Reagents/Molecular_Weight_Markers/DNA_Molecular_Weight_Standard_Markers?sitex=10031:22372:US
TaKaRa,clontech.com,500 bp DNA Ladder,kb,8,1500,75,,10,http://www.clontech.com/takara/US/Products/Molecular_Biology/Molecular_Biology_Reagents/Molecular_Weight_Markers/DNA_Molecular_Weight_Standard_Markers?sitex=10031:22372:US
TaKaRa,clontech.com,500 bp DNA Ladder,kb,9,1000,75,,10,http://www.clontech.com/takara/US/Products/Molecular_Biology/Molecular_Biology_Reagents/Molecular_Weight_Markers/DNA_Molecular_Weight_Standard_Markers?sitex=10031:22372:US
TaKaRa,clontech.com,500 bp DNA Ladder,kb,10,500,75,,10,http://www.clontech.com/takara/US/Products/Molecular_Biology/Molecular_Biology_Reagents/Molecular_Weight_Markers/DNA_Molecular_Weight_Standard_Markers?sitex=10031:22372:US
TaKaRa,clontech.com,1 kb DNA Ladder,kb,1,10000,75,,10,http://www.clontech.com/takara/US/Products/Molecular_Biology/Molecular_Biology_Reagents/Molecular_Weight_Markers/DNA_Molecular_Weight_Standard_Markers?sitex=10031:22372:US
TaKaRa,clontech.com,1 kb DNA Ladder,kb,2,9000,75,,10,http://www.clontech.com/takara/US/Products/Molecular_Biology/Molecular_Biology_Reagents/Molecular_Weight_Markers/DNA_Molecular_Weight_Standard_Markers?sitex=10031:22372:US
TaKaRa,clontech.com,1 kb DNA Ladder,kb,3,8000,75,,10,http://www.clontech.com/takara/US/Products/Molecular_Biology/Molecular_Biology_Reagents/Molecular_Weight_Markers/DNA_Molecular_Weight_Standard_Markers?sitex=10031:22372:US
TaKaRa,clontech.com,1 kb DNA Ladder,kb,4,7000,75,,10,http://www.clontech.com/takara/US/Products/Molecular_Biology/Molecular_Biology_Reagents/Molecular_Weight_Markers/DNA_Molecular_Weight_Standard_Markers?sitex=10031:22372:US
TaKaRa,clontech.com,1 kb DNA Ladder,kb,5,6000,75,,10,http://www.clontech.com/takara/US/Products/Molecular_Biology/Molecular_Biology_Reagents/Molecular_Weight_Markers/DNA_Molecular_Weight_Standard_Markers?sitex=10031:22372:US
TaKaRa,clontech.com,1 kb DNA Ladder,kb,6,5000,150,reference band,10,http://www.clontech.com/takara/US/Products/Molecular_Biology/Molecular_Biology_Reagents/Molecular_Weight_Markers/DNA_Molecular_Weight_Standard_Markers?sitex=10031:22372:US
TaKaRa,clontech.com,1 kb DNA Ladder,kb,7,4000,75,,10,http://www.clontech.com/takara/US/Products/Molecular_Biology/Molecular_Biology_Reagents/Molecular_Weight_Markers/DNA_Molecular_Weight_Standard_Markers?sitex=10031:22372:US
TaKaRa,clontech.com,1 kb DNA Ladder,kb,8,3000,75,,10,http://www.clontech.com/takara/US/Products/Molecular_Biology/Molecular_Biology_Reagents/Molecular_Weight_Markers/DNA_Molecular_Weight_Standard_Markers?sitex=10031:22372:US
TaKaRa,clontech.com,1 kb DNA Ladder,kb,9,2000,75,,10,http://www.clontech.com/takara/US/Products/Molecular_Biology/Molecular_Biology_Reagents/Molecular_Weight_Markers/DNA_Molecular_Weight_Standard_Markers?sitex=10031:22372:US
TaKaRa,clontech.com,1 kb DNA Ladder,kb,10,1000,75,,10,http://www.clontech.com/takara/US/Products/Molecular_Biology/Molecular_Biology_Reagents/Molecular_Weight_Markers/DNA_Molecular_Weight_Standard_Markers?sitex=10031:22372:US
TaKaRa,clontech.com,2.5 kb DNA Ladder,kb,1,35000,50,,14,http://www.clontech.com/takara/US/Products/Molecular_Biology/Molecular_Biology_Reagents/Molecular_Weight_Markers/DNA_Molecular_Weight_Standard_Markers?sitex=10031:22372:US
TaKaRa,clontech.com,2.5 kb DNA Ladder,kb,2,32500,50,,14,http://www.clontech.com/takara/US/Products/Molecular_Biology/Molecular_Biology_Reagents/Molecular_Weight_Markers/DNA_Molecular_Weight_Standard_Markers?sitex=10031:22372:US
TaKaRa,clontech.com,2.5 kb DNA Ladder,kb,3,30000,50,,14,http://www.clontech.com/takara/US/Products/Molecular_Biology/Molecular_Biology_Reagents/Molecular_Weight_Markers/DNA_Molecular_Weight_Standard_Markers?sitex=10031:22372:US
TaKaRa,clontech.com,2.5 kb DNA Ladder,kb,4,27500,50,,14,http://www.clontech.com/takara/US/Products/Molecular_Biology/Molecular_Biology_Reagents/Molecular_Weight_Markers/DNA_Molecular_Weight_Standard_Markers?sitex=10031:22372:US
TaKaRa,clontech.com,2.5 kb DNA Ladder,kb,5,25000,50,,14,http://www.clontech.com/takara/US/Products/Molecular_Biology/Molecular_Biology_Reagents/Molecular_Weight_Markers/DNA_Molecular_Weight_Standard_Markers?sitex=10031:22372:US
TaKaRa,clontech.com,2.5 kb DNA Ladder,kb,6,22500,50,,14,http://www.clontech.com/takara/US/Products/Molecular_Biology/Molecular_Biology_Reagents/Molecular_Weight_Markers/DNA_Molecular_Weight_Standard_Markers?sitex=10031:22372:US
TaKaRa,clontech.com,2.5 kb DNA Ladder,kb,7,20000,50,,14,http://www.clontech.com/takara/US/Products/Molecular_Biology/Molecular_Biology_Reagents/Molecular_Weight_Markers/DNA_Molecular_Weight_Standard_Markers?sitex=10031:22372:US
TaKaRa,clontech.com,2.5 kb DNA Ladder,kb,8,17500,50,,14,http://www.clontech.com/takara/US/Products/Molecular_Biology/Molecular_Biology_Reagents/Molecular_Weight_Markers/DNA_Molecular_Weight_Standard_Markers?sitex=10031:22372:US
TaKaRa,clontech.com,2.5 kb DNA Ladder,kb,9,15000,50,,14,http://www.clontech.com/takara/US/Products/Molecular_Biology/Molecular_Biology_Reagents/Molecular_Weight_Markers/DNA_Molecular_Weight_Standard_Markers?sitex=10031:22372:US
TaKaRa,clontech.com,2.5 kb DNA Ladder,kb,10,12500,50,,14,http://www.clontech.com/takara/US/Products/Molecular_Biology/Molecular_Biology_Reagents/Molecular_Weight_Markers/DNA_Molecular_Weight_Standard_Markers?sitex=10031:22372:US
TaKaRa,clontech.com,2.5 kb DNA Ladder,kb,11,10000,100,reference band,14,http://www.clontech.com/takara/US/Products/Molecular_Biology/Molecular_Biology_Reagents/Molecular_Weight_Markers/DNA_Molecular_Weight_Standard_Markers?sitex=10031:22372:US
TaKaRa,clontech.com,2.5 kb DNA Ladder,kb,12,7500,50,,14,http://www.clontech.com/takara/US/Products/Molecular_Biology/Molecular_Biology_Reagents/Molecular_Weight_Markers/DNA_Molecular_Weight_Standard_Markers?sitex=10031:22372:US
TaKaRa,clontech.com,2.5 kb DNA Ladder,kb,13,5000,50,,14,http://www.clontech.com/takara/US/Products/Molecular_Biology/Molecular_Biology_Reagents/Molecular_Weight_Markers/DNA_Molecular_Weight_Standard_Markers?sitex=10031:22372:US
TaKaRa,clontech.com,2.5 kb DNA Ladder,kb,14,2500,50,,14,http://www.clontech.com/takara/US/Products/Molecular_Biology/Molecular_Biology_Reagents/Molecular_Weight_Markers/DNA_Molecular_Weight_Standard_Markers?sitex=10031:22372:US
TaKaRa,clontech.com,DL500 DNA Marker,bp,1,500,50,,7,https://www.takarabiomed.com.cn/Products/ProductsDetail?menuId=105
TaKaRa,clontech.com,DL500 DNA Marker,bp,2,400,50,,7,https://www.takarabiomed.com.cn/Products/ProductsDetail?menuId=105
TaKaRa,clontech.com,DL500 DNA Marker,bp,3,300,50,,7,https://www.takarabiomed.com.cn/Products/ProductsDetail?menuId=105
TaKaRa,clontech.com,DL500 DNA Marker,bp,4,200,150,reference band,7,https://www.takarabiomed.com.cn/Products/ProductsDetail?menuId=105
TaKaRa,clontech.com,DL500 DNA Marker,bp,5,150,50,,7,https://www.takarabiomed.com.cn/Products/ProductsDetail?menuId=105
TaKaRa,clontech.com,DL500 DNA Marker,bp,6,100,50,,7,https://www.takarabiomed.com.cn/Products/ProductsDetail?menuId=105
TaKaRa,clontech.com,DL500 DNA Marker,bp,7,50,50,,7,https://www.takarabiomed.com.cn/Products/ProductsDetail?menuId=105
TaKaRa,clontech.com,"DL1,000 DNA Marker",bp,1,1000,50,,7,https://www.takarabiomed.com.cn/Products/ProductsDetail?menuId=109
TaKaRa,clontech.com,"DL1,000 DNA Marker",bp,2,700,50,,7,https://www.takarabiomed.com.cn/Products/ProductsDetail?menuId=109
TaKaRa,clontech.com,"DL1,000 DNA Marker",bp,3,500,50,,7,https://www.takarabiomed.com.cn/Products/ProductsDetail?menuId=109
TaKaRa,clontech.com,"DL1,000 DNA Marker",bp,4,400,150,reference band,7,https://www.takarabiomed.com.cn/Products/ProductsDetail?menuId=109
TaKaRa,clontech.com,"DL1,000 DNA Marker",bp,5,300,50,,7,https://www.takarabiomed.com.cn/Products/ProductsDetail?menuId=109
TaKaRa,clontech.com,"DL1,000 DNA Marker",bp,6,200,50,,7,https://www.takarabiomed.com.cn/Products/ProductsDetail?menuId=109
TaKaRa,clontech.com,"DL1,000 DNA Marker",bp,7,100,50,,7,https://www.takarabiomed.com.cn/Products/ProductsDetail?menuId=109
TaKaRa,clontech.com,"DL2,000 DNA Marker",bp,1,2000,50,,6,https://www.takarabiomed.com.cn/Products/ProductsDetail?menuId=111
TaKaRa,clontech.com,"DL2,000 DNA Marker",bp,2,1000,50,,6,https://www.takarabiomed.com.cn/Products/ProductsDetail?menuId=111
TaKaRa,clontech.com,"DL2,000 DNA Marker",bp,3,750,150,reference band,6,https://www.takarabiomed.com.cn/Products/ProductsDetail?menuId=111
TaKaRa,clontech.com,"DL2,000 DNA Marker",bp,4,500,50,,6,https://www.takarabiomed.com.cn/Products/ProductsDetail?menuId=111
TaKaRa,clontech.com,"DL2,000 DNA Marker",bp,5,250,50,,6,https://www.takarabiomed.com.cn/Products/ProductsDetail?menuId=111
TaKaRa,clontech.com,"DL2,000 DNA Marker",bp,6,100,50,,6,https://www.takarabiomed.com.cn/Products/ProductsDetail?menuId=111
TaKaRa,clontech.com,"DL5,000 DNA Marker",bp,1,5000,50,,9,https://www.takarabiomed.com.cn/Products/ProductsDetail?menuId=118
TaKaRa,clontech.com,"DL5,000 DNA Marker",bp,2,3000,50,,9,https://www.takarabiomed.com.cn/Products/ProductsDetail?menuId=118
TaKaRa,clontech.com,"DL5,000 DNA Marker",bp,3,2000,50,,9,https://www.takarabiomed.com.cn/Products/ProductsDetail?menuId=118
TaKaRa,clontech.com,"DL5,000 DNA Marker",bp,4,1500,50,,9,https://www.takarabiomed.com.cn/Products/ProductsDetail?menuId=118
TaKaRa,clontech.com,"DL5,000 DNA Marker",bp,5,1000,150,reference band,9,https://www.takarabiomed.com.cn/Products/ProductsDetail?menuId=118
TaKaRa,clontech.com,"DL5,000 DNA Marker",bp,6,750,50,,9,https://www.takarabiomed.com.cn/Products/ProductsDetail?menuId=118
TaKaRa,clontech.com,"DL5,000 DNA Marker",bp,7,500,50,,9,https://www.takarabiomed.com.cn/Products/ProductsDetail?menuId=118
TaKaRa,clontech.com,"DL5,000 DNA Marker",bp,8,250,50,,9,https://www.takarabiomed.com.cn/Products/ProductsDetail?menuId=118
TaKaRa,clontech.com,"DL5,000 DNA Marker",bp,9,100,50,,9,https://www.takarabiomed.com.cn/Products/ProductsDetail?menuId=118
TaKaRa,clontech.com,"DL10,000 DNA Marker",bp,1,10000,50,,7,https://www.takarabiomed.com.cn/Products/ProductsDetail?menuId=137
TaKaRa,clontech.com,"DL10,000 DNA Marker",bp,2,7000,50,,7,https://www.takarabiomed.com.cn/Products/ProductsDetail?menuId=137
TaKaRa,clontech.com,"DL10,000 DNA Marker",bp,3,4000,50,,7,https://www.takarabiomed.com.cn/Products/ProductsDetail?menuId=137
TaKaRa,clontech.com,"DL10,000 DNA Marker",bp,4,2000,150,reference band,7,https://www.takarabiomed.com.cn/Products/ProductsDetail?menuId=137
TaKaRa,clontech.com,"DL10,000 DNA Marker",bp,5,1000,50,,7,https://www.takarabiomed.com.cn/Products/ProductsDetail?menuId=137
TaKaRa,clontech.com,"DL10,000 DNA Marker",bp,6,500,50,,7,https://www.takarabiomed.com.cn/Products/ProductsDetail?menuId=137
TaKaRa,clontech.com,"DL10,000 DNA Marker",bp,7,250,50,,7,https://www.takarabiomed.com.cn/Products/ProductsDetail?menuId=137
TaKaRa,clontech.com,"DL15,000 DNA Marker",bp,1,15000,50,,7,https://www.takarabiomed.com.cn/Products/ProductsDetail?menuId=141
TaKaRa,clontech.com,"DL15,000 DNA Marker",bp,2,10000,50,,7,https://www.takarabiomed.com.cn/Products/ProductsDetail?menuId=141
TaKaRa,clontech.com,"DL15,000 DNA Marker",bp,3,7500,50,,7,https://www.takarabiomed.com.cn/Products/ProductsDetail?menuId=141
TaKaRa,clontech.com,"DL15,000 DNA Marker",bp,4,5000,50,,7,https://www.takarabiomed.com.cn/Products/ProductsDetail?menuId=141
TaKaRa,clontech.com,"DL15,000 DNA Marker",bp,5,2500,50,,7,https://www.takarabiomed.com.cn/Products/ProductsDetail?menuId=141
TaKaRa,clontech.com,"DL15,000 DNA Marker",bp,6,1000,50,,7,https://www.takarabiomed.com.cn/Products/ProductsDetail?menuId=141
TaKaRa,clontech.com,"DL15,000 DNA Marker",bp,7,250,50,,7,https://www.takarabiomed.com.cn/Products/ProductsDetail?menuId=141
TaKaRa,clontech.com,pHY Marker,bp,1,4870,77,,9,http://www.clontech.com/takara/US/Products/Molecular_Biology/Molecular_Biology_Reagents/Molecular_Weight_Markers/DNA_Molecular_Weight_Standard_Markers?sitex=10031:22372:US
TaKaRa,clontech.com,pHY Marker,bp,2,2016,64,,9,http://www.clontech.com/takara/US/Products/Molecular_Biology/Molecular_Biology_Reagents/Molecular_Weight_Markers/DNA_Molecular_Weight_Standard_Markers?sitex=10031:22372:US
TaKaRa,clontech.com,pHY Marker,bp,3,1360,258,,9,http://www.clontech.com/takara/US/Products/Molecular_Biology/Molecular_Biology_Reagents/Molecular_Weight_Markers/DNA_Molecular_Weight_Standard_Markers?sitex=10031:22372:US
TaKaRa,clontech.com,pHY Marker,bp,4,1107,175,,9,http://www.clontech.com/takara/US/Products/Molecular_Biology/Molecular_Biology_Reagents/Molecular_Weight_Markers/DNA_Molecular_Weight_Standard_Markers?sitex=10031:22372:US
TaKaRa,clontech.com,pHY Marker,bp,5,926,146,,9,http://www.clontech.com/takara/US/Products/Molecular_Biology/Molecular_Biology_Reagents/Molecular_Weight_Markers/DNA_Molecular_Weight_Standard_Markers?sitex=10031:22372:US
TaKaRa,clontech.com,pHY Marker,bp,6,658,125,,9,http://www.clontech.com/takara/US/Products/Molecular_Biology/Molecular_Biology_Reagents/Molecular_Weight_Markers/DNA_Molecular_Weight_Standard_Markers?sitex=10031:22372:US
TaKaRa,clontech.com,pHY Marker,bp,7,489,92,,9,http://www.clontech.com/takara/US/Products/Molecular_Biology/Molecular_Biology_Reagents/Molecular_Weight_Markers/DNA_Molecular_Weight_Standard_Markers?sitex=10031:22372:US
TaKaRa,clontech.com,pHY Marker,bp,8,267,51,,9,http://www.clontech.com/takara/US/Products/Molecular_Biology/Molecular_Biology_Reagents/Molecular_Weight_Markers/DNA_Molecular_Weight_Standard_Markers?sitex=10031:22372:US
TaKaRa,clontech.com,pHY Marker,bp,9,80,15,,9,http://www.clontech.com/takara/US/Products/Molecular_Biology/Molecular_Biology_Reagents/Molecular_Weight_Markers/DNA_Molecular_Weight_Standard_Markers?sitex=10031:22372:US
TaKaRa,clontech.com,"QDL2,000 Quantitative Marker",bp,1,2000,200,,6,https://www.takarabiomed.com.cn/Products/ProductsDetail?menuId=114
TaKaRa,clontech.com,"QDL2,000 Quantitative Marker",bp,2,1000,100,,6,https://www.takarabiomed.com.cn/Products/ProductsDetail?menuId=114
TaKaRa,clontech.com,"QDL2,000 Quantitative Marker",bp,3,750,75,,6,https://www.takarabiomed.com.cn/Products/ProductsDetail?menuId=114
TaKaRa,clontech.com,"QDL2,000 Quantitative Marker",bp,4,500,50,,6,https://www.takarabiomed.com.cn/Products/ProductsDetail?menuId=114
TaKaRa,clontech.com,"QDL2,000 Quantitative Marker",bp,5,250,25,,6,https://www.takarabiomed.com.cn/Products/ProductsDetail?menuId=114
TaKaRa,clontech.com,"QDL2,000 Quantitative Marker",bp,6,100,10,,6,https://www.takarabiomed.com.cn/Products/ProductsDetail?menuId=114
TaKaRa,clontech.com,"Wide-Range DNA Ladder (50-10,000 bp)",bp,1,10000,30,,16,http://www.clontech.com/takara/US/Products/Molecular_Biology/Molecular_Biology_Reagents/Molecular_Weight_Markers/DNA_Molecular_Weight_Standard_Markers?sitex=10031:22372:US
TaKaRa,clontech.com,"Wide-Range DNA Ladder (50-10,000 bp)",bp,2,8000,30,,16,http://www.clontech.com/takara/US/Products/Molecular_Biology/Molecular_Biology_Reagents/Molecular_Weight_Markers/DNA_Molecular_Weight_Standard_Markers?sitex=10031:22372:US
TaKaRa,clontech.com,"Wide-Range DNA Ladder (50-10,000 bp)",bp,3,6000,45,,16,http://www.clontech.com/takara/US/Products/Molecular_Biology/Molecular_Biology_Reagents/Molecular_Weight_Markers/DNA_Molecular_Weight_Standard_Markers?sitex=10031:22372:US
TaKaRa,clontech.com,"Wide-Range DNA Ladder (50-10,000 bp)",bp,4,4000,60,,16,http://www.clontech.com/takara/US/Products/Molecular_Biology/Molecular_Biology_Reagents/Molecular_Weight_Markers/DNA_Molecular_Weight_Standard_Markers?sitex=10031:22372:US
TaKaRa,clontech.com,"Wide-Range DNA Ladder (50-10,000 bp)",bp,5,3000,85,,16,http://www.clontech.com/takara/US/Products/Molecular_Biology/Molecular_Biology_Reagents/Molecular_Weight_Markers/DNA_Molecular_Weight_Standard_Markers?sitex=10031:22372:US
TaKaRa,clontech.com,"Wide-Range DNA Ladder (50-10,000 bp)",bp,6,2000,150,reference band,16,http://www.clontech.com/takara/US/Products/Molecular_Biology/Molecular_Biology_Reagents/Molecular_Weight_Markers/DNA_Molecular_Weight_Standard_Markers?sitex=10031:22372:US
TaKaRa,clontech.com,"Wide-Range DNA Ladder (50-10,000 bp)",bp,7,1550,100,,16,http://www.clontech.com/takara/US/Products/Molecular_Biology/Molecular_Biology_Reagents/Molecular_Weight_Markers/DNA_Molecular_Weight_Standard_Markers?sitex=10031:22372:US
TaKaRa,clontech.com,"Wide-Range DNA Ladder (50-10,000 bp)",bp,8,1400,100,,16,http://www.clontech.com/takara/US/Products/Molecular_Biology/Molecular_Biology_Reagents/Molecular_Weight_Markers/DNA_Molecular_Weight_Standard_Markers?sitex=10031:22372:US
TaKaRa,clontech.com,"Wide-Range DNA Ladder (50-10,000 bp)",bp,9,1000,120,reference band,16,http://www.clontech.com/takara/US/Products/Molecular_Biology/Molecular_Biology_Reagents/Molecular_Weight_Markers/DNA_Molecular_Weight_Standard_Markers?sitex=10031:22372:US
TaKaRa,clontech.com,"Wide-Range DNA Ladder (50-10,000 bp)",bp,10,750,30,,16,http://www.clontech.com/takara/US/Products/Molecular_Biology/Molecular_Biology_Reagents/Molecular_Weight_Markers/DNA_Molecular_Weight_Standard_Markers?sitex=10031:22372:US
TaKaRa,clontech.com,"Wide-Range DNA Ladder (50-10,000 bp)",bp,11,500,60,reference band,16,http://www.clontech.com/takara/US/Products/Molecular_Biology/Molecular_Biology_Reagents/Molecular_Weight_Markers/DNA_Molecular_Weight_Standard_Markers?sitex=10031:22372:US
TaKaRa,clontech.com,"Wide-Range DNA Ladder (50-10,000 bp)",bp,12,400,20,,16,http://www.clontech.com/takara/US/Products/Molecular_Biology/Molecular_Biology_Reagents/Molecular_Weight_Markers/DNA_Molecular_Weight_Standard_Markers?sitex=10031:22372:US
TaKaRa,clontech.com,"Wide-Range DNA Ladder (50-10,000 bp)",bp,13,300,40,,16,http://www.clontech.com/takara/US/Products/Molecular_Biology/Molecular_Biology_Reagents/Molecular_Weight_Markers/DNA_Molecular_Weight_Standard_Markers?sitex=10031:22372:US
TaKaRa,clontech.com,"Wide-Range DNA Ladder (50-10,000 bp)",bp,14,200,30,,16,http://www.clontech.com/takara/US/Products/Molecular_Biology/Molecular_Biology_Reagents/Molecular_Weight_Markers/DNA_Molecular_Weight_Standard_Markers?sitex=10031:22372:US
TaKaRa,clontech.com,"Wide-Range DNA Ladder (50-10,000 bp)",bp,15,100,20,,16,http://www.clontech.com/takara/US/Products/Molecular_Biology/Molecular_Biology_Reagents/Molecular_Weight_Markers/DNA_Molecular_Weight_Standard_Markers?sitex=10031:22372:US
TaKaRa,clontech.com,"Wide-Range DNA Ladder (50-10,000 bp)",bp,16,50,15,,16,http://www.clontech.com/takara/US/Products/Molecular_Biology/Molecular_Biology_Reagents/Molecular_Weight_Markers/DNA_Molecular_Weight_Standard_Markers?sitex=10031:22372:US
TaKaRa,clontech.com,Wide-Range DNA Ladder (100-2000 bp),bp,1,2000,100,,6,http://www.clontech.com/takara/US/Products/Molecular_Biology/Molecular_Biology_Reagents/Molecular_Weight_Markers/DNA_Molecular_Weight_Standard_Markers?sitex=10031:22372:US
TaKaRa,clontech.com,Wide-Range DNA Ladder (100-2000 bp),bp,2,1000,100,,6,http://www.clontech.com/takara/US/Products/Molecular_Biology/Molecular_Biology_Reagents/Molecular_Weight_Markers/DNA_Molecular_Weight_Standard_Markers?sitex=10031:22372:US
TaKaRa,clontech.com,Wide-Range DNA Ladder (100-2000 bp),bp,3,750,200,reference band,6,http://www.clontech.com/takara/US/Products/Molecular_Biology/Molecular_Biology_Reagents/Molecular_Weight_Markers/DNA_Molecular_Weight_Standard_Markers?sitex=10031:22372:US
TaKaRa,clontech.com,Wide-Range DNA Ladder (100-2000 bp),bp,4,500,100,,6,http://www.clontech.com/takara/US/Products/Molecular_Biology/Molecular_Biology_Reagents/Molecular_Weight_Markers/DNA_Molecular_Weight_Standard_Markers?sitex=10031:22372:US
TaKaRa,clontech.com,Wide-Range DNA Ladder (100-2000 bp),bp,5,250,100,,6,http://www.clontech.com/takara/US/Products/Molecular_Biology/Molecular_Biology_Reagents/Molecular_Weight_Markers/DNA_Molecular_Weight_Standard_Markers?sitex=10031:22372:US
TaKaRa,clontech.com,Wide-Range DNA Ladder (100-2000 bp),bp,6,100,100,,6,http://www.clontech.com/takara/US/Products/Molecular_Biology/Molecular_Biology_Reagents/Molecular_Weight_Markers/DNA_Molecular_Weight_Standard_Markers?sitex=10031:22372:US
TaKaRa,clontech.com,Wide-Range DNA Ladder (100-5000 bp),bp,1,5000,75,,9,http://www.clontech.com/takara/US/Products/Molecular_Biology/Molecular_Biology_Reagents/Molecular_Weight_Markers/DNA_Molecular_Weight_Standard_Markers?sitex=10031:22372:US
TaKaRa,clontech.com,Wide-Range DNA Ladder (100-5000 bp),bp,2,3000,75,,9,http://www.clontech.com/takara/US/Products/Molecular_Biology/Molecular_Biology_Reagents/Molecular_Weight_Markers/DNA_Molecular_Weight_Standard_Markers?sitex=10031:22372:US
TaKaRa,clontech.com,Wide-Range DNA Ladder (100-5000 bp),bp,3,2000,75,,9,http://www.clontech.com/takara/US/Products/Molecular_Biology/Molecular_Biology_Reagents/Molecular_Weight_Markers/DNA_Molecular_Weight_Standard_Markers?sitex=10031:22372:US
TaKaRa,clontech.com,Wide-Range DNA Ladder (100-5000 bp),bp,4,1500,75,,9,http://www.clontech.com/takara/US/Products/Molecular_Biology/Molecular_Biology_Reagents/Molecular_Weight_Markers/DNA_Molecular_Weight_Standard_Markers?sitex=10031:22372:US
TaKaRa,clontech.com,Wide-Range DNA Ladder (100-5000 bp),bp,5,1000,150,reference band,9,http://www.clontech.com/takara/US/Products/Molecular_Biology/Molecular_Biology_Reagents/Molecular_Weight_Markers/DNA_Molecular_Weight_Standard_Markers?sitex=10031:22372:US
TaKaRa,clontech.com,Wide-Range DNA Ladder (100-5000 bp),bp,6,750,75,,9,http://www.clontech.com/takara/US/Products/Molecular_Biology/Molecular_Biology_Reagents/Molecular_Weight_Markers/DNA_Molecular_Weight_Standard_Markers?sitex=10031:22372:US
TaKaRa,clontech.com,Wide-Range DNA Ladder (100-5000 bp),bp,7,500,75,,9,http://www.clontech.com/takara/US/Products/Molecular_Biology/Molecular_Biology_Reagents/Molecular_Weight_Markers/DNA_Molecular_Weight_Standard_Markers?sitex=10031:22372:US
TaKaRa,clontech.com,Wide-Range DNA Ladder (100-5000 bp),bp,8,250,75,,9,http://www.clontech.com/takara/US/Products/Molecular_Biology/Molecular_Biology_Reagents/Molecular_Weight_Markers/DNA_Molecular_Weight_Standard_Markers?sitex=10031:22372:US
TaKaRa,clontech.com,Wide-Range DNA Ladder (100-5000 bp),bp,9,100,75,,9,http://www.clontech.com/takara/US/Products/Molecular_Biology/Molecular_Biology_Reagents/Molecular_Weight_Markers/DNA_Molecular_Weight_Standard_Markers?sitex=10031:22372:US
Thermo Fisher,lifetechnologies.com,10 bp DNA Ladder,bp,1,1668,150,,34,http://www.lifetechnologies.com/order/catalog/product/10821015
Thermo Fisher,lifetechnologies.com,10 bp DNA Ladder,bp,2,330,30,,34,http://www.lifetechnologies.com/order/catalog/product/10821015
Thermo Fisher,lifetechnologies.com,10 bp DNA Ladder,bp,3,320,30,hidden,34,http://www.lifetechnologies.com/order/catalog/product/10821015
Thermo Fisher,lifetechnologies.com,10 bp DNA Ladder,bp,4,310,30,hidden,34,http://www.lifetechnologies.com/order/catalog/product/10821015
Thermo Fisher,lifetechnologies.com,10 bp DNA Ladder,bp,5,300,30,,34,http://www.lifetechnologies.com/order/catalog/product/10821015
Thermo Fisher,lifetechnologies.com,10 bp DNA Ladder,bp,6,290,30,hidden,34,http://www.lifetechnologies.com/order/catalog/product/10821015
Thermo Fisher,lifetechnologies.com,10 bp DNA Ladder,bp,7,280,30,hidden,34,http://www.lifetechnologies.com/order/catalog/product/10821015
Thermo Fisher,lifetechnologies.com,10 bp DNA Ladder,bp,8,270,30,hidden,34,http://www.lifetechnologies.com/order/catalog/product/10821015
Thermo Fisher,lifetechnologies.com,10 bp DNA Ladder,bp,9,260,30,hidden,34,http://www.lifetechnologies.com/order/catalog/product/10821015
Thermo Fisher,lifetechnologies.com,10 bp DNA Ladder,bp,10,250,30,,34,http://www.lifetechnologies.com/order/catalog/product/10821015
Thermo Fisher,lifetechnologies.com,10 bp DNA Ladder,bp,11,240,30,hidden,34,http://www.lifetechnologies.com/order/catalog/product/10821015
Thermo Fisher,lifetechnologies.com,10 bp DNA Ladder,bp,12,230,30,hidden,34,http://www.lifetechnologies.com/order/catalog/product/10821015
Thermo Fisher,lifetechnologies.com,10 bp DNA Ladder,bp,13,220,30,hidden,34,http://www.lifetechnologies.com/order/catalog/product/10821015
Thermo Fisher,lifetechnologies.com,10 bp DNA Ladder,bp,14,210,30,hidden,34,http://www.lifetechnologies.com/order/catalog/product/10821015
Thermo Fisher,lifetechnologies.com,10 bp DNA Ladder,bp,15,200,30,,34,http://www.lifetechnologies.com/order/catalog/product/10821015
Thermo Fisher,lifetechnologies.com,10 bp DNA Ladder,bp,16,190,30,hidden,34,http://www.lifetechnologies.com/order/catalog/product/10821015
Thermo Fisher,lifetechnologies.com,10 bp DNA Ladder,bp,17,180,30,hidden,34,http://www.lifetechnologies.com/order/catalog/product/10821015
Thermo Fisher,lifetechnologies.com,10 bp DNA Ladder,bp,18,170,30,hidden,34,http://www.lifetechnologies.com/order/catalog/product/10821015
Thermo Fisher,lifetechnologies.com,10 bp DNA Ladder,bp,19,160,30,hidden,34,http://www.lifetechnologies.com/order/catalog/product/10821015
Thermo Fisher,lifetechnologies.com,10 bp DNA Ladder,bp,20,150,30,,34,http://www.lifetechnologies.com/order/catalog/product/10821015
Thermo Fisher,lifetechnologies.com,10 bp DNA Ladder,bp,21,140,30,hidden,34,http://www.lifetechnologies.com/order/catalog/product/10821015
Thermo Fisher,lifetechnologies.com,10 bp DNA Ladder,bp,22,130,30,hidden,34,http://www.lifetechnologies.com/order/catalog/product/10821015
Thermo Fisher,lifetechnologies.com,10 bp DNA Ladder,bp,23,120,30,hidden,34,http://www.lifetechnologies.com/order/catalog/product/10821015
Thermo Fisher,lifetechnologies.com,10 bp DNA Ladder,bp,24,110,30,hidden,34,http://www.lifetechnologies.com/order/catalog/product/10821015
Thermo Fisher,lifetechnologies.com,10 bp DNA Ladder,bp,25,100,75,reference band,34,http://www.lifetechnologies.com/order/catalog/product/10821015
Thermo Fisher,lifetechnologies.com,10 bp DNA Ladder,bp,26,90,30,,34,http://www.lifetechnologies.com/order/catalog/product/10821015
Thermo Fisher,lifetechnologies.com,10 bp DNA Ladder,bp,27,80,30,,34,http://www.lifetechnologies.com/order/catalog/product/10821015
Thermo Fisher,lifetechnologies.com,10 bp DNA Ladder,bp,28,70,30,,34,http://www.lifetechnologies.com/order/catalog/product/10821015
Thermo Fisher,lifetechnologies.com,10 bp DNA Ladder,bp,29,60,30,,34,http://www.lifetechnologies.com/order/catalog/product/10821015
Thermo Fisher,lifetechnologies.com,10 bp DNA Ladder,bp,30,50,30,,34,http://www.lifetechnologies.com/order/catalog/product/10821015
Thermo Fisher,lifetechnologies.com,10 bp DNA Ladder,bp,31,40,30,,34,http://www.lifetechnologies.com/order/catalog/product/10821015
Thermo Fisher,lifetechnologies.com,10 bp DNA Ladder,bp,32,30,30,,34,http://www.lifetechnologies.com/order/catalog/product/10821015
Thermo Fisher,lifetechnologies.com,10 bp DNA Ladder,bp,33,20,30,,34,http://www.lifetechnologies.com/order/catalog/product/10821015
Thermo Fisher,lifetechnologies.com,10 bp DNA Ladder,bp,34,10,30,,34,http://www.lifetechnologies.com/order/catalog/product/10821015
Thermo Fisher,lifetechnologies.com,25 bp DNA Ladder,bp,1,2652,150,,20,http://products.invitrogen.com/ivgn/product/10597011
Thermo Fisher,lifetechnologies.com,25 bp DNA Ladder,bp,2,500,60,,20,http://products.invitrogen.com/ivgn/product/10597011
Thermo Fisher,lifetechnologies.com,25 bp DNA Ladder,bp,3,450,35,,20,http://products.invitrogen.com/ivgn/product/10597011
Thermo Fisher,lifetechnologies.com,25 bp DNA Ladder,bp,4,425,35,,20,http://products.invitrogen.com/ivgn/product/10597011
Thermo Fisher,lifetechnologies.com,25 bp DNA Ladder,bp,5,400,35,,20,http://products.invitrogen.com/ivgn/product/10597011
Thermo Fisher,lifetechnologies.com,25 bp DNA Ladder,bp,6,375,35,,20,http://products.invitrogen.com/ivgn/product/10597011
Thermo Fisher,lifetechnologies.com,25 bp DNA Ladder,bp,7,350,35,,20,http://products.invitrogen.com/ivgn/product/10597011
Thermo Fisher,lifetechnologies.com,25 bp DNA Ladder,bp,8,325,35,,20,http://products.invitrogen.com/ivgn/product/10597011
Thermo Fisher,lifetechnologies.com,25 bp DNA Ladder,bp,9,300,35,,20,http://products.invitrogen.com/ivgn/product/10597011
Thermo Fisher,lifetechnologies.com,25 bp DNA Ladder,bp,10,275,35,,20,http://products.invitrogen.com/ivgn/product/10597011
Thermo Fisher,lifetechnologies.com,25 bp DNA Ladder,bp,11,250,35,,20,http://products.invitrogen.com/ivgn/product/10597011
Thermo Fisher,lifetechnologies.com,25 bp DNA Ladder,bp,12,225,35,,20,http://products.invitrogen.com/ivgn/product/10597011
Thermo Fisher,lifetechnologies.com,25 bp DNA Ladder,bp,13,200,35,,20,http://products.invitrogen.com/ivgn/product/10597011
Thermo Fisher,lifetechnologies.com,25 bp DNA Ladder,bp,14,175,35,,20,http://products.invitrogen.com/ivgn/product/10597011
Thermo Fisher,lifetechnologies.com,25 bp DNA Ladder,bp,15,150,35,,20,http://products.invitrogen.com/ivgn/product/10597011
Thermo Fisher,lifetechnologies.com,25 bp DNA Ladder,bp,16,125,90,reference band,20,http://products.invitrogen.com/ivgn/product/10597011
Thermo Fisher,lifetechnologies.com,25 bp DNA Ladder,bp,17,100,35,,20,http://products.invitrogen.com/ivgn/product/10597011
Thermo Fisher,lifetechnologies.com,25 bp DNA Ladder,bp,18,75,35,,20,http://products.invitrogen.com/ivgn/product/10597011
Thermo Fisher,lifetechnologies.com,25 bp DNA Ladder,bp,19,50,35,,20,http://products.invitrogen.com/ivgn/product/10597011
Thermo Fisher,lifetechnologies.com,25 bp DNA Ladder,bp,20,25,35,,20,http://products.invitrogen.com/ivgn/product/10597011
Thermo Fisher,lifetechnologies.com,50 bp DNA Ladder,bp,1,2652,150,,17,http://products.invitrogen.com/ivgn/product/10416014
Thermo Fisher,lifetechnologies.com,50 bp DNA Ladder,bp,2,800,70,,17,http://products.invitrogen.com/ivgn/product/10416014
Thermo Fisher,lifetechnologies.com,50 bp DNA Ladder,bp,3,750,40,,17,http://products.invitrogen.com/ivgn/product/10416014
Thermo Fisher,lifetechnologies.com,50 bp DNA Ladder,bp,4,700,40,,17,http://products.invitrogen.com/ivgn/product/10416014
Thermo Fisher,lifetechnologies.com,50 bp DNA Ladder,bp,5,650,40,,17,http://products.invitrogen.com/ivgn/product/10416014
Thermo Fisher,lifetechnologies.com,50 bp DNA Ladder,bp,6,600,40,,17,http://products.invitrogen.com/ivgn/product/10416014
Thermo Fisher,lifetechnologies.com,50 bp DNA Ladder,bp,7,550,40,,17,http://products.invitrogen.com/ivgn/product/10416014
Thermo Fisher,lifetechnologies.com,50 bp DNA Ladder,bp,8,500,40,,17,http://products.invitrogen.com/ivgn/product/10416014
Thermo Fisher,lifetechnologies.com,50 bp DNA Ladder,bp,9,450,40,,17,http://products.invitrogen.com/ivgn/product/10416014
Thermo Fisher,lifetechnologies.com,50 bp DNA Ladder,bp,10,400,40,,17,http://products.invitrogen.com/ivgn/product/10416014
Thermo Fisher,lifetechnologies.com,50 bp DNA Ladder,bp,11,350,100,reference band,17,http://products.invitrogen.com/ivgn/product/10416014
Thermo Fisher,lifetechnologies.com,50 bp DNA Ladder,bp,12,300,40,,17,http://products.invitrogen.com/ivgn/product/10416014
Thermo Fisher,lifetechnologies.com,50 bp DNA Ladder,bp,13,250,40,,17,http://products.invitrogen.com/ivgn/product/10416014
Thermo Fisher,lifetechnologies.com,50 bp DNA Ladder,bp,14,200,40,,17,http://products.invitrogen.com/ivgn/product/10416014
Thermo Fisher,lifetechnologies.com,50 bp DNA Ladder,bp,15,150,40,,17,http://products.invitrogen.com/ivgn/product/10416014
Thermo Fisher,lifetechnologies.com,50 bp DNA Ladder,bp,16,100,40,,17,http://products.invitrogen.com/ivgn/product/10416014
Thermo Fisher,lifetechnologies.com,50 bp DNA Ladder,bp,17,50,40,,17,http://products.invitrogen.com/ivgn/product/10416014
Thermo Fisher,lifetechnologies.com,100 bp DNA Ladder,bp,1,2072,150,,16,http://products.invitrogen.com/ivgn/product/15628019
Thermo Fisher,lifetechnologies.com,100 bp DNA Ladder,bp,2,1500,70,,16,http://products.invitrogen.com/ivgn/product/15628019
Thermo Fisher,lifetechnologies.com,100 bp DNA Ladder,bp,3,1400,40,,16,http://products.invitrogen.com/ivgn/product/15628019
Thermo Fisher,lifetechnologies.com,100 bp DNA Ladder,bp,4,1300,40,,16,http://products.invitrogen.com/ivgn/product/15628019
Thermo Fisher,lifetechnologies.com,100 bp DNA Ladder,bp,5,1200,40,,16,http://products.invitrogen.com/ivgn/product/15628019
Thermo Fisher,lifetechnologies.com,100 bp DNA Ladder,bp,6,1100,40,,16,http://products.invitrogen.com/ivgn/product/15628019
Thermo Fisher,lifetechnologies.com,100 bp DNA Ladder,bp,7,1000,40,,16,http://products.invitrogen.com/ivgn/product/15628019
Thermo Fisher,lifetechnologies.com,100 bp DNA Ladder,bp,8,900,40,,16,http://products.invitrogen.com/ivgn/product/15628019
Thermo Fisher,lifetechnologies.com,100 bp DNA Ladder,bp,9,800,40,,16,http://products.invitrogen.com/ivgn/product/15628019
Thermo Fisher,lifetechnologies.com,100 bp DNA Ladder,bp,10,700,40,,16,http://products.invitrogen.com/ivgn/product/15628019
Thermo Fisher,lifetechnologies.com,100 bp DNA Ladder,bp,11,600,100,reference band,16,http://products.invitrogen.com/ivgn/product/15628019
Thermo Fisher,lifetechnologies.com,100 bp DNA Ladder,bp,12,500,40,,16,http://products.invitrogen.com/ivgn/product/15628019
Thermo Fisher,lifetechnologies.com,100 bp DNA Ladder,bp,13,400,40,,16,http://products.invitrogen.com/ivgn/product/15628019
Thermo Fisher,lifetechnologies.com,100 bp DNA Ladder,bp,14,300,40,,16,http://products.invitrogen.com/ivgn/product/15628019
Thermo Fisher,lifetechnologies.com,100 bp DNA Ladder,bp,15,200,40,,16,http://products.invitrogen.com/ivgn/product/15628019
Thermo Fisher,lifetechnologies.com,100 bp DNA Ladder,bp,16,100,40,,16,http://products.invitrogen.com/ivgn/product/15628019
Thermo Fisher,lifetechnologies.com,250 bp DNA Ladder,bp,1,3500,40,,14,http://products.invitrogen.com/ivgn/product/10596013
Thermo Fisher,lifetechnologies.com,250 bp DNA Ladder,bp,2,3250,40,,14,http://products.invitrogen.com/ivgn/product/10596013
Thermo Fisher,lifetechnologies.com,250 bp DNA Ladder,bp,3,3000,40,,14,http://products.invitrogen.com/ivgn/product/10596013
Thermo Fisher,lifetechnologies.com,250 bp DNA Ladder,bp,4,2750,40,,14,http://products.invitrogen.com/ivgn/product/10596013
Thermo Fisher,lifetechnologies.com,250 bp DNA Ladder,bp,5,2500,40,,14,http://products.invitrogen.com/ivgn/product/10596013
Thermo Fisher,lifetechnologies.com,250 bp DNA Ladder,bp,6,2250,40,,14,http://products.invitrogen.com/ivgn/product/10596013
Thermo Fisher,lifetechnologies.com,250 bp DNA Ladder,bp,7,2000,40,,14,http://products.invitrogen.com/ivgn/product/10596013
Thermo Fisher,lifetechnologies.com,250 bp DNA Ladder,bp,8,1750,40,,14,http://products.invitrogen.com/ivgn/product/10596013
Thermo Fisher,lifetechnologies.com,250 bp DNA Ladder,bp,9,1500,40,,14,http://products.invitrogen.com/ivgn/product/10596013
Thermo Fisher,lifetechnologies.com,250 bp DNA Ladder,bp,10,1250,40,,14,http://products.invitrogen.com/ivgn/product/10596013
Thermo Fisher,lifetechnologies.com,250 bp DNA Ladder,bp,11,1000,100,reference band,14,http://products.invitrogen.com/ivgn/product/10596013
Thermo Fisher,lifetechnologies.com,250 bp DNA Ladder,bp,12,750,40,,14,http://products.invitrogen.com/ivgn/product/10596013
Thermo Fisher,lifetechnologies.com,250 bp DNA Ladder,bp,13,500,40,,14,http://products.invitrogen.com/ivgn/product/10596013
Thermo Fisher,lifetechnologies.com,250 bp DNA Ladder,bp,14,250,40,,14,http://products.invitrogen.com/ivgn/product/10596013
Thermo Fisher,lifetechnologies.com,1 Kb DNA Extension Ladder,kb,1,40000,50,,16,http://products.invitrogen.com/ivgn/product/10511012
Thermo Fisher,lifetechnologies.com,1 Kb DNA Extension Ladder,kb,2,20000,50,,16,http://products.invitrogen.com/ivgn/product/10511012
Thermo Fisher,lifetechnologies.com,1 Kb DNA Extension Ladder,kb,3,15000,50,,16,http://products.invitrogen.com/ivgn/product/10511012
Thermo Fisher,lifetechnologies.com,1 Kb DNA Extension Ladder,kb,4,10000,50,,16,http://products.invitrogen.com/ivgn/product/10511012
Thermo Fisher,lifetechnologies.com,1 Kb DNA Extension Ladder,kb,5,8144,50,,16,http://products.invitrogen.com/ivgn/product/10511012
Thermo Fisher,lifetechnologies.com,1 Kb DNA Extension Ladder,kb,6,7126,50,,16,http://products.invitrogen.com/ivgn/product/10511012
Thermo Fisher,lifetechnologies.com,1 Kb DNA Extension Ladder,kb,7,6108,50,,16,http://products.invitrogen.com/ivgn/product/10511012
Thermo Fisher,lifetechnologies.com,1 Kb DNA Extension Ladder,kb,8,5090,50,,16,http://products.invitrogen.com/ivgn/product/10511012
Thermo Fisher,lifetechnologies.com,1 Kb DNA Extension Ladder,kb,9,5000,50,,16,http://products.invitrogen.com/ivgn/product/10511012
Thermo Fisher,lifetechnologies.com,1 Kb DNA Extension Ladder,kb,10,4072,50,,16,http://products.invitrogen.com/ivgn/product/10511012
Thermo Fisher,lifetechnologies.com,1 Kb DNA Extension Ladder,kb,11,3054,50,,16,http://products.invitrogen.com/ivgn/product/10511012
Thermo Fisher,lifetechnologies.com,1 Kb DNA Extension Ladder,kb,12,2036,50,,16,http://products.invitrogen.com/ivgn/product/10511012
Thermo Fisher,lifetechnologies.com,1 Kb DNA Extension Ladder,kb,13,1636,75,,16,http://products.invitrogen.com/ivgn/product/10511012
Thermo Fisher,lifetechnologies.com,1 Kb DNA Extension Ladder,kb,14,1018,50,,16,http://products.invitrogen.com/ivgn/product/10511012
Thermo Fisher,lifetechnologies.com,1 Kb DNA Extension Ladder,kb,15,506,50,,16,http://products.invitrogen.com/ivgn/product/10511012
Thermo Fisher,lifetechnologies.com,1 Kb DNA Extension Ladder,kb,16,517,50,,16,http://products.invitrogen.com/ivgn/product/10511012
Thermo Fisher,lifetechnologies.com,1 Kb Plus DNA Ladder,bp,1,15000,25,,18,https://www.thermofisher.com/order/catalog/product/10787018
Thermo Fisher,lifetechnologies.com,1 Kb Plus DNA Ladder,bp,2,10000,25,,18,https://www.thermofisher.com/order/catalog/product/10787018
Thermo Fisher,lifetechnologies.com,1 Kb Plus DNA Ladder,bp,3,8000,25,,18,https://www.thermofisher.com/order/catalog/product/10787018
Thermo Fisher,lifetechnologies.com,1 Kb Plus DNA Ladder,bp,4,7000,25,,18,https://www.thermofisher.com/order/catalog/product/10787018
Thermo Fisher,lifetechnologies.com,1 Kb Plus DNA Ladder,bp,5,6000,25,,18,https://www.thermofisher.com/order/catalog/product/10787018
Thermo Fisher,lifetechnologies.com,1 Kb Plus DNA Ladder,bp,6,5000,25,,18,https://www.thermofisher.com/order/catalog/product/10787018
Thermo Fisher,lifetechnologies.com,1 Kb Plus DNA Ladder,bp,7,4000,25,,18,https://www.thermofisher.com/order/catalog/product/10787018
Thermo Fisher,lifetechnologies.com,1 Kb Plus DNA Ladder,bp,8,3000,25,,18,https://www.thermofisher.com/order/catalog/product/10787018
Thermo Fisher,lifetechnologies.com,1 Kb Plus DNA Ladder,bp,9,2000,25,,18,https://www.thermofisher.com/order/catalog/product/10787018
Thermo Fisher,lifetechnologies.com,1 Kb Plus DNA Ladder,bp,10,1500,88,reference band,18,https://www.thermofisher.com/order/catalog/product/10787018
Thermo Fisher,lifetechnologies.com,1 Kb Plus DNA Ladder,bp,11,1000,38,,18,https://www.thermofisher.com/order/catalog/product/10787018
Thermo Fisher,lifetechnologies.com,1 Kb Plus DNA Ladder,bp,12,850,38,,18,https://www.thermofisher.com/order/catalog/product/10787018
Thermo Fisher,lifetechnologies.com,1 Kb Plus DNA Ladder,bp,13,650,38,,18,https://www.thermofisher.com/order/catalog/product/10787018
Thermo Fisher,lifetechnologies.com,1 Kb Plus DNA Ladder,bp,14,500,38,,18,https://www.thermofisher.com/order/catalog/product/10787018
Thermo Fisher,lifetechnologies.com,1 Kb Plus DNA Ladder,bp,15,400,38,,18,https://www.thermofisher.com/order/catalog/product/10787018
Thermo Fisher,lifetechnologies.com,1 Kb Plus DNA Ladder,bp,16,300,38,,18,https://www.thermofisher.com/order/catalog/product/10787018
Thermo Fisher,lifetechnologies.com,1 Kb Plus DNA Ladder,bp,17,200,38,,18,https://www.thermofisher.com/order/catalog/product/10787018
Thermo Fisher,lifetechnologies.com,1 Kb Plus DNA Ladder,bp,18,100,50,,18,https://www.thermofisher.com/order/catalog/product/10787018
Thermo Fisher,lifetechnologies.com,1 Kb Plus DNA Ladder (old version),bp,1,12000,40,,20,http://products.invitrogen.com/ivgn/product/10787018
Thermo Fisher,lifetechnologies.com,1 Kb Plus DNA Ladder (old version),bp,2,11000,40,,20,http://products.invitrogen.com/ivgn/product/10787018
Thermo Fisher,lifetechnologies.com,1 Kb Plus DNA Ladder (old version),bp,3,10000,40,,20,http://products.invitrogen.com/ivgn/product/10787018
Thermo Fisher,lifetechnologies.com,1 Kb Plus DNA Ladder (old version),bp,4,9000,40,,20,http://products.invitrogen.com/ivgn/product/10787018
Thermo Fisher,lifetechnologies.com,1 Kb Plus DNA Ladder (old version),bp,5,8000,40,,20,http://products.invitrogen.com/ivgn/product/10787018
Thermo Fisher,lifetechnologies.com,1 Kb Plus DNA Ladder (old version),bp,6,7000,40,,20,http://products.invitrogen.com/ivgn/product/10787018
Thermo Fisher,lifetechnologies.com,1 Kb Plus DNA Ladder (old version),bp,7,6000,50,,20,http://products.invitrogen.com/ivgn/product/10787018
Thermo Fisher,lifetechnologies.com,1 Kb Plus DNA Ladder (old version),bp,8,5000,50,,20,http://products.invitrogen.com/ivgn/product/10787018
Thermo Fisher,lifetechnologies.com,1 Kb Plus DNA Ladder (old version),bp,9,4000,75,,20,http://products.invitrogen.com/ivgn/product/10787018
Thermo Fisher,lifetechnologies.com,1 Kb Plus DNA Ladder (old version),bp,10,3000,75,,20,http://products.invitrogen.com/ivgn/product/10787018
Thermo Fisher,lifetechnologies.com,1 Kb Plus DNA Ladder (old version),bp,11,2000,80,,20,http://products.invitrogen.com/ivgn/product/10787018
Thermo Fisher,lifetechnologies.com,1 Kb Plus DNA Ladder (old version),bp,12,1650,80,,20,http://products.invitrogen.com/ivgn/product/10787018
Thermo Fisher,lifetechnologies.com,1 Kb Plus DNA Ladder (old version),bp,13,1000,50,,20,http://products.invitrogen.com/ivgn/product/10787018
Thermo Fisher,lifetechnologies.com,1 Kb Plus DNA Ladder (old version),bp,14,850,50,,20,http://products.invitrogen.com/ivgn/product/10787018
Thermo Fisher,lifetechnologies.com,1 Kb Plus DNA Ladder (old version),bp,15,650,40,,20,http://products.invitrogen.com/ivgn/product/10787018
Thermo Fisher,lifetechnologies.com,1 Kb Plus DNA Ladder (old version),bp,16,500,50,,20,http://products.invitrogen.com/ivgn/product/10787018
Thermo Fisher,lifetechnologies.com,1 Kb Plus DNA Ladder (old version),bp,17,400,40,,20,http://products.invitrogen.com/ivgn/product/10787018
Thermo Fisher,lifetechnologies.com,1 Kb Plus DNA Ladder (old version),bp,18,300,40,,20,http://products.invitrogen.com/ivgn/product/10787018
Thermo Fisher,lifetechnologies.com,1 Kb Plus DNA Ladder (old version),bp,19,200,40,,20,http://products.invitrogen.com/ivgn/product/10787018
Thermo Fisher,lifetechnologies.com,1 Kb Plus DNA Ladder (old version),bp,20,100,40,,20,http://products.invitrogen.com/ivgn/product/10787018
Thermo Fisher,lifetechnologies.com,E-Gel™ 50 bp DNA Ladder,bp,1,2500,90,reference band,17,https://www.thermofisher.com/order/catalog/product/10488099
Thermo Fisher,lifetechnologies.com,E-Gel™ 50 bp DNA Ladder,bp,2,800,90,reference band,17,https://www.thermofisher.com/order/catalog/product/10488099
Thermo Fisher,lifetechnologies.com,E-Gel™ 50 bp DNA Ladder,bp,3,750,30,,17,https://www.thermofisher.com/order/catalog/product/10488099
Thermo Fisher,lifetechnologies.com,E-Gel™ 50 bp DNA Ladder,bp,4,700,30,,17,https://www.thermofisher.com/order/catalog/product/10488099
Thermo Fisher,lifetechnologies.com,E-Gel™ 50 bp DNA Ladder,bp,5,650,30,,17,https://www.thermofisher.com/order/catalog/product/10488099
Thermo Fisher,lifetechnologies.com,E-Gel™ 50 bp DNA Ladder,bp,6,600,30,,17,https://www.thermofisher.com/order/catalog/product/10488099
Thermo Fisher,lifetechnologies.com,E-Gel™ 50 bp DNA Ladder,bp,7,550,30,,17,https://www.thermofisher.com/order/catalog/product/10488099
Thermo Fisher,lifetechnologies.com,E-Gel™ 50 bp DNA Ladder,bp,8,500,30,,17,https://www.thermofisher.com/order/catalog/product/10488099
Thermo Fisher,lifetechnologies.com,E-Gel™ 50 bp DNA Ladder,bp,9,450,30,,17,https://www.thermofisher.com/order/catalog/product/10488099
Thermo Fisher,lifetechnologies.com,E-Gel™ 50 bp DNA Ladder,bp,10,400,30,,17,https://www.thermofisher.com/order/catalog/product/10488099
Thermo Fisher,lifetechnologies.com,E-Gel™ 50 bp DNA Ladder,bp,11,350,98,reference band,17,https://www.thermofisher.com/order/catalog/product/10488099
Thermo Fisher,lifetechnologies.com,E-Gel™ 50 bp DNA Ladder,bp,12,300,38,,17,https://www.thermofisher.com/order/catalog/product/10488099
Thermo Fisher,lifetechnologies.com,E-Gel™ 50 bp DNA Ladder,bp,13,250,38,,17,https://www.thermofisher.com/order/catalog/product/10488099
Thermo Fisher,lifetechnologies.com,E-Gel™ 50 bp DNA Ladder,bp,14,200,38,,17,https://www.thermofisher.com/order/catalog/product/10488099
Thermo Fisher,lifetechnologies.com,E-Gel™ 50 bp DNA Ladder,bp,15,150,38,,17,https://www.thermofisher.com/order/catalog/product/10488099
Thermo Fisher,lifetechnologies.com,E-Gel™ 50 bp DNA Ladder,bp,16,100,38,,17,https://www.thermofisher.com/order/catalog/product/10488099
Thermo Fisher,lifetechnologies.com,E-Gel™ 50 bp DNA Ladder,bp,17,50,45,,17,https://www.thermofisher.com/order/catalog/product/10488099
Thermo Fisher,lifetechnologies.com,E-Gel™ 1 Kb Plus DNA Ladder,bp,1,15000,30,,18,https://www.thermofisher.com/order/catalog/product/10488090
Thermo Fisher,lifetechnologies.com,E-Gel™ 1 Kb Plus DNA Ladder,bp,2,10000,30,,18,https://www.thermofisher.com/order/catalog/product/10488090
Thermo Fisher,lifetechnologies.com,E-Gel™ 1 Kb Plus DNA Ladder,bp,3,8000,30,,18,https://www.thermofisher.com/order/catalog/product/10488090
Thermo Fisher,lifetechnologies.com,E-Gel™ 1 Kb Plus DNA Ladder,bp,4,7000,30,,18,https://www.thermofisher.com/order/catalog/product/10488090
Thermo Fisher,lifetechnologies.com,E-Gel™ 1 Kb Plus DNA Ladder,bp,5,6000,30,,18,https://www.thermofisher.com/order/catalog/product/10488090
Thermo Fisher,lifetechnologies.com,E-Gel™ 1 Kb Plus DNA Ladder,bp,6,5000,30,,18,https://www.thermofisher.com/order/catalog/product/10488090
Thermo Fisher,lifetechnologies.com,E-Gel™ 1 Kb Plus DNA Ladder,bp,7,4000,30,,18,https://www.thermofisher.com/order/catalog/product/10488090
Thermo Fisher,lifetechnologies.com,E-Gel™ 1 Kb Plus DNA Ladder,bp,8,3000,30,,18,https://www.thermofisher.com/order/catalog/product/10488090
Thermo Fisher,lifetechnologies.com,E-Gel™ 1 Kb Plus DNA Ladder,bp,9,2000,30,,18,https://www.thermofisher.com/order/catalog/product/10488090
Thermo Fisher,lifetechnologies.com,E-Gel™ 1 Kb Plus DNA Ladder,bp,10,1500,105,reference band,18,https://www.thermofisher.com/order/catalog/product/10488090
Thermo Fisher,lifetechnologies.com,E-Gel™ 1 Kb Plus DNA Ladder,bp,11,1000,45,,18,https://www.thermofisher.com/order/catalog/product/10488090
Thermo Fisher,lifetechnologies.com,E-Gel™ 1 Kb Plus DNA Ladder,bp,12,850,45,,18,https://www.thermofisher.com/order/catalog/product/10488090
Thermo Fisher,lifetechnologies.com,E-Gel™ 1 Kb Plus DNA Ladder,bp,13,650,45,,18,https://www.thermofisher.com/order/catalog/product/10488090
Thermo Fisher,lifetechnologies.com,E-Gel™ 1 Kb Plus DNA Ladder,bp,14,500,45,,18,https://www.thermofisher.com/order/catalog/product/10488090
Thermo Fisher,lifetechnologies.com,E-Gel™ 1 Kb Plus DNA Ladder,bp,15,400,45,,18,https://www.thermofisher.com/order/catalog/product/10488090
Thermo Fisher,lifetechnologies.com,E-Gel™ 1 Kb Plus DNA Ladder,bp,16,300,45,,18,https://www.thermofisher.com/order/catalog/product/10488090
Thermo Fisher,lifetechnologies.com,E-Gel™ 1 Kb Plus DNA Ladder,bp,17,200,45,,18,https://www.thermofisher.com/order/catalog/product/10488090
Thermo Fisher,lifetechnologies.com,E-Gel™ 1 Kb Plus DNA Ladder,bp,18,100,60,,18,https://www.thermofisher.com/order/catalog/product/10488090
Thermo Fisher,lifetechnologies.com,E-Gel™ 1 Kb Plus Express DNA Ladder,bp,1,5000,40,,9,https://www.thermofisher.com/order/catalog/product/10488091
Thermo Fisher,lifetechnologies.com,E-Gel™ 1 Kb Plus Express DNA Ladder,bp,2,3000,40,,9,https://www.thermofisher.com/order/catalog/product/10488091
Thermo Fisher,lifetechnologies.com,E-Gel™ 1 Kb Plus Express DNA Ladder,bp,3,2000,40,,9,https://www.thermofisher.com/order/catalog/product/10488091
Thermo Fisher,lifetechnologies.com,E-Gel™ 1 Kb Plus Express DNA Ladder,bp,4,1500,64,reference band,9,https://www.thermofisher.com/order/catalog/product/10488091
Thermo Fisher,lifetechnologies.com,E-Gel™ 1 Kb Plus Express DNA Ladder,bp,5,1000,36,,9,https://www.thermofisher.com/order/catalog/product/10488091
Thermo Fisher,lifetechnologies.com,E-Gel™ 1 Kb Plus Express DNA Ladder,bp,6,750,36,,9,https://www.thermofisher.com/order/catalog/product/10488091
Thermo Fisher,lifetechnologies.com,E-Gel™ 1 Kb Plus Express DNA Ladder,bp,7,500,72,reference band,9,https://www.thermofisher.com/order/catalog/product/10488091
Thermo Fisher,lifetechnologies.com,E-Gel™ 1 Kb Plus Express DNA Ladder,bp,8,300,36,,9,https://www.thermofisher.com/order/catalog/product/10488091
Thermo Fisher,lifetechnologies.com,E-Gel™ 1 Kb Plus Express DNA Ladder,bp,9,100,36,,9,https://www.thermofisher.com/order/catalog/product/10488091
Thermo Fisher,lifetechnologies.com,E-Gel™ 96 High Range DNA Marker,bp,1,10000,50,,5,https://www.thermofisher.com/order/catalog/product/12352019
Thermo Fisher,lifetechnologies.com,E-Gel™ 96 High Range DNA Marker,bp,2,4000,50,,5,https://www.thermofisher.com/order/catalog/product/12352019
Thermo Fisher,lifetechnologies.com,E-Gel™ 96 High Range DNA Marker,bp,3,2000,50,,5,https://www.thermofisher.com/order/catalog/product/12352019
Thermo Fisher,lifetechnologies.com,E-Gel™ 96 High Range DNA Marker,bp,4,800,50,,5,https://www.thermofisher.com/order/catalog/product/12352019
Thermo Fisher,lifetechnologies.com,E-Gel™ 96 High Range DNA Marker,bp,5,400,50,,5,https://www.thermofisher.com/order/catalog/product/12352019
Thermo Fisher,lifetechnologies.com,E-Gel™ Low Range Quantitative DNA Ladder,bp,1,2000,200,,5,https://www.thermofisher.com/order/catalog/product/12373031
Thermo Fisher,lifetechnologies.com,E-Gel™ Low Range Quantitative DNA Ladder,bp,2,800,80,,5,https://www.thermofisher.com/order/catalog/product/12373031
Thermo Fisher,lifetechnologies.com,E-Gel™ Low Range Quantitative DNA Ladder,bp,3,400,40,,5,https://www.thermofisher.com/order/catalog/product/12373031
Thermo Fisher,lifetechnologies.com,E-Gel™ Low Range Quantitative DNA Ladder,bp,4,200,20,,5,https://www.thermofisher.com/order/catalog/product/12373031
Thermo Fisher,lifetechnologies.com,E-Gel™ Low Range Quantitative DNA Ladder,bp,5,100,10,,5,https://www.thermofisher.com/order/catalog/product/12373031
Thermo Fisher,lifetechnologies.com,E-Gel™ Sizing DNA Ladder,bp,1,1500,24,,19,https://www.thermofisher.com/order/catalog/product/10488100
Thermo Fisher,lifetechnologies.com,E-Gel™ Sizing DNA Ladder,bp,2,1200,24,,19,https://www.thermofisher.com/order/catalog/product/10488100
Thermo Fisher,lifetechnologies.com,E-Gel™ Sizing DNA Ladder,bp,3,1000,96,reference band,19,https://www.thermofisher.com/order/catalog/product/10488100
Thermo Fisher,lifetechnologies.com,E-Gel™ Sizing DNA Ladder,bp,4,900,32,,19,https://www.thermofisher.com/order/catalog/product/10488100
Thermo Fisher,lifetechnologies.com,E-Gel™ Sizing DNA Ladder,bp,5,800,32,,19,https://www.thermofisher.com/order/catalog/product/10488100
Thermo Fisher,lifetechnologies.com,E-Gel™ Sizing DNA Ladder,bp,6,700,32,,19,https://www.thermofisher.com/order/catalog/product/10488100
Thermo Fisher,lifetechnologies.com,E-Gel™ Sizing DNA Ladder,bp,7,600,32,,19,https://www.thermofisher.com/order/catalog/product/10488100
Thermo Fisher,lifetechnologies.com,E-Gel™ Sizing DNA Ladder,bp,8,500,96,reference band,19,https://www.thermofisher.com/order/catalog/product/10488100
Thermo Fisher,lifetechnologies.com,E-Gel™ Sizing DNA Ladder,bp,9,450,32,,19,https://www.thermofisher.com/order/catalog/product/10488100
Thermo Fisher,lifetechnologies.com,E-Gel™ Sizing DNA Ladder,bp,10,400,32,,19,https://www.thermofisher.com/order/catalog/product/10488100
Thermo Fisher,lifetechnologies.com,E-Gel™ Sizing DNA Ladder,bp,11,350,32,,19,https://www.thermofisher.com/order/catalog/product/10488100
Thermo Fisher,lifetechnologies.com,E-Gel™ Sizing DNA Ladder,bp,12,300,32,,19,https://www.thermofisher.com/order/catalog/product/10488100
Thermo Fisher,lifetechnologies.com,E-Gel™ Sizing DNA Ladder,bp,13,250,32,,19,https://www.thermofisher.com/order/catalog/product/10488100
Thermo Fisher,lifetechnologies.com,E-Gel™ Sizing DNA Ladder,bp,14,200,96,reference band,19,https://www.thermofisher.com/order/catalog/product/10488100
Thermo Fisher,lifetechnologies.com,E-Gel™ Sizing DNA Ladder,bp,15,150,32,,19,https://www.thermofisher.com/order/catalog/product/10488100
Thermo Fisher,lifetechnologies.com,E-Gel™ Sizing DNA Ladder,bp,16,125,32,,19,https://www.thermofisher.com/order/catalog/product/10488100
Thermo Fisher,lifetechnologies.com,E-Gel™ Sizing DNA Ladder,bp,17,100,32,,19,https://www.thermofisher.com/order/catalog/product/10488100
Thermo Fisher,lifetechnologies.com,E-Gel™ Sizing DNA Ladder,bp,18,75,40,,19,https://www.thermofisher.com/order/catalog/product/10488100
Thermo Fisher,lifetechnologies.com,E-Gel™ Sizing DNA Ladder,bp,19,50,40,,19,https://www.thermofisher.com/order/catalog/product/10488100
Thermo Fisher,lifetechnologies.com,E-Gel™ Ultra Low Range DNA Ladder,bp,1,300,35,,9,https://www.thermofisher.com/order/catalog/product/10488096
Thermo Fisher,lifetechnologies.com,E-Gel™ Ultra Low Range DNA Ladder,bp,2,200,30,,9,https://www.thermofisher.com/order/catalog/product/10488096
Thermo Fisher,lifetechnologies.com,E-Gel™ Ultra Low Range DNA Ladder,bp,3,150,30,,9,https://www.thermofisher.com/order/catalog/product/10488096
Thermo Fisher,lifetechnologies.com,E-Gel™ Ultra Low Range DNA Ladder,bp,4,100,105,reference band,9,https://www.thermofisher.com/order/catalog/product/10488096
Thermo Fisher,lifetechnologies.com,E-Gel™ Ultra Low Range DNA Ladder,bp,5,75,30,,9,https://www.thermofisher.com/order/catalog/product/10488096
Thermo Fisher,lifetechnologies.com,E-Gel™ Ultra Low Range DNA Ladder,bp,6,50,35,,9,https://www.thermofisher.com/order/catalog/product/10488096
Thermo Fisher,lifetechnologies.com,E-Gel™ Ultra Low Range DNA Ladder,bp,7,35,35,,9,https://www.thermofisher.com/order/catalog/product/10488096
Thermo Fisher,lifetechnologies.com,E-Gel™ Ultra Low Range DNA Ladder,bp,8,20,75,,9,https://www.thermofisher.com/order/catalog/product/10488096
Thermo Fisher,lifetechnologies.com,E-Gel™ Ultra Low Range DNA Ladder,bp,9,10,125,,9,https://www.thermofisher.com/order/catalog/product/10488096
Thermo Fisher,lifetechnologies.com,FastRuler™ High Range DNA Ladder,bp,1,10000,80,,5,http://www.fermentas.com/en/products/all/dna-electrophoresis/fastruler-dna-ladders/sm112-fastruler-high
Thermo Fisher,lifetechnologies.com,FastRuler™ High Range DNA Ladder,bp,2,4000,80,,5,http://www.fermentas.com/en/products/all/dna-electrophoresis/fastruler-dna-ladders/sm112-fastruler-high
Thermo Fisher,lifetechnologies.com,FastRuler™ High Range DNA Ladder,bp,3,2000,80,,5,http://www.fermentas.com/en/products/all/dna-electrophoresis/fastruler-dna-ladders/sm112-fastruler-high
Thermo Fisher,lifetechnologies.com,FastRuler™ High Range DNA Ladder,bp,4,1000,80,,5,http://www.fermentas.com/en/products/all/dna-electrophoresis/fastruler-dna-ladders/sm112-fastruler-high
Thermo Fisher,lifetechnologies.com,FastRuler™ High Range DNA Ladder,bp,5,500,80,,5,http://www.fermentas.com/en/products/all/dna-electrophoresis/fastruler-dna-ladders/sm112-fastruler-high
Thermo Fisher,lifetechnologies.com,FastRuler™ Low Range DNA Ladder,bp,1,1500,80,,5,http://www.fermentas.com/en/products/all/dna-electrophoresis/fastruler-dna-ladders/sm110-fastruler-low
Thermo Fisher,lifetechnologies.com,FastRuler™ Low Range DNA Ladder,bp,2,850,80,,5,http://www.fermentas.com/en/products/all/dna-electrophoresis/fastruler-dna-ladders/sm110-fastruler-low
Thermo Fisher,lifetechnologies.com,FastRuler™ Low Range DNA Ladder,bp,3,400,80,,5,http://www.fermentas.com/en/products/all/dna-electrophoresis/fastruler-dna-ladders/sm110-fastruler-low
Thermo Fisher,lifetechnologies.com,FastRuler™ Low Range DNA Ladder,bp,4,200,80,,5,http://www.fermentas.com/en/products/all/dna-electrophoresis/fastruler-dna-ladders/sm110-fastruler-low
Thermo Fisher,lifetechnologies.com,FastRuler™ Low Range DNA Ladder,bp,5,50,80,,5,http://www.fermentas.com/en/products/all/dna-electrophoresis/fastruler-dna-ladders/sm110-fastruler-low
Thermo Fisher,lifetechnologies.com,FastRuler™ Middle Range DNA Ladder,bp,1,5000,80,,5,http://www.fermentas.com/en/products/all/dna-electrophoresis/fastruler-dna-ladders/sm111-fastruler-middle
Thermo Fisher,lifetechnologies.com,FastRuler™ Middle Range DNA Ladder,bp,2,2000,80,,5,http://www.fermentas.com/en/products/all/dna-electrophoresis/fastruler-dna-ladders/sm111-fastruler-middle
Thermo Fisher,lifetechnologies.com,FastRuler™ Middle Range DNA Ladder,bp,3,850,80,,5,http://www.fermentas.com/en/products/all/dna-electrophoresis/fastruler-dna-ladders/sm111-fastruler-middle
Thermo Fisher,lifetechnologies.com,FastRuler™ Middle Range DNA Ladder,bp,4,400,80,,5,http://www.fermentas.com/en/products/all/dna-electrophoresis/fastruler-dna-ladders/sm111-fastruler-middle
Thermo Fisher,lifetechnologies.com,FastRuler™ Middle Range DNA Ladder,bp,5,100,80,,5,http://www.fermentas.com/en/products/all/dna-electrophoresis/fastruler-dna-ladders/sm111-fastruler-middle
Thermo Fisher,lifetechnologies.com,GeneRuler™ 50 bp DNA Ladder,bp,1,1000,60,,13,http://www.fermentas.com/en/products/all/dna-electrophoresis/generuler-dna-ladders/sm037-generuler-50bp
Thermo Fisher,lifetechnologies.com,GeneRuler™ 50 bp DNA Ladder,bp,2,900,60,,13,http://www.fermentas.com/en/products/all/dna-electrophoresis/generuler-dna-ladders/sm037-generuler-50bp
Thermo Fisher,lifetechnologies.com,GeneRuler™ 50 bp DNA Ladder,bp,3,800,60,,13,http://www.fermentas.com/en/products/all/dna-electrophoresis/generuler-dna-ladders/sm037-generuler-50bp
Thermo Fisher,lifetechnologies.com,GeneRuler™ 50 bp DNA Ladder,bp,4,700,60,,13,http://www.fermentas.com/en/products/all/dna-electrophoresis/generuler-dna-ladders/sm037-generuler-50bp
Thermo Fisher,lifetechnologies.com,GeneRuler™ 50 bp DNA Ladder,bp,5,600,60,,13,http://www.fermentas.com/en/products/all/dna-electrophoresis/generuler-dna-ladders/sm037-generuler-50bp
Thermo Fisher,lifetechnologies.com,GeneRuler™ 50 bp DNA Ladder,bp,6,500,150,reference band,13,http://www.fermentas.com/en/products/all/dna-electrophoresis/generuler-dna-ladders/sm037-generuler-50bp
Thermo Fisher,lifetechnologies.com,GeneRuler™ 50 bp DNA Ladder,bp,7,400,60,,13,http://www.fermentas.com/en/products/all/dna-electrophoresis/generuler-dna-ladders/sm037-generuler-50bp
Thermo Fisher,lifetechnologies.com,GeneRuler™ 50 bp DNA Ladder,bp,8,300,60,,13,http://www.fermentas.com/en/products/all/dna-electrophoresis/generuler-dna-ladders/sm037-generuler-50bp
Thermo Fisher,lifetechnologies.com,GeneRuler™ 50 bp DNA Ladder,bp,9,250,150,reference band,13,http://www.fermentas.com/en/products/all/dna-electrophoresis/generuler-dna-ladders/sm037-generuler-50bp
Thermo Fisher,lifetechnologies.com,GeneRuler™ 50 bp DNA Ladder,bp,10,200,70,,13,http://www.fermentas.com/en/products/all/dna-electrophoresis/generuler-dna-ladders/sm037-generuler-50bp
Thermo Fisher,lifetechnologies.com,GeneRuler™ 50 bp DNA Ladder,bp,11,150,70,,13,http://www.fermentas.com/en/products/all/dna-electrophoresis/generuler-dna-ladders/sm037-generuler-50bp
Thermo Fisher,lifetechnologies.com,GeneRuler™ 50 bp DNA Ladder,bp,12,100,70,,13,http://www.fermentas.com/en/products/all/dna-electrophoresis/generuler-dna-ladders/sm037-generuler-50bp
Thermo Fisher,lifetechnologies.com,GeneRuler™ 50 bp DNA Ladder,bp,13,50,70,,13,http://www.fermentas.com/en/products/all/dna-electrophoresis/generuler-dna-ladders/sm037-generuler-50bp
Thermo Fisher,lifetechnologies.com,GeneRuler™ 100 bp DNA Ladder,bp,1,1000,45,,10,http://www.fermentas.com/en/products/all/dna-electrophoresis/generuler-dna-ladders/sm024-generuler-100bp
Thermo Fisher,lifetechnologies.com,GeneRuler™ 100 bp DNA Ladder,bp,2,900,45,,10,http://www.fermentas.com/en/products/all/dna-electrophoresis/generuler-dna-ladders/sm024-generuler-100bp
Thermo Fisher,lifetechnologies.com,GeneRuler™ 100 bp DNA Ladder,bp,3,800,45,,10,http://www.fermentas.com/en/products/all/dna-electrophoresis/generuler-dna-ladders/sm024-generuler-100bp
Thermo Fisher,lifetechnologies.com,GeneRuler™ 100 bp DNA Ladder,bp,4,700,45,,10,http://www.fermentas.com/en/products/all/dna-electrophoresis/generuler-dna-ladders/sm024-generuler-100bp
Thermo Fisher,lifetechnologies.com,GeneRuler™ 100 bp DNA Ladder,bp,5,600,45,,10,http://www.fermentas.com/en/products/all/dna-electrophoresis/generuler-dna-ladders/sm024-generuler-100bp
Thermo Fisher,lifetechnologies.com,GeneRuler™ 100 bp DNA Ladder,bp,6,500,115,reference band,10,http://www.fermentas.com/en/products/all/dna-electrophoresis/generuler-dna-ladders/sm024-generuler-100bp
Thermo Fisher,lifetechnologies.com,GeneRuler™ 100 bp DNA Ladder,bp,7,400,40,,10,http://www.fermentas.com/en/products/all/dna-electrophoresis/generuler-dna-ladders/sm024-generuler-100bp
Thermo Fisher,lifetechnologies.com,GeneRuler™ 100 bp DNA Ladder,bp,8,300,40,,10,http://www.fermentas.com/en/products/all/dna-electrophoresis/generuler-dna-ladders/sm024-generuler-100bp
Thermo Fisher,lifetechnologies.com,GeneRuler™ 100 bp DNA Ladder,bp,9,200,40,,10,http://www.fermentas.com/en/products/all/dna-electrophoresis/generuler-dna-ladders/sm024-generuler-100bp
Thermo Fisher,lifetechnologies.com,GeneRuler™ 100 bp DNA Ladder,bp,10,100,40,,10,http://www.fermentas.com/en/products/all/dna-electrophoresis/generuler-dna-ladders/sm024-generuler-100bp
Thermo Fisher,lifetechnologies.com,GeneRuler™ 100 bp Plus DNA Ladder,bp,1,3000,56,,14,http://www.fermentas.com/en/products/all/dna-electrophoresis/generuler-dna-ladders/sm032-generuler-100bp-plus
Thermo Fisher,lifetechnologies.com,GeneRuler™ 100 bp Plus DNA Ladder,bp,2,2000,56,,14,http://www.fermentas.com/en/products/all/dna-electrophoresis/generuler-dna-ladders/sm032-generuler-100bp-plus
Thermo Fisher,lifetechnologies.com,GeneRuler™ 100 bp Plus DNA Ladder,bp,3,1500,56,,14,http://www.fermentas.com/en/products/all/dna-electrophoresis/generuler-dna-ladders/sm032-generuler-100bp-plus
Thermo Fisher,lifetechnologies.com,GeneRuler™ 100 bp Plus DNA Ladder,bp,4,1200,56,,14,http://www.fermentas.com/en/products/all/dna-electrophoresis/generuler-dna-ladders/sm032-generuler-100bp-plus
Thermo Fisher,lifetechnologies.com,GeneRuler™ 100 bp Plus DNA Ladder,bp,5,1000,160,reference band,14,http://www.fermentas.com/en/products/all/dna-electrophoresis/generuler-dna-ladders/sm032-generuler-100bp-plus
Thermo Fisher,lifetechnologies.com,GeneRuler™ 100 bp Plus DNA Ladder,bp,6,900,54,,14,http://www.fermentas.com/en/products/all/dna-electrophoresis/generuler-dna-ladders/sm032-generuler-100bp-plus
Thermo Fisher,lifetechnologies.com,GeneRuler™ 100 bp Plus DNA Ladder,bp,7,800,54,,14,http://www.fermentas.com/en/products/all/dna-electrophoresis/generuler-dna-ladders/sm032-generuler-100bp-plus
Thermo Fisher,lifetechnologies.com,GeneRuler™ 100 bp Plus DNA Ladder,bp,8,700,54,,14,http://www.fermentas.com/en/products/all/dna-electrophoresis/generuler-dna-ladders/sm032-generuler-100bp-plus
Thermo Fisher,lifetechnologies.com,GeneRuler™ 100 bp Plus DNA Ladder,bp,9,600,54,,14,http://www.fermentas.com/en/products/all/dna-electrophoresis/generuler-dna-ladders/sm032-generuler-100bp-plus
Thermo Fisher,lifetechnologies.com,GeneRuler™ 100 bp Plus DNA Ladder,bp,10,500,160,reference band,14,http://www.fermentas.com/en/products/all/dna-electrophoresis/generuler-dna-ladders/sm032-generuler-100bp-plus
Thermo Fisher,lifetechnologies.com,GeneRuler™ 100 bp Plus DNA Ladder,bp,11,400,60,,14,http://www.fermentas.com/en/products/all/dna-electrophoresis/generuler-dna-ladders/sm032-generuler-100bp-plus
Thermo Fisher,lifetechnologies.com,GeneRuler™ 100 bp Plus DNA Ladder,bp,12,300,60,,14,http://www.fermentas.com/en/products/all/dna-electrophoresis/generuler-dna-ladders/sm032-generuler-100bp-plus
Thermo Fisher,lifetechnologies.com,GeneRuler™ 100 bp Plus DNA Ladder,bp,13,200,60,,14,http://www.fermentas.com/en/products/all/dna-electrophoresis/generuler-dna-ladders/sm032-generuler-100bp-plus
Thermo Fisher,lifetechnologies.com,GeneRuler™ 100 bp Plus DNA Ladder,bp,14,100,60,,14,http://www.fermentas.com/en/products/all/dna-electrophoresis/generuler-dna-ladders/sm032-generuler-100bp-plus
Thermo Fisher,lifetechnologies.com,GeneRuler™ 1 kb DNA Ladder,bp,1,10000,60,,14,http://www.fermentas.com/en/products/all/dna-electrophoresis/generuler-dna-ladders/sm031-generuler-1kb
Thermo Fisher,lifetechnologies.com,GeneRuler™ 1 kb DNA Ladder,bp,2,8000,60,,14,http://www.fermentas.com/en/products/all/dna-electrophoresis/generuler-dna-ladders/sm031-generuler-1kb
Thermo Fisher,lifetechnologies.com,GeneRuler™ 1 kb DNA Ladder,bp,3,6000,140,reference band,14,http://www.fermentas.com/en/products/all/dna-electrophoresis/generuler-dna-ladders/sm031-generuler-1kb
Thermo Fisher,lifetechnologies.com,GeneRuler™ 1 kb DNA Ladder,bp,4,5000,60,,14,http://www.fermentas.com/en/products/all/dna-electrophoresis/generuler-dna-ladders/sm031-generuler-1kb
Thermo Fisher,lifetechnologies.com,GeneRuler™ 1 kb DNA Ladder,bp,5,4000,60,,14,http://www.fermentas.com/en/products/all/dna-electrophoresis/generuler-dna-ladders/sm031-generuler-1kb
Thermo Fisher,lifetechnologies.com,GeneRuler™ 1 kb DNA Ladder,bp,6,3500,60,,14,http://www.fermentas.com/en/products/all/dna-electrophoresis/generuler-dna-ladders/sm031-generuler-1kb
Thermo Fisher,lifetechnologies.com,GeneRuler™ 1 kb DNA Ladder,bp,7,3000,140,reference band,14,http://www.fermentas.com/en/products/all/dna-electrophoresis/generuler-dna-ladders/sm031-generuler-1kb
Thermo Fisher,lifetechnologies.com,GeneRuler™ 1 kb DNA Ladder,bp,8,2500,50,,14,http://www.fermentas.com/en/products/all/dna-electrophoresis/generuler-dna-ladders/sm031-generuler-1kb
Thermo Fisher,lifetechnologies.com,GeneRuler™ 1 kb DNA Ladder,bp,9,2000,50,,14,http://www.fermentas.com/en/products/all/dna-electrophoresis/generuler-dna-ladders/sm031-generuler-1kb
Thermo Fisher,lifetechnologies.com,GeneRuler™ 1 kb DNA Ladder,bp,10,1500,50,,14,http://www.fermentas.com/en/products/all/dna-electrophoresis/generuler-dna-ladders/sm031-generuler-1kb
Thermo Fisher,lifetechnologies.com,GeneRuler™ 1 kb DNA Ladder,bp,11,1000,120,reference band,14,http://www.fermentas.com/en/products/all/dna-electrophoresis/generuler-dna-ladders/sm031-generuler-1kb
Thermo Fisher,lifetechnologies.com,GeneRuler™ 1 kb DNA Ladder,bp,12,750,50,,14,http://www.fermentas.com/en/products/all/dna-electrophoresis/generuler-dna-ladders/sm031-generuler-1kb
Thermo Fisher,lifetechnologies.com,GeneRuler™ 1 kb DNA Ladder,bp,13,500,50,,14,http://www.fermentas.com/en/products/all/dna-electrophoresis/generuler-dna-ladders/sm031-generuler-1kb
Thermo Fisher,lifetechnologies.com,GeneRuler™ 1 kb DNA Ladder,bp,14,250,50,,14,http://www.fermentas.com/en/products/all/dna-electrophoresis/generuler-dna-ladders/sm031-generuler-1kb
Thermo Fisher,lifetechnologies.com,GeneRuler™ 1 kb Plus DNA Ladder,bp,1,20000,40,,15,http://www.fermentas.com/en/products/all/dna-electrophoresis/generuler-dna-ladders/sm133-generuler-1kb-plus
Thermo Fisher,lifetechnologies.com,GeneRuler™ 1 kb Plus DNA Ladder,bp,2,10000,40,,15,http://www.fermentas.com/en/products/all/dna-electrophoresis/generuler-dna-ladders/sm133-generuler-1kb-plus
Thermo Fisher,lifetechnologies.com,GeneRuler™ 1 kb Plus DNA Ladder,bp,3,7000,40,,15,http://www.fermentas.com/en/products/all/dna-electrophoresis/generuler-dna-ladders/sm133-generuler-1kb-plus
Thermo Fisher,lifetechnologies.com,GeneRuler™ 1 kb Plus DNA Ladder,bp,4,5000,150,reference band,15,http://www.fermentas.com/en/products/all/dna-electrophoresis/generuler-dna-ladders/sm133-generuler-1kb-plus
Thermo Fisher,lifetechnologies.com,GeneRuler™ 1 kb Plus DNA Ladder,bp,5,4000,40,,15,http://www.fermentas.com/en/products/all/dna-electrophoresis/generuler-dna-ladders/sm133-generuler-1kb-plus
Thermo Fisher,lifetechnologies.com,GeneRuler™ 1 kb Plus DNA Ladder,bp,6,3000,40,,15,http://www.fermentas.com/en/products/all/dna-electrophoresis/generuler-dna-ladders/sm133-generuler-1kb-plus
Thermo Fisher,lifetechnologies.com,GeneRuler™ 1 kb Plus DNA Ladder,bp,7,2000,40,,15,http://www.fermentas.com/en/products/all/dna-electrophoresis/generuler-dna-ladders/sm133-generuler-1kb-plus
Thermo Fisher,lifetechnologies.com,GeneRuler™ 1 kb Plus DNA Ladder,bp,8,1500,160,reference band,15,http://www.fermentas.com/en/products/all/dna-electrophoresis/generuler-dna-ladders/sm133-generuler-1kb-plus
Thermo Fisher,lifetechnologies.com,GeneRuler™ 1 kb Plus DNA Ladder,bp,9,1000,50,,15,http://www.fermentas.com/en/products/all/dna-electrophoresis/generuler-dna-ladders/sm133-generuler-1kb-plus
Thermo Fisher,lifetechnologies.com,GeneRuler™ 1 kb Plus DNA Ladder,bp,10,700,50,,15,http://www.fermentas.com/en/products/all/dna-electrophoresis/generuler-dna-ladders/sm133-generuler-1kb-plus
Thermo Fisher,lifetechnologies.com,GeneRuler™ 1 kb Plus DNA Ladder,bp,11,500,150,reference band,15,http://www.fermentas.com/en/products/all/dna-electrophoresis/generuler-dna-ladders/sm133-generuler-1kb-plus
Thermo Fisher,lifetechnologies.com,GeneRuler™ 1 kb Plus DNA Ladder,bp,12,400,50,,15,http://www.fermentas.com/en/products/all/dna-electrophoresis/generuler-dna-ladders/sm133-generuler-1kb-plus
Thermo Fisher,lifetechnologies.com,GeneRuler™ 1 kb Plus DNA Ladder,bp,13,300,50,,15,http://www.fermentas.com/en/products/all/dna-electrophoresis/generuler-dna-ladders/sm133-generuler-1kb-plus
Thermo Fisher,lifetechnologies.com,GeneRuler™ 1 kb Plus DNA Ladder,bp,14,200,50,,15,http://www.fermentas.com/en/products/all/dna-electrophoresis/generuler-dna-ladders/sm133-generuler-1kb-plus
Thermo Fisher,lifetechnologies.com,GeneRuler™ 1 kb Plus DNA Ladder,bp,15,75,50,,15,http://www.fermentas.com/en/products/all/dna-electrophoresis/generuler-dna-ladders/sm133-generuler-1kb-plus
Thermo Fisher,lifetechnologies.com,GeneRuler™ DNA Ladder Mix,bp,1,10000,36,,21,http://www.fermentas.com/en/products/all/dna-electrophoresis/generuler-dna-ladders/sm033-generuler-mix
Thermo Fisher,lifetechnologies.com,GeneRuler™ DNA Ladder Mix,bp,2,8000,36,,21,http://www.fermentas.com/en/products/all/dna-electrophoresis/generuler-dna-ladders/sm033-generuler-mix
Thermo Fisher,lifetechnologies.com,GeneRuler™ DNA Ladder Mix,bp,3,6000,36,,21,http://www.fermentas.com/en/products/all/dna-electrophoresis/generuler-dna-ladders/sm033-generuler-mix
Thermo Fisher,lifetechnologies.com,GeneRuler™ DNA Ladder Mix,bp,4,5000,36,,21,http://www.fermentas.com/en/products/all/dna-electrophoresis/generuler-dna-ladders/sm033-generuler-mix
Thermo Fisher,lifetechnologies.com,GeneRuler™ DNA Ladder Mix,bp,5,4000,36,,21,http://www.fermentas.com/en/products/all/dna-electrophoresis/generuler-dna-ladders/sm033-generuler-mix
Thermo Fisher,lifetechnologies.com,GeneRuler™ DNA Ladder Mix,bp,6,3500,36,,21,http://www.fermentas.com/en/products/all/dna-electrophoresis/generuler-dna-ladders/sm033-generuler-mix
Thermo Fisher,lifetechnologies.com,GeneRuler™ DNA Ladder Mix,bp,7,3000,120,reference band,21,http://www.fermentas.com/en/products/all/dna-electrophoresis/generuler-dna-ladders/sm033-generuler-mix
Thermo Fisher,lifetechnologies.com,GeneRuler™ DNA Ladder Mix,bp,8,2500,32,,21,http://www.fermentas.com/en/products/all/dna-electrophoresis/generuler-dna-ladders/sm033-generuler-mix
Thermo Fisher,lifetechnologies.com,GeneRuler™ DNA Ladder Mix,bp,9,2000,32,,21,http://www.fermentas.com/en/products/all/dna-electrophoresis/generuler-dna-ladders/sm033-generuler-mix
Thermo Fisher,lifetechnologies.com,GeneRuler™ DNA Ladder Mix,bp,10,1500,32,,21,http://www.fermentas.com/en/products/all/dna-electrophoresis/generuler-dna-ladders/sm033-generuler-mix
Thermo Fisher,lifetechnologies.com,GeneRuler™ DNA Ladder Mix,bp,11,1200,32,,21,http://www.fermentas.com/en/products/all/dna-electrophoresis/generuler-dna-ladders/sm033-generuler-mix
Thermo Fisher,lifetechnologies.com,GeneRuler™ DNA Ladder Mix,bp,12,1000,120,reference band,21,http://www.fermentas.com/en/products/all/dna-electrophoresis/generuler-dna-ladders/sm033-generuler-mix
Thermo Fisher,lifetechnologies.com,GeneRuler™ DNA Ladder Mix,bp,13,900,34,,21,http://www.fermentas.com/en/products/all/dna-electrophoresis/generuler-dna-ladders/sm033-generuler-mix
Thermo Fisher,lifetechnologies.com,GeneRuler™ DNA Ladder Mix,bp,14,800,34,,21,http://www.fermentas.com/en/products/all/dna-electrophoresis/generuler-dna-ladders/sm033-generuler-mix
Thermo Fisher,lifetechnologies.com,GeneRuler™ DNA Ladder Mix,bp,15,700,34,,21,http://www.fermentas.com/en/products/all/dna-electrophoresis/generuler-dna-ladders/sm033-generuler-mix
Thermo Fisher,lifetechnologies.com,GeneRuler™ DNA Ladder Mix,bp,16,600,34,,21,http://www.fermentas.com/en/products/all/dna-electrophoresis/generuler-dna-ladders/sm033-generuler-mix
Thermo Fisher,lifetechnologies.com,GeneRuler™ DNA Ladder Mix,bp,17,500,120,reference band,21,http://www.fermentas.com/en/products/all/dna-electrophoresis/generuler-dna-ladders/sm033-generuler-mix
Thermo Fisher,lifetechnologies.com,GeneRuler™ DNA Ladder Mix,bp,18,400,40,,21,http://www.fermentas.com/en/products/all/dna-electrophoresis/generuler-dna-ladders/sm033-generuler-mix
Thermo Fisher,lifetechnologies.com,GeneRuler™ DNA Ladder Mix,bp,19,300,40,,21,http://www.fermentas.com/en/products/all/dna-electrophoresis/generuler-dna-ladders/sm033-generuler-mix
Thermo Fisher,lifetechnologies.com,GeneRuler™ DNA Ladder Mix,bp,20,200,40,,21,http://www.fermentas.com/en/products/all/dna-electrophoresis/generuler-dna-ladders/sm033-generuler-mix
Thermo Fisher,lifetechnologies.com,GeneRuler™ DNA Ladder Mix,bp,21,100,40,,21,http://www.fermentas.com/en/products/all/dna-electrophoresis/generuler-dna-ladders/sm033-generuler-mix
Thermo Fisher,lifetechnologies.com,GeneRuler™ Express DNA Ladder,bp,1,5000,60,,9,http://www.fermentas.com/en/products/all/dna-electrophoresis/generuler-dna-ladders/sm155-generuler-express
Thermo Fisher,lifetechnologies.com,GeneRuler™ Express DNA Ladder,bp,2,3000,60,,9,http://www.fermentas.com/en/products/all/dna-electrophoresis/generuler-dna-ladders/sm155-generuler-express
Thermo Fisher,lifetechnologies.com,GeneRuler™ Express DNA Ladder,bp,3,2000,60,,9,http://www.fermentas.com/en/products/all/dna-electrophoresis/generuler-dna-ladders/sm155-generuler-express
Thermo Fisher,lifetechnologies.com,GeneRuler™ Express DNA Ladder,bp,4,1500,150,reference band,9,http://www.fermentas.com/en/products/all/dna-electrophoresis/generuler-dna-ladders/sm155-generuler-express
Thermo Fisher,lifetechnologies.com,GeneRuler™ Express DNA Ladder,bp,5,1000,60,,9,http://www.fermentas.com/en/products/all/dna-electrophoresis/generuler-dna-ladders/sm155-generuler-express
Thermo Fisher,lifetechnologies.com,GeneRuler™ Express DNA Ladder,bp,6,750,60,,9,http://www.fermentas.com/en/products/all/dna-electrophoresis/generuler-dna-ladders/sm155-generuler-express
Thermo Fisher,lifetechnologies.com,GeneRuler™ Express DNA Ladder,bp,7,500,150,reference band,9,http://www.fermentas.com/en/products/all/dna-electrophoresis/generuler-dna-ladders/sm155-generuler-express
Thermo Fisher,lifetechnologies.com,GeneRuler™ Express DNA Ladder,bp,8,300,75,,9,http://www.fermentas.com/en/products/all/dna-electrophoresis/generuler-dna-ladders/sm155-generuler-express
Thermo Fisher,lifetechnologies.com,GeneRuler™ Express DNA Ladder,bp,9,100,75,,9,http://www.fermentas.com/en/products/all/dna-electrophoresis/generuler-dna-ladders/sm155-generuler-express
Thermo Fisher,lifetechnologies.com,GeneRuler™ High Range DNA Ladder,bp,1,48502,80,,8,http://www.thermoscientificbio.com/nucleic-acid-electrophoresis/generuler-high-range-dna-ladder-ready-to-use-10171-to-48502-bp/
Thermo Fisher,lifetechnologies.com,GeneRuler™ High Range DNA Ladder,bp,2,24508,88,,8,http://www.thermoscientificbio.com/nucleic-acid-electrophoresis/generuler-high-range-dna-ladder-ready-to-use-10171-to-48502-bp/
Thermo Fisher,lifetechnologies.com,GeneRuler™ High Range DNA Ladder,bp,3,20555,80,,8,http://www.thermoscientificbio.com/nucleic-acid-electrophoresis/generuler-high-range-dna-ladder-ready-to-use-10171-to-48502-bp/
Thermo Fisher,lifetechnologies.com,GeneRuler™ High Range DNA Ladder,bp,4,17000,59,,8,http://www.thermoscientificbio.com/nucleic-acid-electrophoresis/generuler-high-range-dna-ladder-ready-to-use-10171-to-48502-bp/
Thermo Fisher,lifetechnologies.com,GeneRuler™ High Range DNA Ladder,bp,5,15258,59,,8,http://www.thermoscientificbio.com/nucleic-acid-electrophoresis/generuler-high-range-dna-ladder-ready-to-use-10171-to-48502-bp/
Thermo Fisher,lifetechnologies.com,GeneRuler™ High Range DNA Ladder,bp,6,13825,50,,8,http://www.thermoscientificbio.com/nucleic-acid-electrophoresis/generuler-high-range-dna-ladder-ready-to-use-10171-to-48502-bp/
Thermo Fisher,lifetechnologies.com,GeneRuler™ High Range DNA Ladder,bp,7,12119,47,,8,http://www.thermoscientificbio.com/nucleic-acid-electrophoresis/generuler-high-range-dna-ladder-ready-to-use-10171-to-48502-bp/
Thermo Fisher,lifetechnologies.com,GeneRuler™ High Range DNA Ladder,bp,8,10171,37,,8,http://www.thermoscientificbio.com/nucleic-acid-electrophoresis/generuler-high-range-dna-ladder-ready-to-use-10171-to-48502-bp/
Thermo Fisher,lifetechnologies.com,GeneRuler™ Low Range DNA Ladder,bp,1,700,30,,10,http://www.fermentas.com/en/products/all/dna-electrophoresis/generuler-dna-ladders/sm119-generuler-low
Thermo Fisher,lifetechnologies.com,GeneRuler™ Low Range DNA Ladder,bp,2,500,33,,10,http://www.fermentas.com/en/products/all/dna-electrophoresis/generuler-dna-ladders/sm119-generuler-low
Thermo Fisher,lifetechnologies.com,GeneRuler™ Low Range DNA Ladder,bp,3,400,35,,10,http://www.fermentas.com/en/products/all/dna-electrophoresis/generuler-dna-ladders/sm119-generuler-low
Thermo Fisher,lifetechnologies.com,GeneRuler™ Low Range DNA Ladder,bp,4,300,90,reference band,10,http://www.fermentas.com/en/products/all/dna-electrophoresis/generuler-dna-ladders/sm119-generuler-low
Thermo Fisher,lifetechnologies.com,GeneRuler™ Low Range DNA Ladder,bp,5,200,35,,10,http://www.fermentas.com/en/products/all/dna-electrophoresis/generuler-dna-ladders/sm119-generuler-low
Thermo Fisher,lifetechnologies.com,GeneRuler™ Low Range DNA Ladder,bp,6,150,35,,10,http://www.fermentas.com/en/products/all/dna-electrophoresis/generuler-dna-ladders/sm119-generuler-low
Thermo Fisher,lifetechnologies.com,GeneRuler™ Low Range DNA Ladder,bp,7,100,90,reference band,10,http://www.fermentas.com/en/products/all/dna-electrophoresis/generuler-dna-ladders/sm119-generuler-low
Thermo Fisher,lifetechnologies.com,GeneRuler™ Low Range DNA Ladder,bp,8,75,38,,10,http://www.fermentas.com/en/products/all/dna-electrophoresis/generuler-dna-ladders/sm119-generuler-low
Thermo Fisher,lifetechnologies.com,GeneRuler™ Low Range DNA Ladder,bp,9,50,40,,10,http://www.fermentas.com/en/products/all/dna-electrophoresis/generuler-dna-ladders/sm119-generuler-low
Thermo Fisher,lifetechnologies.com,GeneRuler™ Low Range DNA Ladder,bp,10,25,75,,10,http://www.fermentas.com/en/products/all/dna-electrophoresis/generuler-dna-ladders/sm119-generuler-low
Thermo Fisher,lifetechnologies.com,GeneRuler™ Ultra Low Range DNA Ladder,bp,1,300,30,,11,http://www.thermoscientificbio.com/nucleic-acid-electrophoresis/generuler-ultra-low-range-dna-ladder-10-to-300-bp/
Thermo Fisher,lifetechnologies.com,GeneRuler™ Ultra Low Range DNA Ladder,bp,2,200,33,,11,http://www.thermoscientificbio.com/nucleic-acid-electrophoresis/generuler-ultra-low-range-dna-ladder-10-to-300-bp/
Thermo Fisher,lifetechnologies.com,GeneRuler™ Ultra Low Range DNA Ladder,bp,3,150,35,,11,http://www.thermoscientificbio.com/nucleic-acid-electrophoresis/generuler-ultra-low-range-dna-ladder-10-to-300-bp/
Thermo Fisher,lifetechnologies.com,GeneRuler™ Ultra Low Range DNA Ladder,bp,4,100,38,,11,http://www.thermoscientificbio.com/nucleic-acid-electrophoresis/generuler-ultra-low-range-dna-ladder-10-to-300-bp/
Thermo Fisher,lifetechnologies.com,GeneRuler™ Ultra Low Range DNA Ladder,bp,5,75,38,,11,http://www.thermoscientificbio.com/nucleic-acid-electrophoresis/generuler-ultra-low-range-dna-ladder-10-to-300-bp/
Thermo Fisher,lifetechnologies.com,GeneRuler™ Ultra Low Range DNA Ladder,bp,6,50,105,reference band,11,http://www.thermoscientificbio.com/nucleic-acid-electrophoresis/generuler-ultra-low-range-dna-ladder-10-to-300-bp/
Thermo Fisher,lifetechnologies.com,GeneRuler™ Ultra Low Range DNA Ladder,bp,7,35,38,,11,http://www.thermoscientificbio.com/nucleic-acid-electrophoresis/generuler-ultra-low-range-dna-ladder-10-to-300-bp/
Thermo Fisher,lifetechnologies.com,GeneRuler™ Ultra Low Range DNA Ladder,bp,8,25,38,,11,http://www.thermoscientificbio.com/nucleic-acid-electrophoresis/generuler-ultra-low-range-dna-ladder-10-to-300-bp/
Thermo Fisher,lifetechnologies.com,GeneRuler™ Ultra Low Range DNA Ladder,bp,9,20,40,,11,http://www.thermoscientificbio.com/nucleic-acid-electrophoresis/generuler-ultra-low-range-dna-ladder-10-to-300-bp/
Thermo Fisher,lifetechnologies.com,GeneRuler™ Ultra Low Range DNA Ladder,bp,10,15,48,,11,http://www.thermoscientificbio.com/nucleic-acid-electrophoresis/generuler-ultra-low-range-dna-ladder-10-to-300-bp/
Thermo Fisher,lifetechnologies.com,GeneRuler™ Ultra Low Range DNA Ladder,bp,11,10,60,,11,http://www.thermoscientificbio.com/nucleic-acid-electrophoresis/generuler-ultra-low-range-dna-ladder-10-to-300-bp/
Thermo Fisher,lifetechnologies.com,High DNA Mass™ Ladder,kb,1,10000,200,,6,http://products.invitrogen.com/ivgn/product/10496016
Thermo Fisher,lifetechnologies.com,High DNA Mass™ Ladder,kb,2,6000,120,,6,http://products.invitrogen.com/ivgn/product/10496016
Thermo Fisher,lifetechnologies.com,High DNA Mass™ Ladder,kb,3,4000,80,,6,http://products.invitrogen.com/ivgn/product/10496016
Thermo Fisher,lifetechnologies.com,High DNA Mass™ Ladder,kb,4,3000,60,,6,http://products.invitrogen.com/ivgn/product/10496016
Thermo Fisher,lifetechnologies.com,High DNA Mass™ Ladder,kb,5,2000,40,,6,http://products.invitrogen.com/ivgn/product/10496016
Thermo Fisher,lifetechnologies.com,High DNA Mass™ Ladder,kb,6,1000,20,,6,http://products.invitrogen.com/ivgn/product/10496016
Thermo Fisher,lifetechnologies.com,Low DNA Mass™ Ladder,bp,1,2000,200,,6,http://products.invitrogen.com/ivgn/product/10068013
Thermo Fisher,lifetechnologies.com,Low DNA Mass™ Ladder,bp,2,1200,120,,6,http://products.invitrogen.com/ivgn/product/10068013
Thermo Fisher,lifetechnologies.com,Low DNA Mass™ Ladder,bp,3,800,80,,6,http://products.invitrogen.com/ivgn/product/10068013
Thermo Fisher,lifetechnologies.com,Low DNA Mass™ Ladder,bp,4,400,40,,6,http://products.invitrogen.com/ivgn/product/10068013
Thermo Fisher,lifetechnologies.com,Low DNA Mass™ Ladder,bp,5,200,20,,6,http://products.invitrogen.com/ivgn/product/10068013
Thermo Fisher,lifetechnologies.com,Low DNA Mass™ Ladder,bp,6,100,10,,6,http://products.invitrogen.com/ivgn/product/10068013
Thermo Fisher,lifetechnologies.com,MassRuler™ DNA Ladder Mix,bp,1,10000,100,reference band,20,http://www.thermoscientificbio.com/nucleic-acid-electrophoresis/massruler-dna-ladder-mix-ready-to-use-80-10000-bp/
Thermo Fisher,lifetechnologies.com,MassRuler™ DNA Ladder Mix,bp,2,8000,80,,20,http://www.thermoscientificbio.com/nucleic-acid-electrophoresis/massruler-dna-ladder-mix-ready-to-use-80-10000-bp/
Thermo Fisher,lifetechnologies.com,MassRuler™ DNA Ladder Mix,bp,3,6000,60,,20,http://www.thermoscientificbio.com/nucleic-acid-electrophoresis/massruler-dna-ladder-mix-ready-to-use-80-10000-bp/
Thermo Fisher,lifetechnologies.com,MassRuler™ DNA Ladder Mix,bp,4,5000,50,,20,http://www.thermoscientificbio.com/nucleic-acid-electrophoresis/massruler-dna-ladder-mix-ready-to-use-80-10000-bp/
Thermo Fisher,lifetechnologies.com,MassRuler™ DNA Ladder Mix,bp,5,4000,40,,20,http://www.thermoscientificbio.com/nucleic-acid-electrophoresis/massruler-dna-ladder-mix-ready-to-use-80-10000-bp/
Thermo Fisher,lifetechnologies.com,MassRuler™ DNA Ladder Mix,bp,6,3000,30,,20,http://www.thermoscientificbio.com/nucleic-acid-electrophoresis/massruler-dna-ladder-mix-ready-to-use-80-10000-bp/
Thermo Fisher,lifetechnologies.com,MassRuler™ DNA Ladder Mix,bp,7,2500,26,,20,http://www.thermoscientificbio.com/nucleic-acid-electrophoresis/massruler-dna-ladder-mix-ready-to-use-80-10000-bp/
Thermo Fisher,lifetechnologies.com,MassRuler™ DNA Ladder Mix,bp,8,2000,20,,20,http://www.thermoscientificbio.com/nucleic-acid-electrophoresis/massruler-dna-ladder-mix-ready-to-use-80-10000-bp/
Thermo Fisher,lifetechnologies.com,MassRuler™ DNA Ladder Mix,bp,9,1500,16,,20,http://www.thermoscientificbio.com/nucleic-acid-electrophoresis/massruler-dna-ladder-mix-ready-to-use-80-10000-bp/
Thermo Fisher,lifetechnologies.com,MassRuler™ DNA Ladder Mix,bp,10,1031,100,reference band,20,http://www.thermoscientificbio.com/nucleic-acid-electrophoresis/massruler-dna-ladder-mix-ready-to-use-80-10000-bp/
Thermo Fisher,lifetechnologies.com,MassRuler™ DNA Ladder Mix,bp,11,900,90,,20,http://www.thermoscientificbio.com/nucleic-acid-electrophoresis/massruler-dna-ladder-mix-ready-to-use-80-10000-bp/
Thermo Fisher,lifetechnologies.com,MassRuler™ DNA Ladder Mix,bp,12,800,80,,20,http://www.thermoscientificbio.com/nucleic-acid-electrophoresis/massruler-dna-ladder-mix-ready-to-use-80-10000-bp/
Thermo Fisher,lifetechnologies.com,MassRuler™ DNA Ladder Mix,bp,13,700,70,,20,http://www.thermoscientificbio.com/nucleic-acid-electrophoresis/massruler-dna-ladder-mix-ready-to-use-80-10000-bp/
Thermo Fisher,lifetechnologies.com,MassRuler™ DNA Ladder Mix,bp,14,600,60,,20,http://www.thermoscientificbio.com/nucleic-acid-electrophoresis/massruler-dna-ladder-mix-ready-to-use-80-10000-bp/
Thermo Fisher,lifetechnologies.com,MassRuler™ DNA Ladder Mix,bp,15,500,100,reference band,20,http://www.thermoscientificbio.com/nucleic-acid-electrophoresis/massruler-dna-ladder-mix-ready-to-use-80-10000-bp/
Thermo Fisher,lifetechnologies.com,MassRuler™ DNA Ladder Mix,bp,16,400,40,,20,http://www.thermoscientificbio.com/nucleic-acid-electrophoresis/massruler-dna-ladder-mix-ready-to-use-80-10000-bp/
Thermo Fisher,lifetechnologies.com,MassRuler™ DNA Ladder Mix,bp,17,300,30,,20,http://www.thermoscientificbio.com/nucleic-acid-electrophoresis/massruler-dna-ladder-mix-ready-to-use-80-10000-bp/
Thermo Fisher,lifetechnologies.com,MassRuler™ DNA Ladder Mix,bp,18,200,20,,20,http://www.thermoscientificbio.com/nucleic-acid-electrophoresis/massruler-dna-ladder-mix-ready-to-use-80-10000-bp/
Thermo Fisher,lifetechnologies.com,MassRuler™ DNA Ladder Mix,bp,19,100,10,,20,http://www.thermoscientificbio.com/nucleic-acid-electrophoresis/massruler-dna-ladder-mix-ready-to-use-80-10000-bp/
Thermo Fisher,lifetechnologies.com,MassRuler™ DNA Ladder Mix,bp,20,80,8,,20,http://www.thermoscientificbio.com/nucleic-acid-electrophoresis/massruler-dna-ladder-mix-ready-to-use-80-10000-bp/
Thermo Fisher,lifetechnologies.com,MassRuler™ Express Forward DNA Ladder Mix,bp,1,10000,150,reference band,12,http://www.thermoscientificbio.com/nucleic-acid-electrophoresis/massruler-express-forward-and-reverse-dna-ladders-mixes-ready-to-use-100-10000-bp/
Thermo Fisher,lifetechnologies.com,MassRuler™ Express Forward DNA Ladder Mix,bp,2,7000,105,,12,http://www.thermoscientificbio.com/nucleic-acid-electrophoresis/massruler-express-forward-and-reverse-dna-ladders-mixes-ready-to-use-100-10000-bp/
Thermo Fisher,lifetechnologies.com,MassRuler™ Express Forward DNA Ladder Mix,bp,3,5000,75,,12,http://www.thermoscientificbio.com/nucleic-acid-electrophoresis/massruler-express-forward-and-reverse-dna-ladders-mixes-ready-to-use-100-10000-bp/
Thermo Fisher,lifetechnologies.com,MassRuler™ Express Forward DNA Ladder Mix,bp,4,3000,45,,12,http://www.thermoscientificbio.com/nucleic-acid-electrophoresis/massruler-express-forward-and-reverse-dna-ladders-mixes-ready-to-use-100-10000-bp/
Thermo Fisher,lifetechnologies.com,MassRuler™ Express Forward DNA Ladder Mix,bp,5,2000,30,,12,http://www.thermoscientificbio.com/nucleic-acid-electrophoresis/massruler-express-forward-and-reverse-dna-ladders-mixes-ready-to-use-100-10000-bp/
Thermo Fisher,lifetechnologies.com,MassRuler™ Express Forward DNA Ladder Mix,bp,6,1500,22.5,,12,http://www.thermoscientificbio.com/nucleic-acid-electrophoresis/massruler-express-forward-and-reverse-dna-ladders-mixes-ready-to-use-100-10000-bp/
Thermo Fisher,lifetechnologies.com,MassRuler™ Express Forward DNA Ladder Mix,bp,7,1000,150,reference band,12,http://www.thermoscientificbio.com/nucleic-acid-electrophoresis/massruler-express-forward-and-reverse-dna-ladders-mixes-ready-to-use-100-10000-bp/
Thermo Fisher,lifetechnologies.com,MassRuler™ Express Forward DNA Ladder Mix,bp,8,700,105,,12,http://www.thermoscientificbio.com/nucleic-acid-electrophoresis/massruler-express-forward-and-reverse-dna-ladders-mixes-ready-to-use-100-10000-bp/
Thermo Fisher,lifetechnologies.com,MassRuler™ Express Forward DNA Ladder Mix,bp,9,500,75,,12,http://www.thermoscientificbio.com/nucleic-acid-electrophoresis/massruler-express-forward-and-reverse-dna-ladders-mixes-ready-to-use-100-10000-bp/
Thermo Fisher,lifetechnologies.com,MassRuler™ Express Forward DNA Ladder Mix,bp,10,300,45,,12,http://www.thermoscientificbio.com/nucleic-acid-electrophoresis/massruler-express-forward-and-reverse-dna-ladders-mixes-ready-to-use-100-10000-bp/
Thermo Fisher,lifetechnologies.com,MassRuler™ Express Forward DNA Ladder Mix,bp,11,200,30,,12,http://www.thermoscientificbio.com/nucleic-acid-electrophoresis/massruler-express-forward-and-reverse-dna-ladders-mixes-ready-to-use-100-10000-bp/
Thermo Fisher,lifetechnologies.com,MassRuler™ Express Forward DNA Ladder Mix,bp,12,100,15,,12,http://www.thermoscientificbio.com/nucleic-acid-electrophoresis/massruler-express-forward-and-reverse-dna-ladders-mixes-ready-to-use-100-10000-bp/
Thermo Fisher,lifetechnologies.com,MassRuler™ Express HR Forward DNA Ladder,kb,1,10000,200,reference band,6,http://www.thermoscientificbio.com/nucleic-acid-electrophoresis/massruler-express-hr-forward-reverse-dna-ladders-ready-to-use-1500-10000-bp/
Thermo Fisher,lifetechnologies.com,MassRuler™ Express HR Forward DNA Ladder,kb,2,7000,140,,6,http://www.thermoscientificbio.com/nucleic-acid-electrophoresis/massruler-express-hr-forward-reverse-dna-ladders-ready-to-use-1500-10000-bp/
Thermo Fisher,lifetechnologies.com,MassRuler™ Express HR Forward DNA Ladder,kb,3,5000,100,,6,http://www.thermoscientificbio.com/nucleic-acid-electrophoresis/massruler-express-hr-forward-reverse-dna-ladders-ready-to-use-1500-10000-bp/
Thermo Fisher,lifetechnologies.com,MassRuler™ Express HR Forward DNA Ladder,kb,4,3000,60,,6,http://www.thermoscientificbio.com/nucleic-acid-electrophoresis/massruler-express-hr-forward-reverse-dna-ladders-ready-to-use-1500-10000-bp/
Thermo Fisher,lifetechnologies.com,MassRuler™ Express HR Forward DNA Ladder,kb,5,2000,40,,6,http://www.thermoscientificbio.com/nucleic-acid-electrophoresis/massruler-express-hr-forward-reverse-dna-ladders-ready-to-use-1500-10000-bp/
Thermo Fisher,lifetechnologies.com,MassRuler™ Express HR Forward DNA Ladder,kb,6,1500,30,,6,http://www.thermoscientificbio.com/nucleic-acid-electrophoresis/massruler-express-hr-forward-reverse-dna-ladders-ready-to-use-1500-10000-bp/
Thermo Fisher,lifetechnologies.com,MassRuler™ Express HR Reverse DNA Ladder,kb,1,10000,30,,6,http://www.thermoscientificbio.com/nucleic-acid-electrophoresis/massruler-express-hr-forward-reverse-dna-ladders-ready-to-use-1500-10000-bp/
Thermo Fisher,lifetechnologies.com,MassRuler™ Express HR Reverse DNA Ladder,kb,2,7000,40,,6,http://www.thermoscientificbio.com/nucleic-acid-electrophoresis/massruler-express-hr-forward-reverse-dna-ladders-ready-to-use-1500-10000-bp/
Thermo Fisher,lifetechnologies.com,MassRuler™ Express HR Reverse DNA Ladder,kb,3,5000,60,,6,http://www.thermoscientificbio.com/nucleic-acid-electrophoresis/massruler-express-hr-forward-reverse-dna-ladders-ready-to-use-1500-10000-bp/
Thermo Fisher,lifetechnologies.com,MassRuler™ Express HR Reverse DNA Ladder,kb,4,3000,100,,6,http://www.thermoscientificbio.com/nucleic-acid-electrophoresis/massruler-express-hr-forward-reverse-dna-ladders-ready-to-use-1500-10000-bp/
Thermo Fisher,lifetechnologies.com,MassRuler™ Express HR Reverse DNA Ladder,kb,5,2000,140,,6,http://www.thermoscientificbio.com/nucleic-acid-electrophoresis/massruler-express-hr-forward-reverse-dna-ladders-ready-to-use-1500-10000-bp/
Thermo Fisher,lifetechnologies.com,MassRuler™ Express HR Reverse DNA Ladder,kb,6,1500,200,reference band,6,http://www.thermoscientificbio.com/nucleic-acid-electrophoresis/massruler-express-hr-forward-reverse-dna-ladders-ready-to-use-1500-10000-bp/
Thermo Fisher,lifetechnologies.com,MassRuler™ Express LR Forward DNA Ladder,bp,1,1000,200,reference band,6,http://www.thermoscientificbio.com/nucleic-acid-electrophoresis/massruler-express-lr-forward-and-reverse-dna-ladders-ready-to-use-100-1000-bp/
Thermo Fisher,lifetechnologies.com,MassRuler™ Express LR Forward DNA Ladder,bp,2,700,140,,6,http://www.thermoscientificbio.com/nucleic-acid-electrophoresis/massruler-express-lr-forward-and-reverse-dna-ladders-ready-to-use-100-1000-bp/
Thermo Fisher,lifetechnologies.com,MassRuler™ Express LR Forward DNA Ladder,bp,3,500,100,,6,http://www.thermoscientificbio.com/nucleic-acid-electrophoresis/massruler-express-lr-forward-and-reverse-dna-ladders-ready-to-use-100-1000-bp/
Thermo Fisher,lifetechnologies.com,MassRuler™ Express LR Forward DNA Ladder,bp,4,300,60,,6,http://www.thermoscientificbio.com/nucleic-acid-electrophoresis/massruler-express-lr-forward-and-reverse-dna-ladders-ready-to-use-100-1000-bp/
Thermo Fisher,lifetechnologies.com,MassRuler™ Express LR Forward DNA Ladder,bp,5,200,40,,6,http://www.thermoscientificbio.com/nucleic-acid-electrophoresis/massruler-express-lr-forward-and-reverse-dna-ladders-ready-to-use-100-1000-bp/
Thermo Fisher,lifetechnologies.com,MassRuler™ Express LR Forward DNA Ladder,bp,6,100,20,,6,http://www.thermoscientificbio.com/nucleic-acid-electrophoresis/massruler-express-lr-forward-and-reverse-dna-ladders-ready-to-use-100-1000-bp/
Thermo Fisher,lifetechnologies.com,MassRuler™ Express LR Reverse DNA Ladder,bp,1,1000,20,,6,http://www.thermoscientificbio.com/nucleic-acid-electrophoresis/massruler-express-lr-forward-and-reverse-dna-ladders-ready-to-use-100-1000-bp/
Thermo Fisher,lifetechnologies.com,MassRuler™ Express LR Reverse DNA Ladder,bp,2,700,40,,6,http://www.thermoscientificbio.com/nucleic-acid-electrophoresis/massruler-express-lr-forward-and-reverse-dna-ladders-ready-to-use-100-1000-bp/
Thermo Fisher,lifetechnologies.com,MassRuler™ Express LR Reverse DNA Ladder,bp,3,500,60,,6,http://www.thermoscientificbio.com/nucleic-acid-electrophoresis/massruler-express-lr-forward-and-reverse-dna-ladders-ready-to-use-100-1000-bp/
Thermo Fisher,lifetechnologies.com,MassRuler™ Express LR Reverse DNA Ladder,bp,4,300,100,,6,http://www.thermoscientificbio.com/nucleic-acid-electrophoresis/massruler-express-lr-forward-and-reverse-dna-ladders-ready-to-use-100-1000-bp/
Thermo Fisher,lifetechnologies.com,MassRuler™ Express LR Reverse DNA Ladder,bp,5,200,140,,6,http://www.thermoscientificbio.com/nucleic-acid-electrophoresis/massruler-express-lr-forward-and-reverse-dna-ladders-ready-to-use-100-1000-bp/
Thermo Fisher,lifetechnologies.com,MassRuler™ Express LR Reverse DNA Ladder,bp,6,100,200,reference band,6,http://www.thermoscientificbio.com/nucleic-acid-electrophoresis/massruler-express-lr-forward-and-reverse-dna-ladders-ready-to-use-100-1000-bp/
Thermo Fisher,lifetechnologies.com,MassRuler™ Express Reverse DNA Ladder Mix,bp,1,10000,22.5,,12,http://www.thermoscientificbio.com/nucleic-acid-electrophoresis/massruler-express-forward-and-reverse-dna-ladders-mixes-ready-to-use-100-10000-bp/
Thermo Fisher,lifetechnologies.com,MassRuler™ Express Reverse DNA Ladder Mix,bp,2,7000,30,,12,http://www.thermoscientificbio.com/nucleic-acid-electrophoresis/massruler-express-forward-and-reverse-dna-ladders-mixes-ready-to-use-100-10000-bp/
Thermo Fisher,lifetechnologies.com,MassRuler™ Express Reverse DNA Ladder Mix,bp,3,5000,45,,12,http://www.thermoscientificbio.com/nucleic-acid-electrophoresis/massruler-express-forward-and-reverse-dna-ladders-mixes-ready-to-use-100-10000-bp/
Thermo Fisher,lifetechnologies.com,MassRuler™ Express Reverse DNA Ladder Mix,bp,4,3000,75,,12,http://www.thermoscientificbio.com/nucleic-acid-electrophoresis/massruler-express-forward-and-reverse-dna-ladders-mixes-ready-to-use-100-10000-bp/
Thermo Fisher,lifetechnologies.com,MassRuler™ Express Reverse DNA Ladder Mix,bp,5,2000,105,,12,http://www.thermoscientificbio.com/nucleic-acid-electrophoresis/massruler-express-forward-and-reverse-dna-ladders-mixes-ready-to-use-100-10000-bp/
Thermo Fisher,lifetechnologies.com,MassRuler™ Express Reverse DNA Ladder Mix,bp,6,1500,150,reference band,12,http://www.thermoscientificbio.com/nucleic-acid-electrophoresis/massruler-express-forward-and-reverse-dna-ladders-mixes-ready-to-use-100-10000-bp/
Thermo Fisher,lifetechnologies.com,MassRuler™ Express Reverse DNA Ladder Mix,bp,7,1000,15,,12,http://www.thermoscientificbio.com/nucleic-acid-electrophoresis/massruler-express-forward-and-reverse-dna-ladders-mixes-ready-to-use-100-10000-bp/
Thermo Fisher,lifetechnologies.com,MassRuler™ Express Reverse DNA Ladder Mix,bp,8,700,30,,12,http://www.thermoscientificbio.com/nucleic-acid-electrophoresis/massruler-express-forward-and-reverse-dna-ladders-mixes-ready-to-use-100-10000-bp/
Thermo Fisher,lifetechnologies.com,MassRuler™ Express Reverse DNA Ladder Mix,bp,9,500,45,,12,http://www.thermoscientificbio.com/nucleic-acid-electrophoresis/massruler-express-forward-and-reverse-dna-ladders-mixes-ready-to-use-100-10000-bp/
Thermo Fisher,lifetechnologies.com,MassRuler™ Express Reverse DNA Ladder Mix,bp,10,300,75,,12,http://www.thermoscientificbio.com/nucleic-acid-electrophoresis/massruler-express-forward-and-reverse-dna-ladders-mixes-ready-to-use-100-10000-bp/
Thermo Fisher,lifetechnologies.com,MassRuler™ Express Reverse DNA Ladder Mix,bp,11,200,105,,12,http://www.thermoscientificbio.com/nucleic-acid-electrophoresis/massruler-express-forward-and-reverse-dna-ladders-mixes-ready-to-use-100-10000-bp/
Thermo Fisher,lifetechnologies.com,MassRuler™ Express Reverse DNA Ladder Mix,bp,12,100,150,reference band,12,http://www.thermoscientificbio.com/nucleic-acid-electrophoresis/massruler-express-forward-and-reverse-dna-ladders-mixes-ready-to-use-100-10000-bp/
Thermo Fisher,lifetechnologies.com,MassRuler™ High Range DNA Ladder,kb,1,10000,150,,9,http://www.thermoscientificbio.com/nucleic-acid-electrophoresis/massruler-high-range-dna-ladder-ready-to-use-1500-10000-bp/
Thermo Fisher,lifetechnologies.com,MassRuler™ High Range DNA Ladder,kb,2,8000,120,,9,http://www.thermoscientificbio.com/nucleic-acid-electrophoresis/massruler-high-range-dna-ladder-ready-to-use-1500-10000-bp/
Thermo Fisher,lifetechnologies.com,MassRuler™ High Range DNA Ladder,kb,3,6000,90,,9,http://www.thermoscientificbio.com/nucleic-acid-electrophoresis/massruler-high-range-dna-ladder-ready-to-use-1500-10000-bp/
Thermo Fisher,lifetechnologies.com,MassRuler™ High Range DNA Ladder,kb,4,5000,75,,9,http://www.thermoscientificbio.com/nucleic-acid-electrophoresis/massruler-high-range-dna-ladder-ready-to-use-1500-10000-bp/
Thermo Fisher,lifetechnologies.com,MassRuler™ High Range DNA Ladder,kb,5,4000,60,,9,http://www.thermoscientificbio.com/nucleic-acid-electrophoresis/massruler-high-range-dna-ladder-ready-to-use-1500-10000-bp/
Thermo Fisher,lifetechnologies.com,MassRuler™ High Range DNA Ladder,kb,6,3000,45,,9,http://www.thermoscientificbio.com/nucleic-acid-electrophoresis/massruler-high-range-dna-ladder-ready-to-use-1500-10000-bp/
Thermo Fisher,lifetechnologies.com,MassRuler™ High Range DNA Ladder,kb,7,2500,39,,9,http://www.thermoscientificbio.com/nucleic-acid-electrophoresis/massruler-high-range-dna-ladder-ready-to-use-1500-10000-bp/
Thermo Fisher,lifetechnologies.com,MassRuler™ High Range DNA Ladder,kb,8,2000,30,,9,http://www.thermoscientificbio.com/nucleic-acid-electrophoresis/massruler-high-range-dna-ladder-ready-to-use-1500-10000-bp/
Thermo Fisher,lifetechnologies.com,MassRuler™ High Range DNA Ladder,kb,9,1500,24,,9,http://www.thermoscientificbio.com/nucleic-acid-electrophoresis/massruler-high-range-dna-ladder-ready-to-use-1500-10000-bp/
Thermo Fisher,lifetechnologies.com,MassRuler™ Low Range DNA Ladder,bp,1,1031,100,,11,http://www.thermoscientificbio.com/nucleic-acid-electrophoresis/massruler-low-range-dna-ladder-ready-to-use-80-1031-bp/
Thermo Fisher,lifetechnologies.com,MassRuler™ Low Range DNA Ladder,bp,2,900,90,,11,http://www.thermoscientificbio.com/nucleic-acid-electrophoresis/massruler-low-range-dna-ladder-ready-to-use-80-1031-bp/
Thermo Fisher,lifetechnologies.com,MassRuler™ Low Range DNA Ladder,bp,3,800,80,,11,http://www.thermoscientificbio.com/nucleic-acid-electrophoresis/massruler-low-range-dna-ladder-ready-to-use-80-1031-bp/
Thermo Fisher,lifetechnologies.com,MassRuler™ Low Range DNA Ladder,bp,4,700,70,,11,http://www.thermoscientificbio.com/nucleic-acid-electrophoresis/massruler-low-range-dna-ladder-ready-to-use-80-1031-bp/
Thermo Fisher,lifetechnologies.com,MassRuler™ Low Range DNA Ladder,bp,5,600,60,,11,http://www.thermoscientificbio.com/nucleic-acid-electrophoresis/massruler-low-range-dna-ladder-ready-to-use-80-1031-bp/
Thermo Fisher,lifetechnologies.com,MassRuler™ Low Range DNA Ladder,bp,6,500,100,reference band,11,http://www.thermoscientificbio.com/nucleic-acid-electrophoresis/massruler-low-range-dna-ladder-ready-to-use-80-1031-bp/
Thermo Fisher,lifetechnologies.com,MassRuler™ Low Range DNA Ladder,bp,7,400,40,,11,http://www.thermoscientificbio.com/nucleic-acid-electrophoresis/massruler-low-range-dna-ladder-ready-to-use-80-1031-bp/
Thermo Fisher,lifetechnologies.com,MassRuler™ Low Range DNA Ladder,bp,8,300,30,,11,http://www.thermoscientificbio.com/nucleic-acid-electrophoresis/massruler-low-range-dna-ladder-ready-to-use-80-1031-bp/
Thermo Fisher,lifetechnologies.com,MassRuler™ Low Range DNA Ladder,bp,9,200,20,,11,http://www.thermoscientificbio.com/nucleic-acid-electrophoresis/massruler-low-range-dna-ladder-ready-to-use-80-1031-bp/
Thermo Fisher,lifetechnologies.com,MassRuler™ Low Range DNA Ladder,bp,10,100,10,,11,http://www.thermoscientificbio.com/nucleic-acid-electrophoresis/massruler-low-range-dna-ladder-ready-to-use-80-1031-bp/
Thermo Fisher,lifetechnologies.com,MassRuler™ Low Range DNA Ladder,bp,11,80,8,,11,http://www.thermoscientificbio.com/nucleic-acid-electrophoresis/massruler-low-range-dna-ladder-ready-to-use-80-1031-bp/
Thermo Fisher,lifetechnologies.com,O’GeneRuler 50 bp DNA Ladder,bp,1,1000,60,,13,https://www.thermofisher.com/order/catalog/product/SM1133?SID=srch-srp-SM1133
Thermo Fisher,lifetechnologies.com,O’GeneRuler 50 bp DNA Ladder,bp,2,900,60,,13,https://www.thermofisher.com/order/catalog/product/SM1133?SID=srch-srp-SM1133
Thermo Fisher,lifetechnologies.com,O’GeneRuler 50 bp DNA Ladder,bp,3,800,60,,13,https://www.thermofisher.com/order/catalog/product/SM1133?SID=srch-srp-SM1133
Thermo Fisher,lifetechnologies.com,O’GeneRuler 50 bp DNA Ladder,bp,4,700,60,,13,https://www.thermofisher.com/order/catalog/product/SM1133?SID=srch-srp-SM1133
Thermo Fisher,lifetechnologies.com,O’GeneRuler 50 bp DNA Ladder,bp,5,600,60,,13,https://www.thermofisher.com/order/catalog/product/SM1133?SID=srch-srp-SM1133
Thermo Fisher,lifetechnologies.com,O’GeneRuler 50 bp DNA Ladder,bp,6,500,150,reference band,13,https://www.thermofisher.com/order/catalog/product/SM1133?SID=srch-srp-SM1133
Thermo Fisher,lifetechnologies.com,O’GeneRuler 50 bp DNA Ladder,bp,7,400,60,,13,https://www.thermofisher.com/order/catalog/product/SM1133?SID=srch-srp-SM1133
Thermo Fisher,lifetechnologies.com,O’GeneRuler 50 bp DNA Ladder,bp,8,300,60,,13,https://www.thermofisher.com/order/catalog/product/SM1133?SID=srch-srp-SM1133
Thermo Fisher,lifetechnologies.com,O’GeneRuler 50 bp DNA Ladder,bp,9,250,150,reference band,13,https://www.thermofisher.com/order/catalog/product/SM1133?SID=srch-srp-SM1133
Thermo Fisher,lifetechnologies.com,O’GeneRuler 50 bp DNA Ladder,bp,10,200,70,,13,https://www.thermofisher.com/order/catalog/product/SM1133?SID=srch-srp-SM1133
Thermo Fisher,lifetechnologies.com,O’GeneRuler 50 bp DNA Ladder,bp,11,150,70,,13,https://www.thermofisher.com/order/catalog/product/SM1133?SID=srch-srp-SM1133
Thermo Fisher,lifetechnologies.com,O’GeneRuler 50 bp DNA Ladder,bp,12,100,70,,13,https://www.thermofisher.com/order/catalog/product/SM1133?SID=srch-srp-SM1133
Thermo Fisher,lifetechnologies.com,O’GeneRuler 50 bp DNA Ladder,bp,13,50,70,,13,https://www.thermofisher.com/order/catalog/product/SM1133?SID=srch-srp-SM1133
Thermo Fisher,lifetechnologies.com,O’GeneRuler 100 bp DNA Ladder,bp,1,1000,68,,10,https://www.thermofisher.com/order/catalog/product/SM1143?SID=srch-srp-SM1143
Thermo Fisher,lifetechnologies.com,O’GeneRuler 100 bp DNA Ladder,bp,2,900,68,,10,https://www.thermofisher.com/order/catalog/product/SM1143?SID=srch-srp-SM1143
Thermo Fisher,lifetechnologies.com,O’GeneRuler 100 bp DNA Ladder,bp,3,800,68,,10,https://www.thermofisher.com/order/catalog/product/SM1143?SID=srch-srp-SM1143
Thermo Fisher,lifetechnologies.com,O’GeneRuler 100 bp DNA Ladder,bp,4,700,68,,10,https://www.thermofisher.com/order/catalog/product/SM1143?SID=srch-srp-SM1143
Thermo Fisher,lifetechnologies.com,O’GeneRuler 100 bp DNA Ladder,bp,5,600,68,,10,https://www.thermofisher.com/order/catalog/product/SM1143?SID=srch-srp-SM1143
Thermo Fisher,lifetechnologies.com,O’GeneRuler 100 bp DNA Ladder,bp,6,500,173,reference band,10,https://www.thermofisher.com/order/catalog/product/SM1143?SID=srch-srp-SM1143
Thermo Fisher,lifetechnologies.com,O’GeneRuler 100 bp DNA Ladder,bp,7,400,60,,10,https://www.thermofisher.com/order/catalog/product/SM1143?SID=srch-srp-SM1143
Thermo Fisher,lifetechnologies.com,O’GeneRuler 100 bp DNA Ladder,bp,8,300,60,,10,https://www.thermofisher.com/order/catalog/product/SM1143?SID=srch-srp-SM1143
Thermo Fisher,lifetechnologies.com,O’GeneRuler 100 bp DNA Ladder,bp,9,200,60,,10,https://www.thermofisher.com/order/catalog/product/SM1143?SID=srch-srp-SM1143
Thermo Fisher,lifetechnologies.com,O’GeneRuler 100 bp DNA Ladder,bp,10,100,60,,10,https://www.thermofisher.com/order/catalog/product/SM1143?SID=srch-srp-SM1143
Thermo Fisher,lifetechnologies.com,O’GeneRuler 100 bp Plus DNA Ladder,bp,1,3000,56,,14,https://www.thermofisher.com/order/catalog/product/SM1153?SID=srch-srp-SM1153
Thermo Fisher,lifetechnologies.com,O’GeneRuler 100 bp Plus DNA Ladder,bp,2,2000,56,,14,https://www.thermofisher.com/order/catalog/product/SM1153?SID=srch-srp-SM1153
Thermo Fisher,lifetechnologies.com,O’GeneRuler 100 bp Plus DNA Ladder,bp,3,1500,56,,14,https://www.thermofisher.com/order/catalog/product/SM1153?SID=srch-srp-SM1153
Thermo Fisher,lifetechnologies.com,O’GeneRuler 100 bp Plus DNA Ladder,bp,4,1200,56,,14,https://www.thermofisher.com/order/catalog/product/SM1153?SID=srch-srp-SM1153
Thermo Fisher,lifetechnologies.com,O’GeneRuler 100 bp Plus DNA Ladder,bp,5,1000,160,reference band,14,https://www.thermofisher.com/order/catalog/product/SM1153?SID=srch-srp-SM1153
Thermo Fisher,lifetechnologies.com,O’GeneRuler 100 bp Plus DNA Ladder,bp,6,900,54,,14,https://www.thermofisher.com/order/catalog/product/SM1153?SID=srch-srp-SM1153
Thermo Fisher,lifetechnologies.com,O’GeneRuler 100 bp Plus DNA Ladder,bp,7,800,54,,14,https://www.thermofisher.com/order/catalog/product/SM1153?SID=srch-srp-SM1153
Thermo Fisher,lifetechnologies.com,O’GeneRuler 100 bp Plus DNA Ladder,bp,8,700,54,,14,https://www.thermofisher.com/order/catalog/product/SM1153?SID=srch-srp-SM1153
Thermo Fisher,lifetechnologies.com,O’GeneRuler 100 bp Plus DNA Ladder,bp,9,600,54,,14,https://www.thermofisher.com/order/catalog/product/SM1153?SID=srch-srp-SM1153
Thermo Fisher,lifetechnologies.com,O’GeneRuler 100 bp Plus DNA Ladder,bp,10,500,160,reference band,14,https://www.thermofisher.com/order/catalog/product/SM1153?SID=srch-srp-SM1153
Thermo Fisher,lifetechnologies.com,O’GeneRuler 100 bp Plus DNA Ladder,bp,11,400,60,,14,https://www.thermofisher.com/order/catalog/product/SM1153?SID=srch-srp-SM1153
Thermo Fisher,lifetechnologies.com,O’GeneRuler 100 bp Plus DNA Ladder,bp,12,300,60,,14,https://www.thermofisher.com/order/catalog/product/SM1153?SID=srch-srp-SM1153
Thermo Fisher,lifetechnologies.com,O’GeneRuler 100 bp Plus DNA Ladder,bp,13,200,60,,14,https://www.thermofisher.com/order/catalog/product/SM1153?SID=srch-srp-SM1153
Thermo Fisher,lifetechnologies.com,O’GeneRuler 100 bp Plus DNA Ladder,bp,14,100,60,,14,https://www.thermofisher.com/order/catalog/product/SM1153?SID=srch-srp-SM1153
Thermo Fisher,lifetechnologies.com,O’GeneRuler 1 kb DNA Ladder,bp,1,10000,60,,14,https://www.thermofisher.com/order/catalog/product/SM1163?SID=srch-srp-SM1163
Thermo Fisher,lifetechnologies.com,O’GeneRuler 1 kb DNA Ladder,bp,2,8000,60,,14,https://www.thermofisher.com/order/catalog/product/SM1163?SID=srch-srp-SM1163
Thermo Fisher,lifetechnologies.com,O’GeneRuler 1 kb DNA Ladder,bp,3,6000,140,reference band,14,https://www.thermofisher.com/order/catalog/product/SM1163?SID=srch-srp-SM1163
Thermo Fisher,lifetechnologies.com,O’GeneRuler 1 kb DNA Ladder,bp,4,5000,60,,14,https://www.thermofisher.com/order/catalog/product/SM1163?SID=srch-srp-SM1163
Thermo Fisher,lifetechnologies.com,O’GeneRuler 1 kb DNA Ladder,bp,5,4000,60,,14,https://www.thermofisher.com/order/catalog/product/SM1163?SID=srch-srp-SM1163
Thermo Fisher,lifetechnologies.com,O’GeneRuler 1 kb DNA Ladder,bp,6,3500,60,,14,https://www.thermofisher.com/order/catalog/product/SM1163?SID=srch-srp-SM1163
Thermo Fisher,lifetechnologies.com,O’GeneRuler 1 kb DNA Ladder,bp,7,3000,140,reference band,14,https://www.thermofisher.com/order/catalog/product/SM1163?SID=srch-srp-SM1163
Thermo Fisher,lifetechnologies.com,O’GeneRuler 1 kb DNA Ladder,bp,8,2500,50,,14,https://www.thermofisher.com/order/catalog/product/SM1163?SID=srch-srp-SM1163
Thermo Fisher,lifetechnologies.com,O’GeneRuler 1 kb DNA Ladder,bp,9,2000,50,,14,https://www.thermofisher.com/order/catalog/product/SM1163?SID=srch-srp-SM1163
Thermo Fisher,lifetechnologies.com,O’GeneRuler 1 kb DNA Ladder,bp,10,1500,50,,14,https://www.thermofisher.com/order/catalog/product/SM1163?SID=srch-srp-SM1163
Thermo Fisher,lifetechnologies.com,O’GeneRuler 1 kb DNA Ladder,bp,11,1000,120,reference band,14,https://www.thermofisher.com/order/catalog/product/SM1163?SID=srch-srp-SM1163
Thermo Fisher,lifetechnologies.com,O’GeneRuler 1 kb DNA Ladder,bp,12,750,50,,14,https://www.thermofisher.com/order/catalog/product/SM1163?SID=srch-srp-SM1163
Thermo Fisher,lifetechnologies.com,O’GeneRuler 1 kb DNA Ladder,bp,13,500,50,,14,https://www.thermofisher.com/order/catalog/product/SM1163?SID=srch-srp-SM1163
Thermo Fisher,lifetechnologies.com,O’GeneRuler 1 kb DNA Ladder,bp,14,250,50,,14,https://www.thermofisher.com/order/catalog/product/SM1163?SID=srch-srp-SM1163
Thermo Fisher,lifetechnologies.com,O’GeneRuler 1 kb Plus DNA Ladder,bp,1,20000,40,,15,https://www.thermofisher.com/order/catalog/product/SM1343?SID=srch-srp-SM1343
Thermo Fisher,lifetechnologies.com,O’GeneRuler 1 kb Plus DNA Ladder,bp,2,10000,40,,15,https://www.thermofisher.com/order/catalog/product/SM1343?SID=srch-srp-SM1343
Thermo Fisher,lifetechnologies.com,O’GeneRuler 1 kb Plus DNA Ladder,bp,3,7000,40,,15,https://www.thermofisher.com/order/catalog/product/SM1343?SID=srch-srp-SM1343
Thermo Fisher,lifetechnologies.com,O’GeneRuler 1 kb Plus DNA Ladder,bp,4,5000,150,reference band,15,https://www.thermofisher.com/order/catalog/product/SM1343?SID=srch-srp-SM1343
Thermo Fisher,lifetechnologies.com,O’GeneRuler 1 kb Plus DNA Ladder,bp,5,4000,40,,15,https://www.thermofisher.com/order/catalog/product/SM1343?SID=srch-srp-SM1343
Thermo Fisher,lifetechnologies.com,O’GeneRuler 1 kb Plus DNA Ladder,bp,6,3000,40,,15,https://www.thermofisher.com/order/catalog/product/SM1343?SID=srch-srp-SM1343
Thermo Fisher,lifetechnologies.com,O’GeneRuler 1 kb Plus DNA Ladder,bp,7,2000,40,,15,https://www.thermofisher.com/order/catalog/product/SM1343?SID=srch-srp-SM1343
Thermo Fisher,lifetechnologies.com,O’GeneRuler 1 kb Plus DNA Ladder,bp,8,1500,160,reference band,15,https://www.thermofisher.com/order/catalog/product/SM1343?SID=srch-srp-SM1343
Thermo Fisher,lifetechnologies.com,O’GeneRuler 1 kb Plus DNA Ladder,bp,9,1000,50,,15,https://www.thermofisher.com/order/catalog/product/SM1343?SID=srch-srp-SM1343
Thermo Fisher,lifetechnologies.com,O’GeneRuler 1 kb Plus DNA Ladder,bp,10,700,50,,15,https://www.thermofisher.com/order/catalog/product/SM1343?SID=srch-srp-SM1343
Thermo Fisher,lifetechnologies.com,O’GeneRuler 1 kb Plus DNA Ladder,bp,11,500,150,reference band,15,https://www.thermofisher.com/order/catalog/product/SM1343?SID=srch-srp-SM1343
Thermo Fisher,lifetechnologies.com,O’GeneRuler 1 kb Plus DNA Ladder,bp,12,400,50,,15,https://www.thermofisher.com/order/catalog/product/SM1343?SID=srch-srp-SM1343
Thermo Fisher,lifetechnologies.com,O’GeneRuler 1 kb Plus DNA Ladder,bp,13,300,50,,15,https://www.thermofisher.com/order/catalog/product/SM1343?SID=srch-srp-SM1343
Thermo Fisher,lifetechnologies.com,O’GeneRuler 1 kb Plus DNA Ladder,bp,14,200,50,,15,https://www.thermofisher.com/order/catalog/product/SM1343?SID=srch-srp-SM1343
Thermo Fisher,lifetechnologies.com,O’GeneRuler 1 kb Plus DNA Ladder,bp,15,75,50,,15,https://www.thermofisher.com/order/catalog/product/SM1343?SID=srch-srp-SM1343
Thermo Fisher,lifetechnologies.com,O’GeneRuler DNA Ladder Mix,bp,1,10000,36,,21,https://www.thermofisher.com/order/catalog/product/SM1173?SID=srch-srp-SM1173
Thermo Fisher,lifetechnologies.com,O’GeneRuler DNA Ladder Mix,bp,2,8000,36,,21,https://www.thermofisher.com/order/catalog/product/SM1173?SID=srch-srp-SM1173
Thermo Fisher,lifetechnologies.com,O’GeneRuler DNA Ladder Mix,bp,3,6000,36,,21,https://www.thermofisher.com/order/catalog/product/SM1173?SID=srch-srp-SM1173
Thermo Fisher,lifetechnologies.com,O’GeneRuler DNA Ladder Mix,bp,4,5000,36,,21,https://www.thermofisher.com/order/catalog/product/SM1173?SID=srch-srp-SM1173
Thermo Fisher,lifetechnologies.com,O’GeneRuler DNA Ladder Mix,bp,5,4000,36,,21,https://www.thermofisher.com/order/catalog/product/SM1173?SID=srch-srp-SM1173
Thermo Fisher,lifetechnologies.com,O’GeneRuler DNA Ladder Mix,bp,6,3500,36,,21,https://www.thermofisher.com/order/catalog/product/SM1173?SID=srch-srp-SM1173
Thermo Fisher,lifetechnologies.com,O’GeneRuler DNA Ladder Mix,bp,7,3000,120,reference band,21,https://www.thermofisher.com/order/catalog/product/SM1173?SID=srch-srp-SM1173
Thermo Fisher,lifetechnologies.com,O’GeneRuler DNA Ladder Mix,bp,8,2500,32,,21,https://www.thermofisher.com/order/catalog/product/SM1173?SID=srch-srp-SM1173
Thermo Fisher,lifetechnologies.com,O’GeneRuler DNA Ladder Mix,bp,9,2000,32,,21,https://www.thermofisher.com/order/catalog/product/SM1173?SID=srch-srp-SM1173
Thermo Fisher,lifetechnologies.com,O’GeneRuler DNA Ladder Mix,bp,10,1500,32,,21,https://www.thermofisher.com/order/catalog/product/SM1173?SID=srch-srp-SM1173
Thermo Fisher,lifetechnologies.com,O’GeneRuler DNA Ladder Mix,bp,11,1200,32,,21,https://www.thermofisher.com/order/catalog/product/SM1173?SID=srch-srp-SM1173
Thermo Fisher,lifetechnologies.com,O’GeneRuler DNA Ladder Mix,bp,12,1000,120,reference band,21,https://www.thermofisher.com/order/catalog/product/SM1173?SID=srch-srp-SM1173
Thermo Fisher,lifetechnologies.com,O’GeneRuler DNA Ladder Mix,bp,13,900,34,,21,https://www.thermofisher.com/order/catalog/product/SM1173?SID=srch-srp-SM1173
Thermo Fisher,lifetechnologies.com,O’GeneRuler DNA Ladder Mix,bp,14,800,34,,21,https://www.thermofisher.com/order/catalog/product/SM1173?SID=srch-srp-SM1173
Thermo Fisher,lifetechnologies.com,O’GeneRuler DNA Ladder Mix,bp,15,700,34,,21,https://www.thermofisher.com/order/catalog/product/SM1173?SID=srch-srp-SM1173
Thermo Fisher,lifetechnologies.com,O’GeneRuler DNA Ladder Mix,bp,16,600,34,,21,https://www.thermofisher.com/order/catalog/product/SM1173?SID=srch-srp-SM1173
Thermo Fisher,lifetechnologies.com,O’GeneRuler DNA Ladder Mix,bp,17,500,120,reference band,21,https://www.thermofisher.com/order/catalog/product/SM1173?SID=srch-srp-SM1173
Thermo Fisher,lifetechnologies.com,O’GeneRuler DNA Ladder Mix,bp,18,400,40,,21,https://www.thermofisher.com/order/catalog/product/SM1173?SID=srch-srp-SM1173
Thermo Fisher,lifetechnologies.com,O’GeneRuler DNA Ladder Mix,bp,19,300,40,,21,https://www.thermofisher.com/order/catalog/product/SM1173?SID=srch-srp-SM1173
Thermo Fisher,lifetechnologies.com,O’GeneRuler DNA Ladder Mix,bp,20,200,40,,21,https://www.thermofisher.com/order/catalog/product/SM1173?SID=srch-srp-SM1173
Thermo Fisher,lifetechnologies.com,O’GeneRuler DNA Ladder Mix,bp,21,100,40,,21,https://www.thermofisher.com/order/catalog/product/SM1173?SID=srch-srp-SM1173
Thermo Fisher,lifetechnologies.com,O’GeneRuler Low Range DNA Ladder,bp,1,700,60,,10,https://www.thermofisher.com/order/catalog/product/SM1203?SID=srch-srp-SM1203
Thermo Fisher,lifetechnologies.com,O’GeneRuler Low Range DNA Ladder,bp,2,500,65,,10,https://www.thermofisher.com/order/catalog/product/SM1203?SID=srch-srp-SM1203
Thermo Fisher,lifetechnologies.com,O’GeneRuler Low Range DNA Ladder,bp,3,400,70,,10,https://www.thermofisher.com/order/catalog/product/SM1203?SID=srch-srp-SM1203
Thermo Fisher,lifetechnologies.com,O’GeneRuler Low Range DNA Ladder,bp,4,300,180,reference band,10,https://www.thermofisher.com/order/catalog/product/SM1203?SID=srch-srp-SM1203
Thermo Fisher,lifetechnologies.com,O’GeneRuler Low Range DNA Ladder,bp,5,200,70,,10,https://www.thermofisher.com/order/catalog/product/SM1203?SID=srch-srp-SM1203
Thermo Fisher,lifetechnologies.com,O’GeneRuler Low Range DNA Ladder,bp,6,150,70,,10,https://www.thermofisher.com/order/catalog/product/SM1203?SID=srch-srp-SM1203
Thermo Fisher,lifetechnologies.com,O’GeneRuler Low Range DNA Ladder,bp,7,100,180,reference band,10,https://www.thermofisher.com/order/catalog/product/SM1203?SID=srch-srp-SM1203
Thermo Fisher,lifetechnologies.com,O’GeneRuler Low Range DNA Ladder,bp,8,75,75,,10,https://www.thermofisher.com/order/catalog/product/SM1203?SID=srch-srp-SM1203
Thermo Fisher,lifetechnologies.com,O’GeneRuler Low Range DNA Ladder,bp,9,50,80,,10,https://www.thermofisher.com/order/catalog/product/SM1203?SID=srch-srp-SM1203
Thermo Fisher,lifetechnologies.com,O’GeneRuler Low Range DNA Ladder,bp,10,25,150,,10,https://www.thermofisher.com/order/catalog/product/SM1203?SID=srch-srp-SM1203
Thermo Fisher,lifetechnologies.com,O’GeneRuler Ultra Low Range DNA Ladder,bp,1,300,45,,11,https://www.thermofisher.com/order/catalog/product/SM1223?SID=srch-srp-SM1223
Thermo Fisher,lifetechnologies.com,O’GeneRuler Ultra Low Range DNA Ladder,bp,2,200,49,,11,https://www.thermofisher.com/order/catalog/product/SM1223?SID=srch-srp-SM1223
Thermo Fisher,lifetechnologies.com,O’GeneRuler Ultra Low Range DNA Ladder,bp,3,150,53,,11,https://www.thermofisher.com/order/catalog/product/SM1223?SID=srch-srp-SM1223
Thermo Fisher,lifetechnologies.com,O’GeneRuler Ultra Low Range DNA Ladder,bp,4,100,56,,11,https://www.thermofisher.com/order/catalog/product/SM1223?SID=srch-srp-SM1223
Thermo Fisher,lifetechnologies.com,O’GeneRuler Ultra Low Range DNA Ladder,bp,5,75,56,,11,https://www.thermofisher.com/order/catalog/product/SM1223?SID=srch-srp-SM1223
Thermo Fisher,lifetechnologies.com,O’GeneRuler Ultra Low Range DNA Ladder,bp,6,50,158,reference band,11,https://www.thermofisher.com/order/catalog/product/SM1223?SID=srch-srp-SM1223
Thermo Fisher,lifetechnologies.com,O’GeneRuler Ultra Low Range DNA Ladder,bp,7,35,56,,11,https://www.thermofisher.com/order/catalog/product/SM1223?SID=srch-srp-SM1223
Thermo Fisher,lifetechnologies.com,O’GeneRuler Ultra Low Range DNA Ladder,bp,8,25,56,,11,https://www.thermofisher.com/order/catalog/product/SM1223?SID=srch-srp-SM1223
Thermo Fisher,lifetechnologies.com,O’GeneRuler Ultra Low Range DNA Ladder,bp,9,20,60,,11,https://www.thermofisher.com/order/catalog/product/SM1223?SID=srch-srp-SM1223
Thermo Fisher,lifetechnologies.com,O’GeneRuler Ultra Low Range DNA Ladder,bp,10,15,71,,11,https://www.thermofisher.com/order/catalog/product/SM1223?SID=srch-srp-SM1223
Thermo Fisher,lifetechnologies.com,O’GeneRuler Ultra Low Range DNA Ladder,bp,11,10,90,,11,https://www.thermofisher.com/order/catalog/product/SM1223?SID=srch-srp-SM1223
Thermo Fisher,lifetechnologies.com,O’RangeRuler™ 5 bp DNA Ladder,bp,1,100,75,reference band,19,https://www.lifetechnologies.com/order/catalog/product/SM1303
Thermo Fisher,lifetechnologies.com,O’RangeRuler™ 5 bp DNA Ladder,bp,2,95,30,,19,https://www.lifetechnologies.com/order/catalog/product/SM1303
Thermo Fisher,lifetechnologies.com,O’RangeRuler™ 5 bp DNA Ladder,bp,3,90,30,,19,https://www.lifetechnologies.com/order/catalog/product/SM1303
Thermo Fisher,lifetechnologies.com,O’RangeRuler™ 5 bp DNA Ladder,bp,4,85,30,,19,https://www.lifetechnologies.com/order/catalog/product/SM1303
Thermo Fisher,lifetechnologies.com,O’RangeRuler™ 5 bp DNA Ladder,bp,5,80,30,,19,https://www.lifetechnologies.com/order/catalog/product/SM1303
Thermo Fisher,lifetechnologies.com,O’RangeRuler™ 5 bp DNA Ladder,bp,6,75,30,,19,https://www.lifetechnologies.com/order/catalog/product/SM1303
Thermo Fisher,lifetechnologies.com,O’RangeRuler™ 5 bp DNA Ladder,bp,7,70,30,,19,https://www.lifetechnologies.com/order/catalog/product/SM1303
Thermo Fisher,lifetechnologies.com,O’RangeRuler™ 5 bp DNA Ladder,bp,8,65,30,,19,https://www.lifetechnologies.com/order/catalog/product/SM1303
Thermo Fisher,lifetechnologies.com,O’RangeRuler™ 5 bp DNA Ladder,bp,9,60,30,,19,https://www.lifetechnologies.com/order/catalog/product/SM1303
Thermo Fisher,lifetechnologies.com,O’RangeRuler™ 5 bp DNA Ladder,bp,10,55,30,,19,https://www.lifetechnologies.com/order/catalog/product/SM1303
Thermo Fisher,lifetechnologies.com,O’RangeRuler™ 5 bp DNA Ladder,bp,11,50,75,reference band,19,https://www.lifetechnologies.com/order/catalog/product/SM1303
Thermo Fisher,lifetechnologies.com,O’RangeRuler™ 5 bp DNA Ladder,bp,12,45,30,,19,https://www.lifetechnologies.com/order/catalog/product/SM1303
Thermo Fisher,lifetechnologies.com,O’RangeRuler™ 5 bp DNA Ladder,bp,13,40,30,,19,https://www.lifetechnologies.com/order/catalog/product/SM1303
Thermo Fisher,lifetechnologies.com,O’RangeRuler™ 5 bp DNA Ladder,bp,14,35,30,,19,https://www.lifetechnologies.com/order/catalog/product/SM1303
Thermo Fisher,lifetechnologies.com,O’RangeRuler™ 5 bp DNA Ladder,bp,15,30,30,,19,https://www.lifetechnologies.com/order/catalog/product/SM1303
Thermo Fisher,lifetechnologies.com,O’RangeRuler™ 5 bp DNA Ladder,bp,16,25,30,,19,https://www.lifetechnologies.com/order/catalog/product/SM1303
Thermo Fisher,lifetechnologies.com,O’RangeRuler™ 5 bp DNA Ladder,bp,17,20,30,,19,https://www.lifetechnologies.com/order/catalog/product/SM1303
Thermo Fisher,lifetechnologies.com,O’RangeRuler™ 5 bp DNA Ladder,bp,18,15,30,,19,https://www.lifetechnologies.com/order/catalog/product/SM1303
Thermo Fisher,lifetechnologies.com,O’RangeRuler™ 5 bp DNA Ladder,bp,19,10,30,,19,https://www.lifetechnologies.com/order/catalog/product/SM1303
Thermo Fisher,lifetechnologies.com,O’RangeRuler™ 10 bp DNA Ladder,bp,1,150,75,reference band,15,https://www.lifetechnologies.com/order/catalog/product/SM1313
Thermo Fisher,lifetechnologies.com,O’RangeRuler™ 10 bp DNA Ladder,bp,2,140,30,,15,https://www.lifetechnologies.com/order/catalog/product/SM1313
Thermo Fisher,lifetechnologies.com,O’RangeRuler™ 10 bp DNA Ladder,bp,3,130,30,,15,https://www.lifetechnologies.com/order/catalog/product/SM1313
Thermo Fisher,lifetechnologies.com,O’RangeRuler™ 10 bp DNA Ladder,bp,4,120,30,,15,https://www.lifetechnologies.com/order/catalog/product/SM1313
Thermo Fisher,lifetechnologies.com,O’RangeRuler™ 10 bp DNA Ladder,bp,5,110,30,,15,https://www.lifetechnologies.com/order/catalog/product/SM1313
Thermo Fisher,lifetechnologies.com,O’RangeRuler™ 10 bp DNA Ladder,bp,6,100,75,reference band,15,https://www.lifetechnologies.com/order/catalog/product/SM1313
Thermo Fisher,lifetechnologies.com,O’RangeRuler™ 10 bp DNA Ladder,bp,7,90,30,,15,https://www.lifetechnologies.com/order/catalog/product/SM1313
Thermo Fisher,lifetechnologies.com,O’RangeRuler™ 10 bp DNA Ladder,bp,8,80,30,,15,https://www.lifetechnologies.com/order/catalog/product/SM1313
Thermo Fisher,lifetechnologies.com,O’RangeRuler™ 10 bp DNA Ladder,bp,9,70,30,,15,https://www.lifetechnologies.com/order/catalog/product/SM1313
Thermo Fisher,lifetechnologies.com,O’RangeRuler™ 10 bp DNA Ladder,bp,10,60,30,,15,https://www.lifetechnologies.com/order/catalog/product/SM1313
Thermo Fisher,lifetechnologies.com,O’RangeRuler™ 10 bp DNA Ladder,bp,11,50,75,reference band,15,https://www.lifetechnologies.com/order/catalog/product/SM1313
Thermo Fisher,lifetechnologies.com,O’RangeRuler™ 10 bp DNA Ladder,bp,12,40,30,,15,https://www.lifetechnologies.com/order/catalog/product/SM1313
Thermo Fisher,lifetechnologies.com,O’RangeRuler™ 10 bp DNA Ladder,bp,13,30,30,,15,https://www.lifetechnologies.com/order/catalog/product/SM1313
Thermo Fisher,lifetechnologies.com,O’RangeRuler™ 10 bp DNA Ladder,bp,14,20,30,,15,https://www.lifetechnologies.com/order/catalog/product/SM1313
Thermo Fisher,lifetechnologies.com,O’RangeRuler™ 10 bp DNA Ladder,bp,15,10,30,,15,https://www.lifetechnologies.com/order/catalog/product/SM1313
Thermo Fisher,lifetechnologies.com,O’RangeRuler™ 20 bp DNA Ladder,bp,1,300,80,reference band,15,https://www.lifetechnologies.com/order/catalog/product/SM1323
Thermo Fisher,lifetechnologies.com,O’RangeRuler™ 20 bp DNA Ladder,bp,2,280,40,,15,https://www.lifetechnologies.com/order/catalog/product/SM1323
Thermo Fisher,lifetechnologies.com,O’RangeRuler™ 20 bp DNA Ladder,bp,3,260,40,,15,https://www.lifetechnologies.com/order/catalog/product/SM1323
Thermo Fisher,lifetechnologies.com,O’RangeRuler™ 20 bp DNA Ladder,bp,4,240,40,,15,https://www.lifetechnologies.com/order/catalog/product/SM1323
Thermo Fisher,lifetechnologies.com,O’RangeRuler™ 20 bp DNA Ladder,bp,5,220,40,,15,https://www.lifetechnologies.com/order/catalog/product/SM1323
Thermo Fisher,lifetechnologies.com,O’RangeRuler™ 20 bp DNA Ladder,bp,6,200,80,reference band,15,https://www.lifetechnologies.com/order/catalog/product/SM1323
Thermo Fisher,lifetechnologies.com,O’RangeRuler™ 20 bp DNA Ladder,bp,7,180,40,,15,https://www.lifetechnologies.com/order/catalog/product/SM1323
Thermo Fisher,lifetechnologies.com,O’RangeRuler™ 20 bp DNA Ladder,bp,8,160,40,,15,https://www.lifetechnologies.com/order/catalog/product/SM1323
Thermo Fisher,lifetechnologies.com,O’RangeRuler™ 20 bp DNA Ladder,bp,9,140,40,,15,https://www.lifetechnologies.com/order/catalog/product/SM1323
Thermo Fisher,lifetechnologies.com,O’RangeRuler™ 20 bp DNA Ladder,bp,10,120,40,,15,https://www.lifetechnologies.com/order/catalog/product/SM1323
Thermo Fisher,lifetechnologies.com,O’RangeRuler™ 20 bp DNA Ladder,bp,11,100,80,reference band,15,https://www.lifetechnologies.com/order/catalog/product/SM1323
Thermo Fisher,lifetechnologies.com,O’RangeRuler™ 20 bp DNA Ladder,bp,12,80,40,,15,https://www.lifetechnologies.com/order/catalog/product/SM1323
Thermo Fisher,lifetechnologies.com,O’RangeRuler™ 20 bp DNA Ladder,bp,13,60,40,,15,https://www.lifetechnologies.com/order/catalog/product/SM1323
Thermo Fisher,lifetechnologies.com,O’RangeRuler™ 20 bp DNA Ladder,bp,14,40,40,,15,https://www.lifetechnologies.com/order/catalog/product/SM1323
Thermo Fisher,lifetechnologies.com,O’RangeRuler™ 20 bp DNA Ladder,bp,15,20,40,,15,https://www.lifetechnologies.com/order/catalog/product/SM1323
Thermo Fisher,lifetechnologies.com,O’RangeRuler™ 50 bp DNA Ladder,bp,1,1000,80,reference band,20,https://www.lifetechnologies.com/order/catalog/product/SM0613
Thermo Fisher,lifetechnologies.com,O’RangeRuler™ 50 bp DNA Ladder,bp,2,950,40,,20,https://www.lifetechnologies.com/order/catalog/product/SM0613
Thermo Fisher,lifetechnologies.com,O’RangeRuler™ 50 bp DNA Ladder,bp,3,900,40,,20,https://www.lifetechnologies.com/order/catalog/product/SM0613
Thermo Fisher,lifetechnologies.com,O’RangeRuler™ 50 bp DNA Ladder,bp,4,850,40,,20,https://www.lifetechnologies.com/order/catalog/product/SM0613
Thermo Fisher,lifetechnologies.com,O’RangeRuler™ 50 bp DNA Ladder,bp,5,800,40,,20,https://www.lifetechnologies.com/order/catalog/product/SM0613
Thermo Fisher,lifetechnologies.com,O’RangeRuler™ 50 bp DNA Ladder,bp,6,750,40,,20,https://www.lifetechnologies.com/order/catalog/product/SM0613
Thermo Fisher,lifetechnologies.com,O’RangeRuler™ 50 bp DNA Ladder,bp,7,700,40,,20,https://www.lifetechnologies.com/order/catalog/product/SM0613
Thermo Fisher,lifetechnologies.com,O’RangeRuler™ 50 bp DNA Ladder,bp,8,650,40,,20,https://www.lifetechnologies.com/order/catalog/product/SM0613
Thermo Fisher,lifetechnologies.com,O’RangeRuler™ 50 bp DNA Ladder,bp,9,600,40,,20,https://www.lifetechnologies.com/order/catalog/product/SM0613
Thermo Fisher,lifetechnologies.com,O’RangeRuler™ 50 bp DNA Ladder,bp,10,550,40,,20,https://www.lifetechnologies.com/order/catalog/product/SM0613
Thermo Fisher,lifetechnologies.com,O’RangeRuler™ 50 bp DNA Ladder,bp,11,500,80,reference band,20,https://www.lifetechnologies.com/order/catalog/product/SM0613
Thermo Fisher,lifetechnologies.com,O’RangeRuler™ 50 bp DNA Ladder,bp,12,450,40,,20,https://www.lifetechnologies.com/order/catalog/product/SM0613
Thermo Fisher,lifetechnologies.com,O’RangeRuler™ 50 bp DNA Ladder,bp,13,400,40,,20,https://www.lifetechnologies.com/order/catalog/product/SM0613
Thermo Fisher,lifetechnologies.com,O’RangeRuler™ 50 bp DNA Ladder,bp,14,350,40,,20,https://www.lifetechnologies.com/order/catalog/product/SM0613
Thermo Fisher,lifetechnologies.com,O’RangeRuler™ 50 bp DNA Ladder,bp,15,300,40,,20,https://www.lifetechnologies.com/order/catalog/product/SM0613
Thermo Fisher,lifetechnologies.com,O’RangeRuler™ 50 bp DNA Ladder,bp,16,250,40,,20,https://www.lifetechnologies.com/order/catalog/product/SM0613
Thermo Fisher,lifetechnologies.com,O’RangeRuler™ 50 bp DNA Ladder,bp,17,200,80,reference band,20,https://www.lifetechnologies.com/order/catalog/product/SM0613
Thermo Fisher,lifetechnologies.com,O’RangeRuler™ 50 bp DNA Ladder,bp,18,150,40,,20,https://www.lifetechnologies.com/order/catalog/product/SM0613
Thermo Fisher,lifetechnologies.com,O’RangeRuler™ 50 bp DNA Ladder,bp,19,100,40,,20,https://www.lifetechnologies.com/order/catalog/product/SM0613
Thermo Fisher,lifetechnologies.com,O’RangeRuler™ 50 bp DNA Ladder,bp,20,50,40,,20,https://www.lifetechnologies.com/order/catalog/product/SM0613
Thermo Fisher,lifetechnologies.com,O’RangeRuler™ 100 bp + 500 bp DNA Ladder,bp,1,6000,80,reference band,24,https://www.lifetechnologies.com/order/catalog/product/SM0653
Thermo Fisher,lifetechnologies.com,O’RangeRuler™ 100 bp + 500 bp DNA Ladder,bp,2,5500,40,,24,https://www.lifetechnologies.com/order/catalog/product/SM0653
Thermo Fisher,lifetechnologies.com,O’RangeRuler™ 100 bp + 500 bp DNA Ladder,bp,3,5000,40,,24,https://www.lifetechnologies.com/order/catalog/product/SM0653
Thermo Fisher,lifetechnologies.com,O’RangeRuler™ 100 bp + 500 bp DNA Ladder,bp,4,4500,40,,24,https://www.lifetechnologies.com/order/catalog/product/SM0653
Thermo Fisher,lifetechnologies.com,O’RangeRuler™ 100 bp + 500 bp DNA Ladder,bp,5,4000,40,,24,https://www.lifetechnologies.com/order/catalog/product/SM0653
Thermo Fisher,lifetechnologies.com,O’RangeRuler™ 100 bp + 500 bp DNA Ladder,bp,6,3500,40,,24,https://www.lifetechnologies.com/order/catalog/product/SM0653
Thermo Fisher,lifetechnologies.com,O’RangeRuler™ 100 bp + 500 bp DNA Ladder,bp,7,3000,40,,24,https://www.lifetechnologies.com/order/catalog/product/SM0653
Thermo Fisher,lifetechnologies.com,O’RangeRuler™ 100 bp + 500 bp DNA Ladder,bp,8,2500,40,,24,https://www.lifetechnologies.com/order/catalog/product/SM0653
Thermo Fisher,lifetechnologies.com,O’RangeRuler™ 100 bp + 500 bp DNA Ladder,bp,9,2000,80,reference band,24,https://www.lifetechnologies.com/order/catalog/product/SM0653
Thermo Fisher,lifetechnologies.com,O’RangeRuler™ 100 bp + 500 bp DNA Ladder,bp,10,1500,80,reference band,24,https://www.lifetechnologies.com/order/catalog/product/SM0653
Thermo Fisher,lifetechnologies.com,O’RangeRuler™ 100 bp + 500 bp DNA Ladder,bp,11,1400,40,,24,https://www.lifetechnologies.com/order/catalog/product/SM0653
Thermo Fisher,lifetechnologies.com,O’RangeRuler™ 100 bp + 500 bp DNA Ladder,bp,12,1300,40,,24,https://www.lifetechnologies.com/order/catalog/product/SM0653
Thermo Fisher,lifetechnologies.com,O’RangeRuler™ 100 bp + 500 bp DNA Ladder,bp,13,1200,40,,24,https://www.lifetechnologies.com/order/catalog/product/SM0653
Thermo Fisher,lifetechnologies.com,O’RangeRuler™ 100 bp + 500 bp DNA Ladder,bp,14,1100,40,,24,https://www.lifetechnologies.com/order/catalog/product/SM0653
Thermo Fisher,lifetechnologies.com,O’RangeRuler™ 100 bp + 500 bp DNA Ladder,bp,15,1000,80,reference band,24,https://www.lifetechnologies.com/order/catalog/product/SM0653
Thermo Fisher,lifetechnologies.com,O’RangeRuler™ 100 bp + 500 bp DNA Ladder,bp,16,900,40,,24,https://www.lifetechnologies.com/order/catalog/product/SM0653
Thermo Fisher,lifetechnologies.com,O’RangeRuler™ 100 bp + 500 bp DNA Ladder,bp,17,800,40,,24,https://www.lifetechnologies.com/order/catalog/product/SM0653
Thermo Fisher,lifetechnologies.com,O’RangeRuler™ 100 bp + 500 bp DNA Ladder,bp,18,700,40,,24,https://www.lifetechnologies.com/order/catalog/product/SM0653
Thermo Fisher,lifetechnologies.com,O’RangeRuler™ 100 bp + 500 bp DNA Ladder,bp,19,600,40,,24,https://www.lifetechnologies.com/order/catalog/product/SM0653
Thermo Fisher,lifetechnologies.com,O’RangeRuler™ 100 bp + 500 bp DNA Ladder,bp,20,500,80,reference band,24,https://www.lifetechnologies.com/order/catalog/product/SM0653
Thermo Fisher,lifetechnologies.com,O’RangeRuler™ 100 bp + 500 bp DNA Ladder,bp,21,400,40,,24,https://www.lifetechnologies.com/order/catalog/product/SM0653
Thermo Fisher,lifetechnologies.com,O’RangeRuler™ 100 bp + 500 bp DNA Ladder,bp,22,300,40,,24,https://www.lifetechnologies.com/order/catalog/product/SM0653
Thermo Fisher,lifetechnologies.com,O’RangeRuler™ 100 bp + 500 bp DNA Ladder,bp,23,200,40,,24,https://www.lifetechnologies.com/order/catalog/product/SM0653
Thermo Fisher,lifetechnologies.com,O’RangeRuler™ 100 bp + 500 bp DNA Ladder,bp,24,100,40,,24,https://www.lifetechnologies.com/order/catalog/product/SM0653
Thermo Fisher,lifetechnologies.com,O’RangeRuler™ 100 bp DNA Ladder,bp,1,1500,80,reference band,15,https://www.lifetechnologies.com/order/catalog/product/SM0623
Thermo Fisher,lifetechnologies.com,O’RangeRuler™ 100 bp DNA Ladder,bp,2,1400,40,,15,https://www.lifetechnologies.com/order/catalog/product/SM0623
Thermo Fisher,lifetechnologies.com,O’RangeRuler™ 100 bp DNA Ladder,bp,3,1300,40,,15,https://www.lifetechnologies.com/order/catalog/product/SM0623
Thermo Fisher,lifetechnologies.com,O’RangeRuler™ 100 bp DNA Ladder,bp,4,1200,40,,15,https://www.lifetechnologies.com/order/catalog/product/SM0623
Thermo Fisher,lifetechnologies.com,O’RangeRuler™ 100 bp DNA Ladder,bp,5,1100,40,,15,https://www.lifetechnologies.com/order/catalog/product/SM0623
Thermo Fisher,lifetechnologies.com,O’RangeRuler™ 100 bp DNA Ladder,bp,6,1000,80,reference band,15,https://www.lifetechnologies.com/order/catalog/product/SM0623
Thermo Fisher,lifetechnologies.com,O’RangeRuler™ 100 bp DNA Ladder,bp,7,900,40,,15,https://www.lifetechnologies.com/order/catalog/product/SM0623
Thermo Fisher,lifetechnologies.com,O’RangeRuler™ 100 bp DNA Ladder,bp,8,800,40,,15,https://www.lifetechnologies.com/order/catalog/product/SM0623
Thermo Fisher,lifetechnologies.com,O’RangeRuler™ 100 bp DNA Ladder,bp,9,700,40,,15,https://www.lifetechnologies.com/order/catalog/product/SM0623
Thermo Fisher,lifetechnologies.com,O’RangeRuler™ 100 bp DNA Ladder,bp,10,600,40,,15,https://www.lifetechnologies.com/order/catalog/product/SM0623
Thermo Fisher,lifetechnologies.com,O’RangeRuler™ 100 bp DNA Ladder,bp,11,500,80,reference band,15,https://www.lifetechnologies.com/order/catalog/product/SM0623
Thermo Fisher,lifetechnologies.com,O’RangeRuler™ 100 bp DNA Ladder,bp,12,400,40,,15,https://www.lifetechnologies.com/order/catalog/product/SM0623
Thermo Fisher,lifetechnologies.com,O’RangeRuler™ 100 bp DNA Ladder,bp,13,300,40,,15,https://www.lifetechnologies.com/order/catalog/product/SM0623
Thermo Fisher,lifetechnologies.com,O’RangeRuler™ 100 bp DNA Ladder,bp,14,200,40,,15,https://www.lifetechnologies.com/order/catalog/product/SM0623
Thermo Fisher,lifetechnologies.com,O’RangeRuler™ 100 bp DNA Ladder,bp,15,100,40,,15,https://www.lifetechnologies.com/order/catalog/product/SM0623
Thermo Fisher,lifetechnologies.com,O’RangeRuler™ 200 bp DNA Ladder,bp,1,3000,80,reference band,15,https://www.lifetechnologies.com/order/catalog/product/SM0633
Thermo Fisher,lifetechnologies.com,O’RangeRuler™ 200 bp DNA Ladder,bp,2,2800,40,,15,https://www.lifetechnologies.com/order/catalog/product/SM0633
Thermo Fisher,lifetechnologies.com,O’RangeRuler™ 200 bp DNA Ladder,bp,3,2600,40,,15,https://www.lifetechnologies.com/order/catalog/product/SM0633
Thermo Fisher,lifetechnologies.com,O’RangeRuler™ 200 bp DNA Ladder,bp,4,2400,40,,15,https://www.lifetechnologies.com/order/catalog/product/SM0633
Thermo Fisher,lifetechnologies.com,O’RangeRuler™ 200 bp DNA Ladder,bp,5,2200,40,,15,https://www.lifetechnologies.com/order/catalog/product/SM0633
Thermo Fisher,lifetechnologies.com,O’RangeRuler™ 200 bp DNA Ladder,bp,6,2000,80,reference band,15,https://www.lifetechnologies.com/order/catalog/product/SM0633
Thermo Fisher,lifetechnologies.com,O’RangeRuler™ 200 bp DNA Ladder,bp,7,1800,40,,15,https://www.lifetechnologies.com/order/catalog/product/SM0633
Thermo Fisher,lifetechnologies.com,O’RangeRuler™ 200 bp DNA Ladder,bp,8,1600,40,,15,https://www.lifetechnologies.com/order/catalog/product/SM0633
Thermo Fisher,lifetechnologies.com,O’RangeRuler™ 200 bp DNA Ladder,bp,9,1400,40,,15,https://www.lifetechnologies.com/order/catalog/product/SM0633
Thermo Fisher,lifetechnologies.com,O’RangeRuler™ 200 bp DNA Ladder,bp,10,1200,40,,15,https://www.lifetechnologies.com/order/catalog/product/SM0633
Thermo Fisher,lifetechnologies.com,O’RangeRuler™ 200 bp DNA Ladder,bp,11,1000,80,reference band,15,https://www.lifetechnologies.com/order/catalog/product/SM0633
Thermo Fisher,lifetechnologies.com,O’RangeRuler™ 200 bp DNA Ladder,bp,12,800,40,,15,https://www.lifetechnologies.com/order/catalog/product/SM0633
Thermo Fisher,lifetechnologies.com,O’RangeRuler™ 200 bp DNA Ladder,bp,13,600,40,,15,https://www.lifetechnologies.com/order/catalog/product/SM0633
Thermo Fisher,lifetechnologies.com,O’RangeRuler™ 200 bp DNA Ladder,bp,14,400,40,,15,https://www.lifetechnologies.com/order/catalog/product/SM0633
Thermo Fisher,lifetechnologies.com,O’RangeRuler™ 200 bp DNA Ladder,bp,15,200,40,,15,https://www.lifetechnologies.com/order/catalog/product/SM0633
Thermo Fisher,lifetechnologies.com,O’RangeRuler™ 500 bp DNA Ladder,bp,1,6000,80,reference band,12,https://www.lifetechnologies.com/order/catalog/product/SM0643
Thermo Fisher,lifetechnologies.com,O’RangeRuler™ 500 bp DNA Ladder,bp,2,5500,40,,12,https://www.lifetechnologies.com/order/catalog/product/SM0643
Thermo Fisher,lifetechnologies.com,O’RangeRuler™ 500 bp DNA Ladder,bp,3,5000,40,,12,https://www.lifetechnologies.com/order/catalog/product/SM0643
Thermo Fisher,lifetechnologies.com,O’RangeRuler™ 500 bp DNA Ladder,bp,4,4500,40,,12,https://www.lifetechnologies.com/order/catalog/product/SM0643
Thermo Fisher,lifetechnologies.com,O’RangeRuler™ 500 bp DNA Ladder,bp,5,4000,40,,12,https://www.lifetechnologies.com/order/catalog/product/SM0643
Thermo Fisher,lifetechnologies.com,O’RangeRuler™ 500 bp DNA Ladder,bp,6,3500,40,,12,https://www.lifetechnologies.com/order/catalog/product/SM0643
Thermo Fisher,lifetechnologies.com,O’RangeRuler™ 500 bp DNA Ladder,bp,7,3000,40,,12,https://www.lifetechnologies.com/order/catalog/product/SM0643
Thermo Fisher,lifetechnologies.com,O’RangeRuler™ 500 bp DNA Ladder,bp,8,2500,40,,12,https://www.lifetechnologies.com/order/catalog/product/SM0643
Thermo Fisher,lifetechnologies.com,O’RangeRuler™ 500 bp DNA Ladder,bp,9,2000,80,reference band,12,https://www.lifetechnologies.com/order/catalog/product/SM0643
Thermo Fisher,lifetechnologies.com,O’RangeRuler™ 500 bp DNA Ladder,bp,10,1500,40,,12,https://www.lifetechnologies.com/order/catalog/product/SM0643
Thermo Fisher,lifetechnologies.com,O’RangeRuler™ 500 bp DNA Ladder,bp,11,1000,40,,12,https://www.lifetechnologies.com/order/catalog/product/SM0643
Thermo Fisher,lifetechnologies.com,O’RangeRuler™ 500 bp DNA Ladder,bp,12,500,40,,12,https://www.lifetechnologies.com/order/catalog/product/SM0643
Thermo Fisher,lifetechnologies.com,TrackIt™ 50 bp DNA Ladder,bp,1,2500,60,,17,https://www.thermofisher.com/order/catalog/product/10488043
Thermo Fisher,lifetechnologies.com,TrackIt™ 50 bp DNA Ladder,bp,2,800,60,,17,https://www.thermofisher.com/order/catalog/product/10488043
Thermo Fisher,lifetechnologies.com,TrackIt™ 50 bp DNA Ladder,bp,3,750,20,,17,https://www.thermofisher.com/order/catalog/product/10488043
Thermo Fisher,lifetechnologies.com,TrackIt™ 50 bp DNA Ladder,bp,4,700,20,,17,https://www.thermofisher.com/order/catalog/product/10488043
Thermo Fisher,lifetechnologies.com,TrackIt™ 50 bp DNA Ladder,bp,5,650,20,,17,https://www.thermofisher.com/order/catalog/product/10488043
Thermo Fisher,lifetechnologies.com,TrackIt™ 50 bp DNA Ladder,bp,6,600,20,,17,https://www.thermofisher.com/order/catalog/product/10488043
Thermo Fisher,lifetechnologies.com,TrackIt™ 50 bp DNA Ladder,bp,7,550,20,,17,https://www.thermofisher.com/order/catalog/product/10488043
Thermo Fisher,lifetechnologies.com,TrackIt™ 50 bp DNA Ladder,bp,8,500,20,,17,https://www.thermofisher.com/order/catalog/product/10488043
Thermo Fisher,lifetechnologies.com,TrackIt™ 50 bp DNA Ladder,bp,9,450,20,,17,https://www.thermofisher.com/order/catalog/product/10488043
Thermo Fisher,lifetechnologies.com,TrackIt™ 50 bp DNA Ladder,bp,10,400,20,,17,https://www.thermofisher.com/order/catalog/product/10488043
Thermo Fisher,lifetechnologies.com,TrackIt™ 50 bp DNA Ladder,bp,11,350,65,reference band,17,https://www.thermofisher.com/order/catalog/product/10488043
Thermo Fisher,lifetechnologies.com,TrackIt™ 50 bp DNA Ladder,bp,12,300,25,,17,https://www.thermofisher.com/order/catalog/product/10488043
Thermo Fisher,lifetechnologies.com,TrackIt™ 50 bp DNA Ladder,bp,13,250,25,,17,https://www.thermofisher.com/order/catalog/product/10488043
Thermo Fisher,lifetechnologies.com,TrackIt™ 50 bp DNA Ladder,bp,14,200,25,,17,https://www.thermofisher.com/order/catalog/product/10488043
Thermo Fisher,lifetechnologies.com,TrackIt™ 50 bp DNA Ladder,bp,15,150,25,,17,https://www.thermofisher.com/order/catalog/product/10488043
Thermo Fisher,lifetechnologies.com,TrackIt™ 50 bp DNA Ladder,bp,16,100,25,,17,https://www.thermofisher.com/order/catalog/product/10488043
Thermo Fisher,lifetechnologies.com,TrackIt™ 50 bp DNA Ladder,bp,17,50,30,,17,https://www.thermofisher.com/order/catalog/product/10488043
Thermo Fisher,lifetechnologies.com,TrackIt™ 100 bp DNA Ladder,bp,1,2000,65,,13,https://www.thermofisher.com/order/catalog/product/10488058
Thermo Fisher,lifetechnologies.com,TrackIt™ 100 bp DNA Ladder,bp,2,1500,65,,13,https://www.thermofisher.com/order/catalog/product/10488058
Thermo Fisher,lifetechnologies.com,TrackIt™ 100 bp DNA Ladder,bp,3,1200,30,,13,https://www.thermofisher.com/order/catalog/product/10488058
Thermo Fisher,lifetechnologies.com,TrackIt™ 100 bp DNA Ladder,bp,4,1000,30,,13,https://www.thermofisher.com/order/catalog/product/10488058
Thermo Fisher,lifetechnologies.com,TrackIt™ 100 bp DNA Ladder,bp,5,900,30,,13,https://www.thermofisher.com/order/catalog/product/10488058
Thermo Fisher,lifetechnologies.com,TrackIt™ 100 bp DNA Ladder,bp,6,800,30,,13,https://www.thermofisher.com/order/catalog/product/10488058
Thermo Fisher,lifetechnologies.com,TrackIt™ 100 bp DNA Ladder,bp,7,700,30,,13,https://www.thermofisher.com/order/catalog/product/10488058
Thermo Fisher,lifetechnologies.com,TrackIt™ 100 bp DNA Ladder,bp,8,600,70,reference band,13,https://www.thermofisher.com/order/catalog/product/10488058
Thermo Fisher,lifetechnologies.com,TrackIt™ 100 bp DNA Ladder,bp,9,500,30,,13,https://www.thermofisher.com/order/catalog/product/10488058
Thermo Fisher,lifetechnologies.com,TrackIt™ 100 bp DNA Ladder,bp,10,400,30,,13,https://www.thermofisher.com/order/catalog/product/10488058
Thermo Fisher,lifetechnologies.com,TrackIt™ 100 bp DNA Ladder,bp,11,300,30,,13,https://www.thermofisher.com/order/catalog/product/10488058
Thermo Fisher,lifetechnologies.com,TrackIt™ 100 bp DNA Ladder,bp,12,200,30,,13,https://www.thermofisher.com/order/catalog/product/10488058
Thermo Fisher,lifetechnologies.com,TrackIt™ 100 bp DNA Ladder,bp,13,100,30,,13,https://www.thermofisher.com/order/catalog/product/10488058
Thermo Fisher,lifetechnologies.com,Trackit™ 1 Kb Plus DNA Ladder,bp,1,15000,25,,18,https://www.thermofisher.com/order/catalog/product/10488085
Thermo Fisher,lifetechnologies.com,Trackit™ 1 Kb Plus DNA Ladder,bp,2,10000,25,,18,https://www.thermofisher.com/order/catalog/product/10488085
Thermo Fisher,lifetechnologies.com,Trackit™ 1 Kb Plus DNA Ladder,bp,3,8000,25,,18,https://www.thermofisher.com/order/catalog/product/10488085
Thermo Fisher,lifetechnologies.com,Trackit™ 1 Kb Plus DNA Ladder,bp,4,7000,25,,18,https://www.thermofisher.com/order/catalog/product/10488085
Thermo Fisher,lifetechnologies.com,Trackit™ 1 Kb Plus DNA Ladder,bp,5,6000,25,,18,https://www.thermofisher.com/order/catalog/product/10488085
Thermo Fisher,lifetechnologies.com,Trackit™ 1 Kb Plus DNA Ladder,bp,6,5000,25,,18,https://www.thermofisher.com/order/catalog/product/10488085
Thermo Fisher,lifetechnologies.com,Trackit™ 1 Kb Plus DNA Ladder,bp,7,4000,25,,18,https://www.thermofisher.com/order/catalog/product/10488085
Thermo Fisher,lifetechnologies.com,Trackit™ 1 Kb Plus DNA Ladder,bp,8,3000,25,,18,https://www.thermofisher.com/order/catalog/product/10488085
Thermo Fisher,lifetechnologies.com,Trackit™ 1 Kb Plus DNA Ladder,bp,9,2000,25,,18,https://www.thermofisher.com/order/catalog/product/10488085
Thermo Fisher,lifetechnologies.com,Trackit™ 1 Kb Plus DNA Ladder,bp,10,1500,88,reference band,18,https://www.thermofisher.com/order/catalog/product/10488085
Thermo Fisher,lifetechnologies.com,Trackit™ 1 Kb Plus DNA Ladder,bp,11,1000,38,,18,https://www.thermofisher.com/order/catalog/product/10488085
Thermo Fisher,lifetechnologies.com,Trackit™ 1 Kb Plus DNA Ladder,bp,12,850,38,,18,https://www.thermofisher.com/order/catalog/product/10488085
Thermo Fisher,lifetechnologies.com,Trackit™ 1 Kb Plus DNA Ladder,bp,13,650,38,,18,https://www.thermofisher.com/order/catalog/product/10488085
Thermo Fisher,lifetechnologies.com,Trackit™ 1 Kb Plus DNA Ladder,bp,14,500,38,,18,https://www.thermofisher.com/order/catalog/product/10488085
Thermo Fisher,lifetechnologies.com,Trackit™ 1 Kb Plus DNA Ladder,bp,15,400,38,,18,https://www.thermofisher.com/order/catalog/product/10488085
Thermo Fisher,lifetechnologies.com,Trackit™ 1 Kb Plus DNA Ladder,bp,16,300,38,,18,https://www.thermofisher.com/order/catalog/product/10488085
Thermo Fisher,lifetechnologies.com,Trackit™ 1 Kb Plus DNA Ladder,bp,17,200,38,,18,https://www.thermofisher.com/order/catalog/product/10488085
Thermo Fisher,lifetechnologies.com,Trackit™ 1 Kb Plus DNA Ladder,bp,18,100,50,,18,https://www.thermofisher.com/order/catalog/product/10488085
Thermo Fisher,lifetechnologies.com,TrackIt™ Ultra Low Range DNA Ladder,bp,1,300,35,,9,https://www.thermofisher.com/order/catalog/product/10488023
Thermo Fisher,lifetechnologies.com,TrackIt™ Ultra Low Range DNA Ladder,bp,2,200,30,,9,https://www.thermofisher.com/order/catalog/product/10488023
Thermo Fisher,lifetechnologies.com,TrackIt™ Ultra Low Range DNA Ladder,bp,3,150,30,,9,https://www.thermofisher.com/order/catalog/product/10488023
Thermo Fisher,lifetechnologies.com,TrackIt™ Ultra Low Range DNA Ladder,bp,4,100,105,reference band,9,https://www.thermofisher.com/order/catalog/product/10488023
Thermo Fisher,lifetechnologies.com,TrackIt™ Ultra Low Range DNA Ladder,bp,5,75,30,,9,https://www.thermofisher.com/order/catalog/product/10488023
Thermo Fisher,lifetechnologies.com,TrackIt™ Ultra Low Range DNA Ladder,bp,6,50,35,,9,https://www.thermofisher.com/order/catalog/product/10488023
Thermo Fisher,lifetechnologies.com,TrackIt™ Ultra Low Range DNA Ladder,bp,7,35,35,,9,https://www.thermofisher.com/order/catalog/product/10488023
Thermo Fisher,lifetechnologies.com,TrackIt™ Ultra Low Range DNA Ladder,bp,8,20,75,,9,https://www.thermofisher.com/order/catalog/product/10488023
Thermo Fisher,lifetechnologies.com,TrackIt™ Ultra Low Range DNA Ladder,bp,9,10,125,,9,https://www.thermofisher.com/order/catalog/product/10488023
Thermo Fisher,lifetechnologies.com,ZipRuler™ Express DNA Ladder 1,bp,1,10000,44,,9,http://www.fermentas.com/en/products/all/dna-electrophoresis/zipruler-dna-ladders/sm137-zipruler-express
Thermo Fisher,lifetechnologies.com,ZipRuler™ Express DNA Ladder 1,bp,2,5000,128,reference band,9,http://www.fermentas.com/en/products/all/dna-electrophoresis/zipruler-dna-ladders/sm137-zipruler-express
Thermo Fisher,lifetechnologies.com,ZipRuler™ Express DNA Ladder 1,bp,3,3000,44,,9,http://www.fermentas.com/en/products/all/dna-electrophoresis/zipruler-dna-ladders/sm137-zipruler-express
Thermo Fisher,lifetechnologies.com,ZipRuler™ Express DNA Ladder 1,bp,4,2000,44,,9,http://www.fermentas.com/en/products/all/dna-electrophoresis/zipruler-dna-ladders/sm137-zipruler-express
Thermo Fisher,lifetechnologies.com,ZipRuler™ Express DNA Ladder 1,bp,5,1200,40,,9,http://www.fermentas.com/en/products/all/dna-electrophoresis/zipruler-dna-ladders/sm137-zipruler-express
Thermo Fisher,lifetechnologies.com,ZipRuler™ Express DNA Ladder 1,bp,6,850,40,,9,http://www.fermentas.com/en/products/all/dna-electrophoresis/zipruler-dna-ladders/sm137-zipruler-express
Thermo Fisher,lifetechnologies.com,ZipRuler™ Express DNA Ladder 1,bp,7,500,80,reference band,9,http://www.fermentas.com/en/products/all/dna-electrophoresis/zipruler-dna-ladders/sm137-zipruler-express
Thermo Fisher,lifetechnologies.com,ZipRuler™ Express DNA Ladder 1,bp,8,300,40,,9,http://www.fermentas.com/en/products/all/dna-electrophoresis/zipruler-dna-ladders/sm137-zipruler-express
Thermo Fisher,lifetechnologies.com,ZipRuler™ Express DNA Ladder 1,bp,9,100,40,,9,http://www.fermentas.com/en/products/all/dna-electrophoresis/zipruler-dna-ladders/sm137-zipruler-express
Thermo Fisher,lifetechnologies.com,ZipRuler™ Express DNA Ladder 2,bp,1,20000,48,,9,http://www.fermentas.com/en/products/all/dna-electrophoresis/zipruler-dna-ladders/sm137-zipruler-express
Thermo Fisher,lifetechnologies.com,ZipRuler™ Express DNA Ladder 2,bp,2,7000,48,,9,http://www.fermentas.com/en/products/all/dna-electrophoresis/zipruler-dna-ladders/sm137-zipruler-express
Thermo Fisher,lifetechnologies.com,ZipRuler™ Express DNA Ladder 2,bp,3,4000,46,,9,http://www.fermentas.com/en/products/all/dna-electrophoresis/zipruler-dna-ladders/sm137-zipruler-express
Thermo Fisher,lifetechnologies.com,ZipRuler™ Express DNA Ladder 2,bp,4,2500,46,,9,http://www.fermentas.com/en/products/all/dna-electrophoresis/zipruler-dna-ladders/sm137-zipruler-express
Thermo Fisher,lifetechnologies.com,ZipRuler™ Express DNA Ladder 2,bp,5,1500,152,reference band,9,http://www.fermentas.com/en/products/all/dna-electrophoresis/zipruler-dna-ladders/sm137-zipruler-express
Thermo Fisher,lifetechnologies.com,ZipRuler™ Express DNA Ladder 2,bp,6,1000,40,,9,http://www.fermentas.com/en/products/all/dna-electrophoresis/zipruler-dna-ladders/sm137-zipruler-express
Thermo Fisher,lifetechnologies.com,ZipRuler™ Express DNA Ladder 2,bp,7,700,40,,9,http://www.fermentas.com/en/products/all/dna-electrophoresis/zipruler-dna-ladders/sm137-zipruler-express
Thermo Fisher,lifetechnologies.com,ZipRuler™ Express DNA Ladder 2,bp,8,400,40,,9,http://www.fermentas.com/en/products/all/dna-electrophoresis/zipruler-dna-ladders/sm137-zipruler-express
Thermo Fisher,lifetechnologies.com,ZipRuler™ Express DNA Ladder 2,bp,9,200,40,,9,http://www.fermentas.com/en/products/all/dna-electrophoresis/zipruler-dna-ladders/sm137-zipruler-express
TIANGEN,tiangen.com,50 bp DNA Ladder,bp,1,500,50,,9,https://www.tiangen.com/content/details_40_16408.html
TIANGEN,tiangen.com,50 bp DNA Ladder,bp,2,400,50,,9,https://www.tiangen.com/content/details_40_16408.html
TIANGEN,tiangen.com,50 bp DNA Ladder,bp,3,350,50,,9,https://www.tiangen.com/content/details_40_16408.html
TIANGEN,tiangen.com,50 bp DNA Ladder,bp,4,300,100,reference band,9,https://www.tiangen.com/content/details_40_16408.html
TIANGEN,tiangen.com,50 bp DNA Ladder,bp,5,250,50,,9,https://www.tiangen.com/content/details_40_16408.html
TIANGEN,tiangen.com,50 bp DNA Ladder,bp,6,200,50,,9,https://www.tiangen.com/content/details_40_16408.html
TIANGEN,tiangen.com,50 bp DNA Ladder,bp,7,150,50,,9,https://www.tiangen.com/content/details_40_16408.html
TIANGEN,tiangen.com,50 bp DNA Ladder,bp,8,100,50,,9,https://www.tiangen.com/content/details_40_16408.html
TIANGEN,tiangen.com,50 bp DNA Ladder,bp,9,50,50,,9,https://www.tiangen.com/content/details_40_16408.html
TIANGEN,tiangen.com,100 bp DNA Ladder,bp,1,1500,50,,11,https://www.tiangen.com/content/details_40_16407.html
TIANGEN,tiangen.com,100 bp DNA Ladder,bp,2,1000,50,,11,https://www.tiangen.com/content/details_40_16407.html
TIANGEN,tiangen.com,100 bp DNA Ladder,bp,3,900,50,,11,https://www.tiangen.com/content/details_40_16407.html
TIANGEN,tiangen.com,100 bp DNA Ladder,bp,4,800,50,,11,https://www.tiangen.com/content/details_40_16407.html
TIANGEN,tiangen.com,100 bp DNA Ladder,bp,5,700,50,,11,https://www.tiangen.com/content/details_40_16407.html
TIANGEN,tiangen.com,100 bp DNA Ladder,bp,6,600,50,,11,https://www.tiangen.com/content/details_40_16407.html
TIANGEN,tiangen.com,100 bp DNA Ladder,bp,7,500,100,reference band,11,https://www.tiangen.com/content/details_40_16407.html
TIANGEN,tiangen.com,100 bp DNA Ladder,bp,8,400,50,,11,https://www.tiangen.com/content/details_40_16407.html
TIANGEN,tiangen.com,100 bp DNA Ladder,bp,9,300,50,,11,https://www.tiangen.com/content/details_40_16407.html
TIANGEN,tiangen.com,100 bp DNA Ladder,bp,10,200,50,,11,https://www.tiangen.com/content/details_40_16407.html
TIANGEN,tiangen.com,100 bp DNA Ladder,bp,11,100,50,,11,https://www.tiangen.com/content/details_40_16407.html
TIANGEN,tiangen.com,500 bp DNA Ladder,bp,1,4000,50,,8,https://www.tiangen.com/content/details_40_16404.html
TIANGEN,tiangen.com,500 bp DNA Ladder,bp,2,3500,50,,8,https://www.tiangen.com/content/details_40_16404.html
TIANGEN,tiangen.com,500 bp DNA Ladder,bp,3,3000,50,,8,https://www.tiangen.com/content/details_40_16404.html
TIANGEN,tiangen.com,500 bp DNA Ladder,bp,4,2500,50,,8,https://www.tiangen.com/content/details_40_16404.html
TIANGEN,tiangen.com,500 bp DNA Ladder,bp,5,2000,100,reference band,8,https://www.tiangen.com/content/details_40_16404.html
TIANGEN,tiangen.com,500 bp DNA Ladder,bp,6,1500,50,,8,https://www.tiangen.com/content/details_40_16404.html
TIANGEN,tiangen.com,500 bp DNA Ladder,bp,7,1000,50,,8,https://www.tiangen.com/content/details_40_16404.html
TIANGEN,tiangen.com,500 bp DNA Ladder,bp,8,500,50,,8,https://www.tiangen.com/content/details_40_16404.html
TIANGEN,tiangen.com,1 kb DNA Ladder,bp,1,10000,50,,9,https://www.tiangen.com/content/details_40_16405.html
TIANGEN,tiangen.com,1 kb DNA Ladder,bp,2,8000,50,,9,https://www.tiangen.com/content/details_40_16405.html
TIANGEN,tiangen.com,1 kb DNA Ladder,bp,3,7000,50,,9,https://www.tiangen.com/content/details_40_16405.html
TIANGEN,tiangen.com,1 kb DNA Ladder,bp,4,6000,50,,9,https://www.tiangen.com/content/details_40_16405.html
TIANGEN,tiangen.com,1 kb DNA Ladder,bp,5,5000,100,reference band,9,https://www.tiangen.com/content/details_40_16405.html
TIANGEN,tiangen.com,1 kb DNA Ladder,bp,6,4000,50,,9,https://www.tiangen.com/content/details_40_16405.html
TIANGEN,tiangen.com,1 kb DNA Ladder,bp,7,3000,50,,9,https://www.tiangen.com/content/details_40_16405.html
TIANGEN,tiangen.com,1 kb DNA Ladder,bp,8,2000,50,,9,https://www.tiangen.com/content/details_40_16405.html
TIANGEN,tiangen.com,1 kb DNA Ladder,bp,9,1000,50,,9,https://www.tiangen.com/content/details_40_16405.html
TIANGEN,tiangen.com,1 kb Plus DNA Ladder,bp,1,10000,50,,12,https://www.tiangen.com/content/details_40_16403.html
TIANGEN,tiangen.com,1 kb Plus DNA Ladder,bp,2,8000,50,,12,https://www.tiangen.com/content/details_40_16403.html
TIANGEN,tiangen.com,1 kb Plus DNA Ladder,bp,3,5000,50,,12,https://www.tiangen.com/content/details_40_16403.html
TIANGEN,tiangen.com,1 kb Plus DNA Ladder,bp,4,2000,50,,12,https://www.tiangen.com/content/details_40_16403.html
TIANGEN,tiangen.com,1 kb Plus DNA Ladder,bp,5,1600,50,,12,https://www.tiangen.com/content/details_40_16403.html
TIANGEN,tiangen.com,1 kb Plus DNA Ladder,bp,6,1000,100,reference band,12,https://www.tiangen.com/content/details_40_16403.html
TIANGEN,tiangen.com,1 kb Plus DNA Ladder,bp,7,700,50,,12,https://www.tiangen.com/content/details_40_16403.html
TIANGEN,tiangen.com,1 kb Plus DNA Ladder,bp,8,500,50,,12,https://www.tiangen.com/content/details_40_16403.html
TIANGEN,tiangen.com,1 kb Plus DNA Ladder,bp,9,400,50,,12,https://www.tiangen.com/content/details_40_16403.html
TIANGEN,tiangen.com,1 kb Plus DNA Ladder,bp,10,300,50,,12,https://www.tiangen.com/content/details_40_16403.html
TIANGEN,tiangen.com,1 kb Plus DNA Ladder,bp,11,200,50,,12,https://www.tiangen.com/content/details_40_16403.html
TIANGEN,tiangen.com,1 kb Plus DNA Ladder,bp,12,100,50,,12,https://www.tiangen.com/content/details_40_16403.html
TIANGEN,tiangen.com,D2000,bp,1,2000,50,,6,https://www.tiangen.com/content/details_74_7691.html
TIANGEN,tiangen.com,D2000,bp,2,1000,50,,6,https://www.tiangen.com/content/details_74_7691.html
TIANGEN,tiangen.com,D2000,bp,3,750,100,reference band,6,https://www.tiangen.com/content/details_74_7691.html
TIANGEN,tiangen.com,D2000,bp,4,500,50,,6,https://www.tiangen.com/content/details_74_7691.html
TIANGEN,tiangen.com,D2000,bp,5,250,50,,6,https://www.tiangen.com/content/details_74_7691.html
TIANGEN,tiangen.com,D2000,bp,6,100,50,,6,https://www.tiangen.com/content/details_74_7691.html
TIANGEN,tiangen.com,D15000,bp,1,15000,50,,7,https://www.tiangen.com/content/details_40_16406.html
TIANGEN,tiangen.com,D15000,bp,2,10000,50,,7,https://www.tiangen.com/content/details_40_16406.html
TIANGEN,tiangen.com,D15000,bp,3,7500,50,,7,https://www.tiangen.com/content/details_40_16406.html
TIANGEN,tiangen.com,D15000,bp,4,5000,50,,7,https://www.tiangen.com/content/details_40_16406.html
TIANGEN,tiangen.com,D15000,bp,5,2500,100,reference band,7,https://www.tiangen.com/content/details_40_16406.html
TIANGEN,tiangen.com,D15000,bp,6,1000,50,,7,https://www.tiangen.com/content/details_40_16406.html
TIANGEN,tiangen.com,D15000,bp,7,250,50,,7,https://www.tiangen.com/content/details_40_16406.html
TIANGEN,tiangen.com,DNA Marker I,bp,1,600,50,,6,https://www.tiangen.com/content/details_40_16412.html
TIANGEN,tiangen.com,DNA Marker I,bp,2,500,50,,6,https://www.tiangen.com/content/details_40_16412.html
TIANGEN,tiangen.com,DNA Marker I,bp,3,400,100,reference band,6,https://www.tiangen.com/content/details_40_16412.html
TIANGEN,tiangen.com,DNA Marker I,bp,4,300,50,,6,https://www.tiangen.com/content/details_40_16412.html
TIANGEN,tiangen.com,DNA Marker I,bp,5,200,50,,6,https://www.tiangen.com/content/details_40_16412.html
TIANGEN,tiangen.com,DNA Marker I,bp,6,100,50,,6,https://www.tiangen.com/content/details_40_16412.html
TIANGEN,tiangen.com,DNA Marker II,bp,1,1200,50,,6,https://www.tiangen.com/content/details_40_16411.html
TIANGEN,tiangen.com,DNA Marker II,bp,2,900,50,,6,https://www.tiangen.com/content/details_40_16411.html
TIANGEN,tiangen.com,DNA Marker II,bp,3,700,100,reference band,6,https://www.tiangen.com/content/details_40_16411.html
TIANGEN,tiangen.com,DNA Marker II,bp,4,500,50,,6,https://www.tiangen.com/content/details_40_16411.html
TIANGEN,tiangen.com,DNA Marker II,bp,5,300,50,,6,https://www.tiangen.com/content/details_40_16411.html
TIANGEN,tiangen.com,DNA Marker II,bp,6,100,50,,6,https://www.tiangen.com/content/details_40_16411.html
TIANGEN,tiangen.com,DNA Marker III,bp,1,4500,50,,7,https://www.tiangen.com/content/details_40_16410.html
TIANGEN,tiangen.com,DNA Marker III,bp,2,3000,50,,7,https://www.tiangen.com/content/details_40_16410.html
TIANGEN,tiangen.com,DNA Marker III,bp,3,2000,50,,7,https://www.tiangen.com/content/details_40_16410.html
TIANGEN,tiangen.com,DNA Marker III,bp,4,1200,100,reference band,7,https://www.tiangen.com/content/details_40_16410.html
TIANGEN,tiangen.com,DNA Marker III,bp,5,800,50,,7,https://www.tiangen.com/content/details_40_16410.html
TIANGEN,tiangen.com,DNA Marker III,bp,6,500,50,,7,https://www.tiangen.com/content/details_40_16410.html
TIANGEN,tiangen.com,DNA Marker III,bp,7,200,50,,7,https://www.tiangen.com/content/details_40_16410.html
TIANGEN,tiangen.com,DNA Marker IV,bp,1,7000,50,,6,https://www.tiangen.com/content/details_40_16409.html
TIANGEN,tiangen.com,DNA Marker IV,bp,2,5500,50,,6,https://www.tiangen.com/content/details_40_16409.html
TIANGEN,tiangen.com,DNA Marker IV,bp,3,3500,50,,6,https://www.tiangen.com/content/details_40_16409.html
TIANGEN,tiangen.com,DNA Marker IV,bp,4,2000,100,reference band,6,https://www.tiangen.com/content/details_40_16409.html
TIANGEN,tiangen.com,DNA Marker IV,bp,5,1000,50,,6,https://www.tiangen.com/content/details_40_16409.html
TIANGEN,tiangen.com,DNA Marker IV,bp,6,500,50,,6,https://www.tiangen.com/content/details_40_16409.html
Toyobo,toyobo-global.com,100 bp DNA Ladder,bp,1,1500,50,,11,http://www.toyobo-global.com/seihin/xr/lifescience/products/cloning.html#008
Toyobo,toyobo-global.com,100 bp DNA Ladder,bp,2,1000,50,,11,http://www.toyobo-global.com/seihin/xr/lifescience/products/cloning.html#008
Toyobo,toyobo-global.com,100 bp DNA Ladder,bp,3,900,50,,11,http://www.toyobo-global.com/seihin/xr/lifescience/products/cloning.html#008
Toyobo,toyobo-global.com,100 bp DNA Ladder,bp,4,800,50,,11,http://www.toyobo-global.com/seihin/xr/lifescience/products/cloning.html#008
Toyobo,toyobo-global.com,100 bp DNA Ladder,bp,5,700,50,,11,http://www.toyobo-global.com/seihin/xr/lifescience/products/cloning.html#008
Toyobo,toyobo-global.com,100 bp DNA Ladder,bp,6,600,50,,11,http://www.toyobo-global.com/seihin/xr/lifescience/products/cloning.html#008
Toyobo,toyobo-global.com,100 bp DNA Ladder,bp,7,500,150,reference band,11,http://www.toyobo-global.com/seihin/xr/lifescience/products/cloning.html#008
Toyobo,toyobo-global.com,100 bp DNA Ladder,bp,8,400,50,,11,http://www.toyobo-global.com/seihin/xr/lifescience/products/cloning.html#008
Toyobo,toyobo-global.com,100 bp DNA Ladder,bp,9,300,50,,11,http://www.toyobo-global.com/seihin/xr/lifescience/products/cloning.html#008
Toyobo,toyobo-global.com,100 bp DNA Ladder,bp,10,200,75,,11,http://www.toyobo-global.com/seihin/xr/lifescience/products/cloning.html#008
Toyobo,toyobo-global.com,100 bp DNA Ladder,bp,11,100,125,,11,http://www.toyobo-global.com/seihin/xr/lifescience/products/cloning.html#008
Toyobo,toyobo-global.com,1 kb DNA Ladder,kb,1,10000,75,,10,http://www.toyobo-global.com/seihin/xr/lifescience/products/cloning.html#008
Toyobo,toyobo-global.com,1 kb DNA Ladder,kb,2,9000,75,,10,http://www.toyobo-global.com/seihin/xr/lifescience/products/cloning.html#008
Toyobo,toyobo-global.com,1 kb DNA Ladder,kb,3,8000,75,,10,http://www.toyobo-global.com/seihin/xr/lifescience/products/cloning.html#008
Toyobo,toyobo-global.com,1 kb DNA Ladder,kb,4,7000,75,,10,http://www.toyobo-global.com/seihin/xr/lifescience/products/cloning.html#008
Toyobo,toyobo-global.com,1 kb DNA Ladder,kb,5,6000,75,,10,http://www.toyobo-global.com/seihin/xr/lifescience/products/cloning.html#008
Toyobo,toyobo-global.com,1 kb DNA Ladder,kb,6,5000,150,reference band,10,http://www.toyobo-global.com/seihin/xr/lifescience/products/cloning.html#008
Toyobo,toyobo-global.com,1 kb DNA Ladder,kb,7,4000,75,,10,http://www.toyobo-global.com/seihin/xr/lifescience/products/cloning.html#008
Toyobo,toyobo-global.com,1 kb DNA Ladder,kb,8,3000,75,,10,http://www.toyobo-global.com/seihin/xr/lifescience/products/cloning.html#008
Toyobo,toyobo-global.com,1 kb DNA Ladder,kb,9,2000,75,,10,http://www.toyobo-global.com/seihin/xr/lifescience/products/cloning.html#008
Toyobo,toyobo-global.com,1 kb DNA Ladder,kb,10,1000,75,,10,http://www.toyobo-global.com/seihin/xr/lifescience/products/cloning.html#008
TransGen Biotech,transgenbiotech.com,100 bp DNA Ladder,bp,1,1500,50,,11,http://www.transgenbiotech.com/products/62.html
TransGen Biotech,transgenbiotech.com,100 bp DNA Ladder,bp,2,1000,50,,11,http://www.transgenbiotech.com/products/62.html
TransGen Biotech,transgenbiotech.com,100 bp DNA Ladder,bp,3,900,50,,11,http://www.transgenbiotech.com/products/62.html
TransGen Biotech,transgenbiotech.com,100 bp DNA Ladder,bp,4,800,50,,11,http://www.transgenbiotech.com/products/62.html
TransGen Biotech,transgenbiotech.com,100 bp DNA Ladder,bp,5,700,50,,11,http://www.transgenbiotech.com/products/62.html
TransGen Biotech,transgenbiotech.com,100 bp DNA Ladder,bp,6,600,50,,11,http://www.transgenbiotech.com/products/62.html
TransGen Biotech,transgenbiotech.com,100 bp DNA Ladder,bp,7,500,100,reference band,11,http://www.transgenbiotech.com/products/62.html
TransGen Biotech,transgenbiotech.com,100 bp DNA Ladder,bp,8,400,50,,11,http://www.transgenbiotech.com/products/62.html
TransGen Biotech,transgenbiotech.com,100 bp DNA Ladder,bp,9,300,50,,11,http://www.transgenbiotech.com/products/62.html
TransGen Biotech,transgenbiotech.com,100 bp DNA Ladder,bp,10,200,50,,11,http://www.transgenbiotech.com/products/62.html
TransGen Biotech,transgenbiotech.com,100 bp DNA Ladder,bp,11,100,50,,11,http://www.transgenbiotech.com/products/62.html
TransGen Biotech,transgenbiotech.com,100 bp Plus DNA Ladder,bp,1,1500,50,,12,http://www.transgenbiotech.com/products/62.html
TransGen Biotech,transgenbiotech.com,100 bp Plus DNA Ladder,bp,2,1200,50,,12,http://www.transgenbiotech.com/products/62.html
TransGen Biotech,transgenbiotech.com,100 bp Plus DNA Ladder,bp,3,1000,50,,12,http://www.transgenbiotech.com/products/62.html
TransGen Biotech,transgenbiotech.com,100 bp Plus DNA Ladder,bp,4,900,50,,12,http://www.transgenbiotech.com/products/62.html
TransGen Biotech,transgenbiotech.com,100 bp Plus DNA Ladder,bp,5,800,50,,12,http://www.transgenbiotech.com/products/62.html
TransGen Biotech,transgenbiotech.com,100 bp Plus DNA Ladder,bp,6,700,50,,12,http://www.transgenbiotech.com/products/62.html
TransGen Biotech,transgenbiotech.com,100 bp Plus DNA Ladder,bp,7,600,50,,12,http://www.transgenbiotech.com/products/62.html
TransGen Biotech,transgenbiotech.com,100 bp Plus DNA Ladder,bp,8,500,100,reference band,12,http://www.transgenbiotech.com/products/62.html
TransGen Biotech,transgenbiotech.com,100 bp Plus DNA Ladder,bp,9,400,50,,12,http://www.transgenbiotech.com/products/62.html
TransGen Biotech,transgenbiotech.com,100 bp Plus DNA Ladder,bp,10,300,50,,12,http://www.transgenbiotech.com/products/62.html
TransGen Biotech,transgenbiotech.com,100 bp Plus DNA Ladder,bp,11,200,50,,12,http://www.transgenbiotech.com/products/62.html
TransGen Biotech,transgenbiotech.com,100 bp Plus DNA Ladder,bp,12,100,50,,12,http://www.transgenbiotech.com/products/62.html
TransGen Biotech,transgenbiotech.com,100 bp Plus II DNA Ladder,bp,1,5000,50,,14,http://www.transgenbiotech.com/products/62.html
TransGen Biotech,transgenbiotech.com,100 bp Plus II DNA Ladder,bp,2,3000,50,,14,http://www.transgenbiotech.com/products/62.html
TransGen Biotech,transgenbiotech.com,100 bp Plus II DNA Ladder,bp,3,2000,50,,14,http://www.transgenbiotech.com/products/62.html
TransGen Biotech,transgenbiotech.com,100 bp Plus II DNA Ladder,bp,4,1500,50,,14,http://www.transgenbiotech.com/products/62.html
TransGen Biotech,transgenbiotech.com,100 bp Plus II DNA Ladder,bp,5,1000,50,,14,http://www.transgenbiotech.com/products/62.html
TransGen Biotech,transgenbiotech.com,100 bp Plus II DNA Ladder,bp,6,900,50,,14,http://www.transgenbiotech.com/products/62.html
TransGen Biotech,transgenbiotech.com,100 bp Plus II DNA Ladder,bp,7,800,50,,14,http://www.transgenbiotech.com/products/62.html
TransGen Biotech,transgenbiotech.com,100 bp Plus II DNA Ladder,bp,8,700,50,,14,http://www.transgenbiotech.com/products/62.html
TransGen Biotech,transgenbiotech.com,100 bp Plus II DNA Ladder,bp,9,600,50,,14,http://www.transgenbiotech.com/products/62.html
TransGen Biotech,transgenbiotech.com,100 bp Plus II DNA Ladder,bp,10,500,100,reference band,14,http://www.transgenbiotech.com/products/62.html
TransGen Biotech,transgenbiotech.com,100 bp Plus II DNA Ladder,bp,11,400,50,,14,http://www.transgenbiotech.com/products/62.html
TransGen Biotech,transgenbiotech.com,100 bp Plus II DNA Ladder,bp,12,300,50,,14,http://www.transgenbiotech.com/products/62.html
TransGen Biotech,transgenbiotech.com,100 bp Plus II DNA Ladder,bp,13,200,50,,14,http://www.transgenbiotech.com/products/62.html
TransGen Biotech,transgenbiotech.com,100 bp Plus II DNA Ladder,bp,14,100,50,,14,http://www.transgenbiotech.com/products/62.html
TransGen Biotech,transgenbiotech.com,1 Kb DNA Ladder,bp,1,10000,50,,8,http://www.transgenbiotech.com/products/62.html
TransGen Biotech,transgenbiotech.com,1 Kb DNA Ladder,bp,2,8000,50,,8,http://www.transgenbiotech.com/products/62.html
TransGen Biotech,transgenbiotech.com,1 Kb DNA Ladder,bp,3,6000,50,,8,http://www.transgenbiotech.com/products/62.html
TransGen Biotech,transgenbiotech.com,1 Kb DNA Ladder,bp,4,5000,50,,8,http://www.transgenbiotech.com/products/62.html
TransGen Biotech,transgenbiotech.com,1 Kb DNA Ladder,bp,5,4000,100,reference band,8,http://www.transgenbiotech.com/products/62.html
TransGen Biotech,transgenbiotech.com,1 Kb DNA Ladder,bp,6,3000,50,,8,http://www.transgenbiotech.com/products/62.html
TransGen Biotech,transgenbiotech.com,1 Kb DNA Ladder,bp,7,2000,50,,8,http://www.transgenbiotech.com/products/62.html
TransGen Biotech,transgenbiotech.com,1 Kb DNA Ladder,bp,8,1000,50,,8,http://www.transgenbiotech.com/products/62.html
TransGen Biotech,transgenbiotech.com,1 Kb Plus DNA Ladder,bp,1,10000,50,,12,http://www.transgenbiotech.com/products/62.html
TransGen Biotech,transgenbiotech.com,1 Kb Plus DNA Ladder,bp,2,8000,50,,12,http://www.transgenbiotech.com/products/62.html
TransGen Biotech,transgenbiotech.com,1 Kb Plus DNA Ladder,bp,3,6000,50,,12,http://www.transgenbiotech.com/products/62.html
TransGen Biotech,transgenbiotech.com,1 Kb Plus DNA Ladder,bp,4,5000,50,,12,http://www.transgenbiotech.com/products/62.html
TransGen Biotech,transgenbiotech.com,1 Kb Plus DNA Ladder,bp,5,4000,50,,12,http://www.transgenbiotech.com/products/62.html
TransGen Biotech,transgenbiotech.com,1 Kb Plus DNA Ladder,bp,6,3000,50,,12,http://www.transgenbiotech.com/products/62.html
TransGen Biotech,transgenbiotech.com,1 Kb Plus DNA Ladder,bp,7,2000,100,reference band,12,http://www.transgenbiotech.com/products/62.html
TransGen Biotech,transgenbiotech.com,1 Kb Plus DNA Ladder,bp,8,1500,50,,12,http://www.transgenbiotech.com/products/62.html
TransGen Biotech,transgenbiotech.com,1 Kb Plus DNA Ladder,bp,9,1000,50,,12,http://www.transgenbiotech.com/products/62.html
TransGen Biotech,transgenbiotech.com,1 Kb Plus DNA Ladder,bp,10,800,50,,12,http://www.transgenbiotech.com/products/62.html
TransGen Biotech,transgenbiotech.com,1 Kb Plus DNA Ladder,bp,11,500,50,,12,http://www.transgenbiotech.com/products/62.html
TransGen Biotech,transgenbiotech.com,1 Kb Plus DNA Ladder,bp,12,300,50,,12,http://www.transgenbiotech.com/products/62.html
TransGen Biotech,transgenbiotech.com,Trans DNA Marker I,bp,1,700,70,,7,http://www.transgenbiotech.com/products/62.html
TransGen Biotech,transgenbiotech.com,Trans DNA Marker I,bp,2,600,60,,7,http://www.transgenbiotech.com/products/62.html
TransGen Biotech,transgenbiotech.com,Trans DNA Marker I,bp,3,500,50,,7,http://www.transgenbiotech.com/products/62.html
TransGen Biotech,transgenbiotech.com,Trans DNA Marker I,bp,4,400,40,,7,http://www.transgenbiotech.com/products/62.html
TransGen Biotech,transgenbiotech.com,Trans DNA Marker I,bp,5,300,30,,7,http://www.transgenbiotech.com/products/62.html
TransGen Biotech,transgenbiotech.com,Trans DNA Marker I,bp,6,200,40,,7,http://www.transgenbiotech.com/products/62.html
TransGen Biotech,transgenbiotech.com,Trans DNA Marker I,bp,7,100,60,,7,http://www.transgenbiotech.com/products/62.html
TransGen Biotech,transgenbiotech.com,Trans DNA Marker II,bp,1,1500,90,,7,http://www.transgenbiotech.com/products/62.html
TransGen Biotech,transgenbiotech.com,Trans DNA Marker II,bp,2,900,90,,7,http://www.transgenbiotech.com/products/62.html
TransGen Biotech,transgenbiotech.com,Trans DNA Marker II,bp,3,700,70,,7,http://www.transgenbiotech.com/products/62.html
TransGen Biotech,transgenbiotech.com,Trans DNA Marker II,bp,4,500,125,reference band,7,http://www.transgenbiotech.com/products/62.html
TransGen Biotech,transgenbiotech.com,Trans DNA Marker II,bp,5,400,40,,7,http://www.transgenbiotech.com/products/62.html
TransGen Biotech,transgenbiotech.com,Trans DNA Marker II,bp,6,200,40,,7,http://www.transgenbiotech.com/products/62.html
TransGen Biotech,transgenbiotech.com,Trans DNA Marker II,bp,7,100,60,,7,http://www.transgenbiotech.com/products/62.html
TransGen Biotech,transgenbiotech.com,Trans2K® DNA Ladder,bp,1,2000,50,,6,http://www.transgenbiotech.com/products/62.html
TransGen Biotech,transgenbiotech.com,Trans2K® DNA Ladder,bp,2,1000,50,,6,http://www.transgenbiotech.com/products/62.html
TransGen Biotech,transgenbiotech.com,Trans2K® DNA Ladder,bp,3,750,100,reference band,6,http://www.transgenbiotech.com/products/62.html
TransGen Biotech,transgenbiotech.com,Trans2K® DNA Ladder,bp,4,500,50,,6,http://www.transgenbiotech.com/products/62.html
TransGen Biotech,transgenbiotech.com,Trans2K® DNA Ladder,bp,5,250,50,,6,http://www.transgenbiotech.com/products/62.html
TransGen Biotech,transgenbiotech.com,Trans2K® DNA Ladder,bp,6,100,50,,6,http://www.transgenbiotech.com/products/62.html
TransGen Biotech,transgenbiotech.com,Trans2K® Plus DNA Ladder,bp,1,5000,50,,8,http://www.transgenbiotech.com/products/62.html
TransGen Biotech,transgenbiotech.com,Trans2K® Plus DNA Ladder,bp,2,3000,50,,8,http://www.transgenbiotech.com/products/62.html
TransGen Biotech,transgenbiotech.com,Trans2K® Plus DNA Ladder,bp,3,2000,50,,8,http://www.transgenbiotech.com/products/62.html
TransGen Biotech,transgenbiotech.com,Trans2K® Plus DNA Ladder,bp,4,1000,50,,8,http://www.transgenbiotech.com/products/62.html
TransGen Biotech,transgenbiotech.com,Trans2K® Plus DNA Ladder,bp,5,750,100,reference band,8,http://www.transgenbiotech.com/products/62.html
TransGen Biotech,transgenbiotech.com,Trans2K® Plus DNA Ladder,bp,6,500,50,,8,http://www.transgenbiotech.com/products/62.html
TransGen Biotech,transgenbiotech.com,Trans2K® Plus DNA Ladder,bp,7,250,50,,8,http://www.transgenbiotech.com/products/62.html
TransGen Biotech,transgenbiotech.com,Trans2K® Plus DNA Ladder,bp,8,100,50,,8,http://www.transgenbiotech.com/products/62.html
TransGen Biotech,transgenbiotech.com,Trans2K® Plus II DNA Ladder,bp,1,8000,50,,9,http://www.transgenbiotech.com/products/62.html
TransGen Biotech,transgenbiotech.com,Trans2K® Plus II DNA Ladder,bp,2,5000,50,,9,http://www.transgenbiotech.com/products/62.html
TransGen Biotech,transgenbiotech.com,Trans2K® Plus II DNA Ladder,bp,3,3000,50,,9,http://www.transgenbiotech.com/products/62.html
TransGen Biotech,transgenbiotech.com,Trans2K® Plus II DNA Ladder,bp,4,2000,50,,9,http://www.transgenbiotech.com/products/62.html
TransGen Biotech,transgenbiotech.com,Trans2K® Plus II DNA Ladder,bp,5,1000,50,,9,http://www.transgenbiotech.com/products/62.html
TransGen Biotech,transgenbiotech.com,Trans2K® Plus II DNA Ladder,bp,6,750,100,reference band,9,http://www.transgenbiotech.com/products/62.html
TransGen Biotech,transgenbiotech.com,Trans2K® Plus II DNA Ladder,bp,7,500,50,,9,http://www.transgenbiotech.com/products/62.html
TransGen Biotech,transgenbiotech.com,Trans2K® Plus II DNA Ladder,bp,8,250,50,,9,http://www.transgenbiotech.com/products/62.html
TransGen Biotech,transgenbiotech.com,Trans2K® Plus II DNA Ladder,bp,9,100,50,,9,http://www.transgenbiotech.com/products/62.html
TransGen Biotech,transgenbiotech.com,Trans5K DNA Ladder,bp,1,5000,50,,8,http://www.transgenbiotech.com/products/62.html
TransGen Biotech,transgenbiotech.com,Trans5K DNA Ladder,bp,2,3000,50,,8,http://www.transgenbiotech.com/products/62.html
TransGen Biotech,transgenbiotech.com,Trans5K DNA Ladder,bp,3,2000,50,,8,http://www.transgenbiotech.com/products/62.html
TransGen Biotech,transgenbiotech.com,Trans5K DNA Ladder,bp,4,1500,100,reference band,8,http://www.transgenbiotech.com/products/62.html
TransGen Biotech,transgenbiotech.com,Trans5K DNA Ladder,bp,5,1000,50,,8,http://www.transgenbiotech.com/products/62.html
TransGen Biotech,transgenbiotech.com,Trans5K DNA Ladder,bp,6,800,50,,8,http://www.transgenbiotech.com/products/62.html
TransGen Biotech,transgenbiotech.com,Trans5K DNA Ladder,bp,7,500,50,,8,http://www.transgenbiotech.com/products/62.html
TransGen Biotech,transgenbiotech.com,Trans5K DNA Ladder,bp,8,300,50,,8,http://www.transgenbiotech.com/products/62.html
TransGen Biotech,transgenbiotech.com,Trans8K DNA Ladder,bp,1,8000,50,,6,http://www.transgenbiotech.com/products/62.html
TransGen Biotech,transgenbiotech.com,Trans8K DNA Ladder,bp,2,5000,50,,6,http://www.transgenbiotech.com/products/62.html
TransGen Biotech,transgenbiotech.com,Trans8K DNA Ladder,bp,3,3000,100,reference band,6,http://www.transgenbiotech.com/products/62.html
TransGen Biotech,transgenbiotech.com,Trans8K DNA Ladder,bp,4,1500,50,,6,http://www.transgenbiotech.com/products/62.html
TransGen Biotech,transgenbiotech.com,Trans8K DNA Ladder,bp,5,1000,50,,6,http://www.transgenbiotech.com/products/62.html
TransGen Biotech,transgenbiotech.com,Trans8K DNA Ladder,bp,6,500,50,,6,http://www.transgenbiotech.com/products/62.html
TransGen Biotech,transgenbiotech.com,Trans15K DNA Ladder,bp,1,15000,50,,8,http://www.transgenbiotech.com/products/62.html
TransGen Biotech,transgenbiotech.com,Trans15K DNA Ladder,bp,2,10000,50,,8,http://www.transgenbiotech.com/products/62.html
TransGen Biotech,transgenbiotech.com,Trans15K DNA Ladder,bp,3,7500,50,,8,http://www.transgenbiotech.com/products/62.html
TransGen Biotech,transgenbiotech.com,Trans15K DNA Ladder,bp,4,5000,100,reference band,8,http://www.transgenbiotech.com/products/62.html
TransGen Biotech,transgenbiotech.com,Trans15K DNA Ladder,bp,5,3000,50,,8,http://www.transgenbiotech.com/products/62.html
TransGen Biotech,transgenbiotech.com,Trans15K DNA Ladder,bp,6,1500,50,,8,http://www.transgenbiotech.com/products/62.html
TransGen Biotech,transgenbiotech.com,Trans15K DNA Ladder,bp,7,1000,50,,8,http://www.transgenbiotech.com/products/62.html
TransGen Biotech,transgenbiotech.com,Trans15K DNA Ladder,bp,8,500,50,,8,http://www.transgenbiotech.com/products/62.html
UBPBio,ubpbio.com,100 bp DNA Ladder,bp,1,3000,40,,12,http://www.ubpbio.com/index.php/product/dna-protein-ladders/100-bp-dna-ladder.html
UBPBio,ubpbio.com,100 bp DNA Ladder,bp,2,1500,70,reference band,12,http://www.ubpbio.com/index.php/product/dna-protein-ladders/100-bp-dna-ladder.html
UBPBio,ubpbio.com,100 bp DNA Ladder,bp,3,1000,50,,12,http://www.ubpbio.com/index.php/product/dna-protein-ladders/100-bp-dna-ladder.html
UBPBio,ubpbio.com,100 bp DNA Ladder,bp,4,900,40,,12,http://www.ubpbio.com/index.php/product/dna-protein-ladders/100-bp-dna-ladder.html
UBPBio,ubpbio.com,100 bp DNA Ladder,bp,5,800,40,,12,http://www.ubpbio.com/index.php/product/dna-protein-ladders/100-bp-dna-ladder.html
UBPBio,ubpbio.com,100 bp DNA Ladder,bp,6,700,30,,12,http://www.ubpbio.com/index.php/product/dna-protein-ladders/100-bp-dna-ladder.html
UBPBio,ubpbio.com,100 bp DNA Ladder,bp,7,600,30,,12,http://www.ubpbio.com/index.php/product/dna-protein-ladders/100-bp-dna-ladder.html
UBPBio,ubpbio.com,100 bp DNA Ladder,bp,8,500,90,reference band,12,http://www.ubpbio.com/index.php/product/dna-protein-ladders/100-bp-dna-ladder.html
UBPBio,ubpbio.com,100 bp DNA Ladder,bp,9,400,40,,12,http://www.ubpbio.com/index.php/product/dna-protein-ladders/100-bp-dna-ladder.html
UBPBio,ubpbio.com,100 bp DNA Ladder,bp,10,300,30,,12,http://www.ubpbio.com/index.php/product/dna-protein-ladders/100-bp-dna-ladder.html
UBPBio,ubpbio.com,100 bp DNA Ladder,bp,11,200,40,,12,http://www.ubpbio.com/index.php/product/dna-protein-ladders/100-bp-dna-ladder.html
UBPBio,ubpbio.com,100 bp DNA Ladder,bp,12,100,40,,12,http://www.ubpbio.com/index.php/product/dna-protein-ladders/100-bp-dna-ladder.html
UBPBio,ubpbio.com,1 Kb DNA Ladder,bp,1,10000,28,,13,http://www.ubpbio.com/index.php/product/dna-protein-ladders/1-kb-dna-ladder.html
UBPBio,ubpbio.com,1 Kb DNA Ladder,bp,2,8000,28,,13,http://www.ubpbio.com/index.php/product/dna-protein-ladders/1-kb-dna-ladder.html
UBPBio,ubpbio.com,1 Kb DNA Ladder,bp,3,6000,28,,13,http://www.ubpbio.com/index.php/product/dna-protein-ladders/1-kb-dna-ladder.html
UBPBio,ubpbio.com,1 Kb DNA Ladder,bp,4,5000,28,,13,http://www.ubpbio.com/index.php/product/dna-protein-ladders/1-kb-dna-ladder.html
UBPBio,ubpbio.com,1 Kb DNA Ladder,bp,5,4000,18,,13,http://www.ubpbio.com/index.php/product/dna-protein-ladders/1-kb-dna-ladder.html
UBPBio,ubpbio.com,1 Kb DNA Ladder,bp,6,3000,92,reference band,13,http://www.ubpbio.com/index.php/product/dna-protein-ladders/1-kb-dna-ladder.html
UBPBio,ubpbio.com,1 Kb DNA Ladder,bp,7,2500,34,,13,http://www.ubpbio.com/index.php/product/dna-protein-ladders/1-kb-dna-ladder.html
UBPBio,ubpbio.com,1 Kb DNA Ladder,bp,8,2000,34,,13,http://www.ubpbio.com/index.php/product/dna-protein-ladders/1-kb-dna-ladder.html
UBPBio,ubpbio.com,1 Kb DNA Ladder,bp,9,1500,20,,13,http://www.ubpbio.com/index.php/product/dna-protein-ladders/1-kb-dna-ladder.html
UBPBio,ubpbio.com,1 Kb DNA Ladder,bp,10,1000,92,reference band,13,http://www.ubpbio.com/index.php/product/dna-protein-ladders/1-kb-dna-ladder.html
UBPBio,ubpbio.com,1 Kb DNA Ladder,bp,11,750,23,,13,http://www.ubpbio.com/index.php/product/dna-protein-ladders/1-kb-dna-ladder.html
UBPBio,ubpbio.com,1 Kb DNA Ladder,bp,12,500,30,,13,http://www.ubpbio.com/index.php/product/dna-protein-ladders/1-kb-dna-ladder.html
UBPBio,ubpbio.com,1 Kb DNA Ladder,bp,13,250,45,,13,http://www.ubpbio.com/index.php/product/dna-protein-ladders/1-kb-dna-ladder.html
Vazyme,bio.vazyme.com,100 bp DNA Ladder,bp,1,1500,50,,11,https://bio.vazyme.com/product/158.html
Vazyme,bio.vazyme.com,100 bp DNA Ladder,bp,2,1000,50,,11,https://bio.vazyme.com/product/158.html
Vazyme,bio.vazyme.com,100 bp DNA Ladder,bp,3,900,50,,11,https://bio.vazyme.com/product/158.html
Vazyme,bio.vazyme.com,100 bp DNA Ladder,bp,4,800,50,,11,https://bio.vazyme.com/product/158.html
Vazyme,bio.vazyme.com,100 bp DNA Ladder,bp,5,700,50,,11,https://bio.vazyme.com/product/158.html
Vazyme,bio.vazyme.com,100 bp DNA Ladder,bp,6,600,50,,11,https://bio.vazyme.com/product/158.html
Vazyme,bio.vazyme.com,100 bp DNA Ladder,bp,7,500,100,reference band,11,https://bio.vazyme.com/product/158.html
Vazyme,bio.vazyme.com,100 bp DNA Ladder,bp,8,400,50,,11,https://bio.vazyme.com/product/158.html
Vazyme,bio.vazyme.com,100 bp DNA Ladder,bp,9,300,50,,11,https://bio.vazyme.com/product/158.html
Vazyme,bio.vazyme.com,100 bp DNA Ladder,bp,10,200,50,,11,https://bio.vazyme.com/product/158.html
Vazyme,bio.vazyme.com,100 bp DNA Ladder,bp,11,100,50,,11,https://bio.vazyme.com/product/158.html
Vazyme,bio.vazyme.com,DL2000 Plus DNA Marker,bp,1,2000,50,,7,https://bio.vazyme.com/product/86.html
Vazyme,bio.vazyme.com,DL2000 Plus DNA Marker,bp,2,1500,50,,7,https://bio.vazyme.com/product/86.html
Vazyme,bio.vazyme.com,DL2000 Plus DNA Marker,bp,3,1000,50,,7,https://bio.vazyme.com/product/86.html
Vazyme,bio.vazyme.com,DL2000 Plus DNA Marker,bp,4,750,100,reference band,7,https://bio.vazyme.com/product/86.html
Vazyme,bio.vazyme.com,DL2000 Plus DNA Marker,bp,5,500,50,,7,https://bio.vazyme.com/product/86.html
Vazyme,bio.vazyme.com,DL2000 Plus DNA Marker,bp,6,250,50,,7,https://bio.vazyme.com/product/86.html
Vazyme,bio.vazyme.com,DL2000 Plus DNA Marker,bp,7,100,50,,7,https://bio.vazyme.com/product/86.html
Vazyme,bio.vazyme.com,DL5000 DNA Marker,bp,1,5000,50,,9,https://bio.vazyme.com/product/156.html
Vazyme,bio.vazyme.com,DL5000 DNA Marker,bp,2,3000,50,,9,https://bio.vazyme.com/product/156.html
Vazyme,bio.vazyme.com,DL5000 DNA Marker,bp,3,2000,50,,9,https://bio.vazyme.com/product/156.html
Vazyme,bio.vazyme.com,DL5000 DNA Marker,bp,4,1500,50,,9,https://bio.vazyme.com/product/156.html
Vazyme,bio.vazyme.com,DL5000 DNA Marker,bp,5,1000,100,reference band,9,https://bio.vazyme.com/product/156.html
Vazyme,bio.vazyme.com,DL5000 DNA Marker,bp,6,750,50,,9,https://bio.vazyme.com/product/156.html
Vazyme,bio.vazyme.com,DL5000 DNA Marker,bp,7,500,50,,9,https://bio.vazyme.com/product/156.html
Vazyme,bio.vazyme.com,DL5000 DNA Marker,bp,8,250,50,,9,https://bio.vazyme.com/product/156.html
Vazyme,bio.vazyme.com,DL5000 DNA Marker,bp,9,100,50,,9,https://bio.vazyme.com/product/156.html
Vazyme,bio.vazyme.com,DL15000 DNA Marker,bp,1,15000,50,,7,https://bio.vazyme.com/product/157.html
Vazyme,bio.vazyme.com,DL15000 DNA Marker,bp,2,10000,50,,7,https://bio.vazyme.com/product/157.html
Vazyme,bio.vazyme.com,DL15000 DNA Marker,bp,3,7500,50,,7,https://bio.vazyme.com/product/157.html
Vazyme,bio.vazyme.com,DL15000 DNA Marker,bp,4,5000,50,,7,https://bio.vazyme.com/product/157.html
Vazyme,bio.vazyme.com,DL15000 DNA Marker,bp,5,2500,50,,7,https://bio.vazyme.com/product/157.html
Vazyme,bio.vazyme.com,DL15000 DNA Marker,bp,6,1000,50,,7,https://bio.vazyme.com/product/157.html
Vazyme,bio.vazyme.com,DL15000 DNA Marker,bp,7,250,50,,7,https://bio.vazyme.com/product/157.html
VWR Peqlab,si.vwr.com,DNA ladder mix,bp,1,10000,45,,21,https://si.vwr.com/store/product/16889417/dna-ladder-mix-peqgold
VWR Peqlab,si.vwr.com,DNA ladder mix,bp,2,8000,45,,21,https://si.vwr.com/store/product/16889417/dna-ladder-mix-peqgold
VWR Peqlab,si.vwr.com,DNA ladder mix,bp,3,6000,45,,21,https://si.vwr.com/store/product/16889417/dna-ladder-mix-peqgold
VWR Peqlab,si.vwr.com,DNA ladder mix,bp,4,5000,45,,21,https://si.vwr.com/store/product/16889417/dna-ladder-mix-peqgold
VWR Peqlab,si.vwr.com,DNA ladder mix,bp,5,4000,45,,21,https://si.vwr.com/store/product/16889417/dna-ladder-mix-peqgold
VWR Peqlab,si.vwr.com,DNA ladder mix,bp,6,3500,45,,21,https://si.vwr.com/store/product/16889417/dna-ladder-mix-peqgold
VWR Peqlab,si.vwr.com,DNA ladder mix,bp,7,3000,150,reference band,21,https://si.vwr.com/store/product/16889417/dna-ladder-mix-peqgold
VWR Peqlab,si.vwr.com,DNA ladder mix,bp,8,2500,40,,21,https://si.vwr.com/store/product/16889417/dna-ladder-mix-peqgold
VWR Peqlab,si.vwr.com,DNA ladder mix,bp,9,2000,40,,21,https://si.vwr.com/store/product/16889417/dna-ladder-mix-peqgold
VWR Peqlab,si.vwr.com,DNA ladder mix,bp,10,1500,40,,21,https://si.vwr.com/store/product/16889417/dna-ladder-mix-peqgold
VWR Peqlab,si.vwr.com,DNA ladder mix,bp,11,1200,40,,21,https://si.vwr.com/store/product/16889417/dna-ladder-mix-peqgold
VWR Peqlab,si.vwr.com,DNA ladder mix,bp,12,1000,150,reference band,21,https://si.vwr.com/store/product/16889417/dna-ladder-mix-peqgold
VWR Peqlab,si.vwr.com,DNA ladder mix,bp,13,900,43,,21,https://si.vwr.com/store/product/16889417/dna-ladder-mix-peqgold
VWR Peqlab,si.vwr.com,DNA ladder mix,bp,14,800,43,,21,https://si.vwr.com/store/product/16889417/dna-ladder-mix-peqgold
VWR Peqlab,si.vwr.com,DNA ladder mix,bp,15,700,43,,21,https://si.vwr.com/store/product/16889417/dna-ladder-mix-peqgold
VWR Peqlab,si.vwr.com,DNA ladder mix,bp,16,600,43,,21,https://si.vwr.com/store/product/16889417/dna-ladder-mix-peqgold
VWR Peqlab,si.vwr.com,DNA ladder mix,bp,17,500,150,reference band,21,https://si.vwr.com/store/product/16889417/dna-ladder-mix-peqgold
VWR Peqlab,si.vwr.com,DNA ladder mix,bp,18,400,50,,21,https://si.vwr.com/store/product/16889417/dna-ladder-mix-peqgold
VWR Peqlab,si.vwr.com,DNA ladder mix,bp,19,300,50,,21,https://si.vwr.com/store/product/16889417/dna-ladder-mix-peqgold
VWR Peqlab,si.vwr.com,DNA ladder mix,bp,20,200,50,,21,https://si.vwr.com/store/product/16889417/dna-ladder-mix-peqgold
VWR Peqlab,si.vwr.com,DNA ladder mix,bp,21,100,50,,21,https://si.vwr.com/store/product/16889417/dna-ladder-mix-peqgold
VWR Peqlab,si.vwr.com,"DNA ladder, 50 bp",bp,1,1000,45,,13,https://si.vwr.com/store/product/16876163/dna-ladders-50-bp-peqgold
VWR Peqlab,si.vwr.com,"DNA ladder, 50 bp",bp,2,900,45,,13,https://si.vwr.com/store/product/16876163/dna-ladders-50-bp-peqgold
VWR Peqlab,si.vwr.com,"DNA ladder, 50 bp",bp,3,800,45,,13,https://si.vwr.com/store/product/16876163/dna-ladders-50-bp-peqgold
VWR Peqlab,si.vwr.com,"DNA ladder, 50 bp",bp,4,700,45,,13,https://si.vwr.com/store/product/16876163/dna-ladders-50-bp-peqgold
VWR Peqlab,si.vwr.com,"DNA ladder, 50 bp",bp,5,600,45,,13,https://si.vwr.com/store/product/16876163/dna-ladders-50-bp-peqgold
VWR Peqlab,si.vwr.com,"DNA ladder, 50 bp",bp,6,500,113,reference band,13,https://si.vwr.com/store/product/16876163/dna-ladders-50-bp-peqgold
VWR Peqlab,si.vwr.com,"DNA ladder, 50 bp",bp,7,400,45,,13,https://si.vwr.com/store/product/16876163/dna-ladders-50-bp-peqgold
VWR Peqlab,si.vwr.com,"DNA ladder, 50 bp",bp,8,300,45,,13,https://si.vwr.com/store/product/16876163/dna-ladders-50-bp-peqgold
VWR Peqlab,si.vwr.com,"DNA ladder, 50 bp",bp,9,250,113,reference band,13,https://si.vwr.com/store/product/16876163/dna-ladders-50-bp-peqgold
VWR Peqlab,si.vwr.com,"DNA ladder, 50 bp",bp,10,200,53,,13,https://si.vwr.com/store/product/16876163/dna-ladders-50-bp-peqgold
VWR Peqlab,si.vwr.com,"DNA ladder, 50 bp",bp,11,150,53,,13,https://si.vwr.com/store/product/16876163/dna-ladders-50-bp-peqgold
VWR Peqlab,si.vwr.com,"DNA ladder, 50 bp",bp,12,100,53,,13,https://si.vwr.com/store/product/16876163/dna-ladders-50-bp-peqgold
VWR Peqlab,si.vwr.com,"DNA ladder, 50 bp",bp,13,50,53,,13,https://si.vwr.com/store/product/16876163/dna-ladders-50-bp-peqgold
VWR Peqlab,si.vwr.com,"DNA ladder, 100 bp",bp,1,1000,45,,10,https://si.vwr.com/store/product/8562490/dna-ladder-100-bp
VWR Peqlab,si.vwr.com,"DNA ladder, 100 bp",bp,2,900,45,,10,https://si.vwr.com/store/product/8562490/dna-ladder-100-bp
VWR Peqlab,si.vwr.com,"DNA ladder, 100 bp",bp,3,800,45,,10,https://si.vwr.com/store/product/8562490/dna-ladder-100-bp
VWR Peqlab,si.vwr.com,"DNA ladder, 100 bp",bp,4,700,45,,10,https://si.vwr.com/store/product/8562490/dna-ladder-100-bp
VWR Peqlab,si.vwr.com,"DNA ladder, 100 bp",bp,5,600,45,,10,https://si.vwr.com/store/product/8562490/dna-ladder-100-bp
VWR Peqlab,si.vwr.com,"DNA ladder, 100 bp",bp,6,500,115,reference band,10,https://si.vwr.com/store/product/8562490/dna-ladder-100-bp
VWR Peqlab,si.vwr.com,"DNA ladder, 100 bp",bp,7,400,40,,10,https://si.vwr.com/store/product/8562490/dna-ladder-100-bp
VWR Peqlab,si.vwr.com,"DNA ladder, 100 bp",bp,8,300,40,,10,https://si.vwr.com/store/product/8562490/dna-ladder-100-bp
VWR Peqlab,si.vwr.com,"DNA ladder, 100 bp",bp,9,200,40,,10,https://si.vwr.com/store/product/8562490/dna-ladder-100-bp
VWR Peqlab,si.vwr.com,"DNA ladder, 100 bp",bp,10,100,40,,10,https://si.vwr.com/store/product/8562490/dna-ladder-100-bp
VWR Peqlab,si.vwr.com,"DNA ladder, 100 bp plus",bp,1,3000,56,,14,https://si.vwr.com/store/product/16876461/dna-ladders-100-bp-plus-peqgold
VWR Peqlab,si.vwr.com,"DNA ladder, 100 bp plus",bp,2,2000,56,,14,https://si.vwr.com/store/product/16876461/dna-ladders-100-bp-plus-peqgold
VWR Peqlab,si.vwr.com,"DNA ladder, 100 bp plus",bp,3,1500,56,,14,https://si.vwr.com/store/product/16876461/dna-ladders-100-bp-plus-peqgold
VWR Peqlab,si.vwr.com,"DNA ladder, 100 bp plus",bp,4,1200,56,,14,https://si.vwr.com/store/product/16876461/dna-ladders-100-bp-plus-peqgold
VWR Peqlab,si.vwr.com,"DNA ladder, 100 bp plus",bp,5,1000,160,reference band,14,https://si.vwr.com/store/product/16876461/dna-ladders-100-bp-plus-peqgold
VWR Peqlab,si.vwr.com,"DNA ladder, 100 bp plus",bp,6,900,54,,14,https://si.vwr.com/store/product/16876461/dna-ladders-100-bp-plus-peqgold
VWR Peqlab,si.vwr.com,"DNA ladder, 100 bp plus",bp,7,800,54,,14,https://si.vwr.com/store/product/16876461/dna-ladders-100-bp-plus-peqgold
VWR Peqlab,si.vwr.com,"DNA ladder, 100 bp plus",bp,8,700,54,,14,https://si.vwr.com/store/product/16876461/dna-ladders-100-bp-plus-peqgold
VWR Peqlab,si.vwr.com,"DNA ladder, 100 bp plus",bp,9,600,54,,14,https://si.vwr.com/store/product/16876461/dna-ladders-100-bp-plus-peqgold
VWR Peqlab,si.vwr.com,"DNA ladder, 100 bp plus",bp,10,500,160,reference band,14,https://si.vwr.com/store/product/16876461/dna-ladders-100-bp-plus-peqgold
VWR Peqlab,si.vwr.com,"DNA ladder, 100 bp plus",bp,11,400,60,,14,https://si.vwr.com/store/product/16876461/dna-ladders-100-bp-plus-peqgold
VWR Peqlab,si.vwr.com,"DNA ladder, 100 bp plus",bp,12,300,60,,14,https://si.vwr.com/store/product/16876461/dna-ladders-100-bp-plus-peqgold
VWR Peqlab,si.vwr.com,"DNA ladder, 100 bp plus",bp,13,200,60,,14,https://si.vwr.com/store/product/16876461/dna-ladders-100-bp-plus-peqgold
VWR Peqlab,si.vwr.com,"DNA ladder, 100 bp plus",bp,14,100,60,,14,https://si.vwr.com/store/product/16876461/dna-ladders-100-bp-plus-peqgold
VWR Peqlab,si.vwr.com,"DNA ladder, 1 kb",bp,1,10000,60,,14,https://si.vwr.com/store/product/8562496/dna-ladder-1-kb
VWR Peqlab,si.vwr.com,"DNA ladder, 1 kb",bp,2,8000,60,,14,https://si.vwr.com/store/product/8562496/dna-ladder-1-kb
VWR Peqlab,si.vwr.com,"DNA ladder, 1 kb",bp,3,6000,140,reference band,14,https://si.vwr.com/store/product/8562496/dna-ladder-1-kb
VWR Peqlab,si.vwr.com,"DNA ladder, 1 kb",bp,4,5000,60,,14,https://si.vwr.com/store/product/8562496/dna-ladder-1-kb
VWR Peqlab,si.vwr.com,"DNA ladder, 1 kb",bp,5,4000,60,,14,https://si.vwr.com/store/product/8562496/dna-ladder-1-kb
VWR Peqlab,si.vwr.com,"DNA ladder, 1 kb",bp,6,3500,60,,14,https://si.vwr.com/store/product/8562496/dna-ladder-1-kb
VWR Peqlab,si.vwr.com,"DNA ladder, 1 kb",bp,7,3000,140,reference band,14,https://si.vwr.com/store/product/8562496/dna-ladder-1-kb
VWR Peqlab,si.vwr.com,"DNA ladder, 1 kb",bp,8,2500,50,,14,https://si.vwr.com/store/product/8562496/dna-ladder-1-kb
VWR Peqlab,si.vwr.com,"DNA ladder, 1 kb",bp,9,2000,50,,14,https://si.vwr.com/store/product/8562496/dna-ladder-1-kb
VWR Peqlab,si.vwr.com,"DNA ladder, 1 kb",bp,10,1500,50,,14,https://si.vwr.com/store/product/8562496/dna-ladder-1-kb
VWR Peqlab,si.vwr.com,"DNA ladder, 1 kb",bp,11,1000,120,reference band,14,https://si.vwr.com/store/product/8562496/dna-ladder-1-kb
VWR Peqlab,si.vwr.com,"DNA ladder, 1 kb",bp,12,750,50,,14,https://si.vwr.com/store/product/8562496/dna-ladder-1-kb
VWR Peqlab,si.vwr.com,"DNA ladder, 1 kb",bp,13,500,50,,14,https://si.vwr.com/store/product/8562496/dna-ladder-1-kb
VWR Peqlab,si.vwr.com,"DNA ladder, 1 kb",bp,14,250,50,,14,https://si.vwr.com/store/product/8562496/dna-ladder-1-kb
VWR Peqlab,si.vwr.com,"DNA ladder, 1 kb plus",bp,1,20000,40,,15,https://si.vwr.com/store/product/16889430/dna-ladder-1-kb-plus-peqgold
VWR Peqlab,si.vwr.com,"DNA ladder, 1 kb plus",bp,2,10000,40,,15,https://si.vwr.com/store/product/16889430/dna-ladder-1-kb-plus-peqgold
VWR Peqlab,si.vwr.com,"DNA ladder, 1 kb plus",bp,3,7000,40,,15,https://si.vwr.com/store/product/16889430/dna-ladder-1-kb-plus-peqgold
VWR Peqlab,si.vwr.com,"DNA ladder, 1 kb plus",bp,4,5000,150,reference band,15,https://si.vwr.com/store/product/16889430/dna-ladder-1-kb-plus-peqgold
VWR Peqlab,si.vwr.com,"DNA ladder, 1 kb plus",bp,5,4000,40,,15,https://si.vwr.com/store/product/16889430/dna-ladder-1-kb-plus-peqgold
VWR Peqlab,si.vwr.com,"DNA ladder, 1 kb plus",bp,6,3000,40,,15,https://si.vwr.com/store/product/16889430/dna-ladder-1-kb-plus-peqgold
VWR Peqlab,si.vwr.com,"DNA ladder, 1 kb plus",bp,7,2000,40,,15,https://si.vwr.com/store/product/16889430/dna-ladder-1-kb-plus-peqgold
VWR Peqlab,si.vwr.com,"DNA ladder, 1 kb plus",bp,8,1500,160,reference band,15,https://si.vwr.com/store/product/16889430/dna-ladder-1-kb-plus-peqgold
VWR Peqlab,si.vwr.com,"DNA ladder, 1 kb plus",bp,9,1000,50,,15,https://si.vwr.com/store/product/16889430/dna-ladder-1-kb-plus-peqgold
VWR Peqlab,si.vwr.com,"DNA ladder, 1 kb plus",bp,10,700,50,,15,https://si.vwr.com/store/product/16889430/dna-ladder-1-kb-plus-peqgold
VWR Peqlab,si.vwr.com,"DNA ladder, 1 kb plus",bp,11,500,150,reference band,15,https://si.vwr.com/store/product/16889430/dna-ladder-1-kb-plus-peqgold
VWR Peqlab,si.vwr.com,"DNA ladder, 1 kb plus",bp,12,400,50,,15,https://si.vwr.com/store/product/16889430/dna-ladder-1-kb-plus-peqgold
VWR Peqlab,si.vwr.com,"DNA ladder, 1 kb plus",bp,13,300,50,,15,https://si.vwr.com/store/product/16889430/dna-ladder-1-kb-plus-peqgold
VWR Peqlab,si.vwr.com,"DNA ladder, 1 kb plus",bp,14,200,50,,15,https://si.vwr.com/store/product/16889430/dna-ladder-1-kb-plus-peqgold
VWR Peqlab,si.vwr.com,"DNA ladder, 1 kb plus",bp,15,75,50,,15,https://si.vwr.com/store/product/16889430/dna-ladder-1-kb-plus-peqgold
VWR Peqlab,si.vwr.com,"DNA ladder, high range",bp,1,10000,200,,9,https://si.vwr.com/store/product/16890669/dna-ladder-high-range-peqgold
VWR Peqlab,si.vwr.com,"DNA ladder, high range",bp,2,8000,160,,9,https://si.vwr.com/store/product/16890669/dna-ladder-high-range-peqgold
VWR Peqlab,si.vwr.com,"DNA ladder, high range",bp,3,6000,120,,9,https://si.vwr.com/store/product/16890669/dna-ladder-high-range-peqgold
VWR Peqlab,si.vwr.com,"DNA ladder, high range",bp,4,5000,100,,9,https://si.vwr.com/store/product/16890669/dna-ladder-high-range-peqgold
VWR Peqlab,si.vwr.com,"DNA ladder, high range",bp,5,4000,80,,9,https://si.vwr.com/store/product/16890669/dna-ladder-high-range-peqgold
VWR Peqlab,si.vwr.com,"DNA ladder, high range",bp,6,3000,60,,9,https://si.vwr.com/store/product/16890669/dna-ladder-high-range-peqgold
VWR Peqlab,si.vwr.com,"DNA ladder, high range",bp,7,2500,50,,9,https://si.vwr.com/store/product/16890669/dna-ladder-high-range-peqgold
VWR Peqlab,si.vwr.com,"DNA ladder, high range",bp,8,2000,40,,9,https://si.vwr.com/store/product/16890669/dna-ladder-high-range-peqgold
VWR Peqlab,si.vwr.com,"DNA ladder, high range",bp,9,1500,32,,9,https://si.vwr.com/store/product/16890669/dna-ladder-high-range-peqgold
VWR Peqlab,si.vwr.com,"DNA ladder, high range HT",bp,1,10000,60,,5,https://si.vwr.com/store/product/16893793/dna-ladder-high-range-ht-peqgold
VWR Peqlab,si.vwr.com,"DNA ladder, high range HT",bp,2,4000,60,,5,https://si.vwr.com/store/product/16893793/dna-ladder-high-range-ht-peqgold
VWR Peqlab,si.vwr.com,"DNA ladder, high range HT",bp,3,2000,60,,5,https://si.vwr.com/store/product/16893793/dna-ladder-high-range-ht-peqgold
VWR Peqlab,si.vwr.com,"DNA ladder, high range HT",bp,4,1000,60,,5,https://si.vwr.com/store/product/16893793/dna-ladder-high-range-ht-peqgold
VWR Peqlab,si.vwr.com,"DNA ladder, high range HT",bp,5,500,60,,5,https://si.vwr.com/store/product/16893793/dna-ladder-high-range-ht-peqgold
VWR Peqlab,si.vwr.com,"DNA ladder, low range",bp,1,1031,200,,11,https://si.vwr.com/store/product/16890668/dna-ladder-low-range-peqgold
VWR Peqlab,si.vwr.com,"DNA ladder, low range",bp,2,900,180,,11,https://si.vwr.com/store/product/16890668/dna-ladder-low-range-peqgold
VWR Peqlab,si.vwr.com,"DNA ladder, low range",bp,3,800,160,,11,https://si.vwr.com/store/product/16890668/dna-ladder-low-range-peqgold
VWR Peqlab,si.vwr.com,"DNA ladder, low range",bp,4,700,140,,11,https://si.vwr.com/store/product/16890668/dna-ladder-low-range-peqgold
VWR Peqlab,si.vwr.com,"DNA ladder, low range",bp,5,600,120,,11,https://si.vwr.com/store/product/16890668/dna-ladder-low-range-peqgold
VWR Peqlab,si.vwr.com,"DNA ladder, low range",bp,6,500,200,reference band,11,https://si.vwr.com/store/product/16890668/dna-ladder-low-range-peqgold
VWR Peqlab,si.vwr.com,"DNA ladder, low range",bp,7,400,80,,11,https://si.vwr.com/store/product/16890668/dna-ladder-low-range-peqgold
VWR Peqlab,si.vwr.com,"DNA ladder, low range",bp,8,300,60,,11,https://si.vwr.com/store/product/16890668/dna-ladder-low-range-peqgold
VWR Peqlab,si.vwr.com,"DNA ladder, low range",bp,9,200,40,,11,https://si.vwr.com/store/product/16890668/dna-ladder-low-range-peqgold
VWR Peqlab,si.vwr.com,"DNA ladder, low range",bp,10,100,20,,11,https://si.vwr.com/store/product/16890668/dna-ladder-low-range-peqgold
VWR Peqlab,si.vwr.com,"DNA ladder, low range",bp,11,80,16,,11,https://si.vwr.com/store/product/16890668/dna-ladder-low-range-peqgold
VWR Peqlab,si.vwr.com,"DNA ladder, low range HT",bp,1,1500,60,,5,https://si.vwr.com/store/product/16893783/dna-ladder-low-range-ht-peqgold
VWR Peqlab,si.vwr.com,"DNA ladder, low range HT",bp,2,850,60,,5,https://si.vwr.com/store/product/16893783/dna-ladder-low-range-ht-peqgold
VWR Peqlab,si.vwr.com,"DNA ladder, low range HT",bp,3,400,60,,5,https://si.vwr.com/store/product/16893783/dna-ladder-low-range-ht-peqgold
VWR Peqlab,si.vwr.com,"DNA ladder, low range HT",bp,4,200,60,,5,https://si.vwr.com/store/product/16893783/dna-ladder-low-range-ht-peqgold
VWR Peqlab,si.vwr.com,"DNA ladder, low range HT",bp,5,50,60,,5,https://si.vwr.com/store/product/16893783/dna-ladder-low-range-ht-peqgold
VWR Peqlab,si.vwr.com,"DNA ladder, mid range HT",bp,1,5000,60,,5,https://si.vwr.com/store/product/16893792/dna-ladder-mid-range-ht-peqgold
VWR Peqlab,si.vwr.com,"DNA ladder, mid range HT",bp,2,2000,60,,5,https://si.vwr.com/store/product/16893792/dna-ladder-mid-range-ht-peqgold
VWR Peqlab,si.vwr.com,"DNA ladder, mid range HT",bp,3,850,60,,5,https://si.vwr.com/store/product/16893792/dna-ladder-mid-range-ht-peqgold
VWR Peqlab,si.vwr.com,"DNA ladder, mid range HT",bp,4,400,60,,5,https://si.vwr.com/store/product/16893792/dna-ladder-mid-range-ht-peqgold
VWR Peqlab,si.vwr.com,"DNA ladder, mid range HT",bp,5,100,60,,5,https://si.vwr.com/store/product/16893792/dna-ladder-mid-range-ht-peqgold
VWR Peqlab,si.vwr.com,"DNA ladder, range mix",bp,1,10000,100,,20,https://si.vwr.com/store/product/16889959/dna-ladder-range-mix-peqgold
VWR Peqlab,si.vwr.com,"DNA ladder, range mix",bp,2,8000,80,,20,https://si.vwr.com/store/product/16889959/dna-ladder-range-mix-peqgold
VWR Peqlab,si.vwr.com,"DNA ladder, range mix",bp,3,6000,60,,20,https://si.vwr.com/store/product/16889959/dna-ladder-range-mix-peqgold
VWR Peqlab,si.vwr.com,"DNA ladder, range mix",bp,4,5000,50,,20,https://si.vwr.com/store/product/16889959/dna-ladder-range-mix-peqgold
VWR Peqlab,si.vwr.com,"DNA ladder, range mix",bp,5,4000,40,,20,https://si.vwr.com/store/product/16889959/dna-ladder-range-mix-peqgold
VWR Peqlab,si.vwr.com,"DNA ladder, range mix",bp,6,3000,30,,20,https://si.vwr.com/store/product/16889959/dna-ladder-range-mix-peqgold
VWR Peqlab,si.vwr.com,"DNA ladder, range mix",bp,7,2500,26,,20,https://si.vwr.com/store/product/16889959/dna-ladder-range-mix-peqgold
VWR Peqlab,si.vwr.com,"DNA ladder, range mix",bp,8,2000,20,,20,https://si.vwr.com/store/product/16889959/dna-ladder-range-mix-peqgold
VWR Peqlab,si.vwr.com,"DNA ladder, range mix",bp,9,1500,16,,20,https://si.vwr.com/store/product/16889959/dna-ladder-range-mix-peqgold
VWR Peqlab,si.vwr.com,"DNA ladder, range mix",bp,10,1031,100,,20,https://si.vwr.com/store/product/16889959/dna-ladder-range-mix-peqgold
VWR Peqlab,si.vwr.com,"DNA ladder, range mix",bp,11,900,90,,20,https://si.vwr.com/store/product/16889959/dna-ladder-range-mix-peqgold
VWR Peqlab,si.vwr.com,"DNA ladder, range mix",bp,12,800,80,,20,https://si.vwr.com/store/product/16889959/dna-ladder-range-mix-peqgold
VWR Peqlab,si.vwr.com,"DNA ladder, range mix",bp,13,700,70,,20,https://si.vwr.com/store/product/16889959/dna-ladder-range-mix-peqgold
VWR Peqlab,si.vwr.com,"DNA ladder, range mix",bp,14,600,60,,20,https://si.vwr.com/store/product/16889959/dna-ladder-range-mix-peqgold
VWR Peqlab,si.vwr.com,"DNA ladder, range mix",bp,15,500,100,reference band,20,https://si.vwr.com/store/product/16889959/dna-ladder-range-mix-peqgold
VWR Peqlab,si.vwr.com,"DNA ladder, range mix",bp,16,400,40,,20,https://si.vwr.com/store/product/16889959/dna-ladder-range-mix-peqgold
VWR Peqlab,si.vwr.com,"DNA ladder, range mix",bp,17,300,30,,20,https://si.vwr.com/store/product/16889959/dna-ladder-range-mix-peqgold
VWR Peqlab,si.vwr.com,"DNA ladder, range mix",bp,18,200,20,,20,https://si.vwr.com/store/product/16889959/dna-ladder-range-mix-peqgold
VWR Peqlab,si.vwr.com,"DNA ladder, range mix",bp,19,100,10,,20,https://si.vwr.com/store/product/16889959/dna-ladder-range-mix-peqgold
VWR Peqlab,si.vwr.com,"DNA ladder, range mix",bp,20,80,8,,20,https://si.vwr.com/store/product/16889959/dna-ladder-range-mix-peqgold
VWR Peqlab,si.vwr.com,"DNA ladder, ultra low range ladder I",bp,1,300,30,,11,https://si.vwr.com/store/product/16893808/dna-ladder-ultra-low-range-ladder-i-peqgold
VWR Peqlab,si.vwr.com,"DNA ladder, ultra low range ladder I",bp,2,200,33,,11,https://si.vwr.com/store/product/16893808/dna-ladder-ultra-low-range-ladder-i-peqgold
VWR Peqlab,si.vwr.com,"DNA ladder, ultra low range ladder I",bp,3,150,35,,11,https://si.vwr.com/store/product/16893808/dna-ladder-ultra-low-range-ladder-i-peqgold
VWR Peqlab,si.vwr.com,"DNA ladder, ultra low range ladder I",bp,4,100,38,,11,https://si.vwr.com/store/product/16893808/dna-ladder-ultra-low-range-ladder-i-peqgold
VWR Peqlab,si.vwr.com,"DNA ladder, ultra low range ladder I",bp,5,75,38,,11,https://si.vwr.com/store/product/16893808/dna-ladder-ultra-low-range-ladder-i-peqgold
VWR Peqlab,si.vwr.com,"DNA ladder, ultra low range ladder I",bp,6,50,105,reference band,11,https://si.vwr.com/store/product/16893808/dna-ladder-ultra-low-range-ladder-i-peqgold
VWR Peqlab,si.vwr.com,"DNA ladder, ultra low range ladder I",bp,7,35,38,,11,https://si.vwr.com/store/product/16893808/dna-ladder-ultra-low-range-ladder-i-peqgold
VWR Peqlab,si.vwr.com,"DNA ladder, ultra low range ladder I",bp,8,25,38,,11,https://si.vwr.com/store/product/16893808/dna-ladder-ultra-low-range-ladder-i-peqgold
VWR Peqlab,si.vwr.com,"DNA ladder, ultra low range ladder I",bp,9,20,40,,11,https://si.vwr.com/store/product/16893808/dna-ladder-ultra-low-range-ladder-i-peqgold
VWR Peqlab,si.vwr.com,"DNA ladder, ultra low range ladder I",bp,10,15,48,,11,https://si.vwr.com/store/product/16893808/dna-ladder-ultra-low-range-ladder-i-peqgold
VWR Peqlab,si.vwr.com,"DNA ladder, ultra low range ladder I",bp,11,10,60,,11,https://si.vwr.com/store/product/16893808/dna-ladder-ultra-low-range-ladder-i-peqgold
VWR Peqlab,si.vwr.com,"DNA ladder, ultra low range ladder II",bp,1,700,45,,10,https://si.vwr.com/store/product/16893810/dna-ladder-ultra-low-range-ladder-ii-peqgold
VWR Peqlab,si.vwr.com,"DNA ladder, ultra low range ladder II",bp,2,500,49,,10,https://si.vwr.com/store/product/16893810/dna-ladder-ultra-low-range-ladder-ii-peqgold
VWR Peqlab,si.vwr.com,"DNA ladder, ultra low range ladder II",bp,3,400,53,,10,https://si.vwr.com/store/product/16893810/dna-ladder-ultra-low-range-ladder-ii-peqgold
VWR Peqlab,si.vwr.com,"DNA ladder, ultra low range ladder II",bp,4,300,135,reference band,10,https://si.vwr.com/store/product/16893810/dna-ladder-ultra-low-range-ladder-ii-peqgold
VWR Peqlab,si.vwr.com,"DNA ladder, ultra low range ladder II",bp,5,200,53,,10,https://si.vwr.com/store/product/16893810/dna-ladder-ultra-low-range-ladder-ii-peqgold
VWR Peqlab,si.vwr.com,"DNA ladder, ultra low range ladder II",bp,6,150,53,,10,https://si.vwr.com/store/product/16893810/dna-ladder-ultra-low-range-ladder-ii-peqgold
VWR Peqlab,si.vwr.com,"DNA ladder, ultra low range ladder II",bp,7,100,135,reference band,10,https://si.vwr.com/store/product/16893810/dna-ladder-ultra-low-range-ladder-ii-peqgold
VWR Peqlab,si.vwr.com,"DNA ladder, ultra low range ladder II",bp,8,75,56,,10,https://si.vwr.com/store/product/16893810/dna-ladder-ultra-low-range-ladder-ii-peqgold
VWR Peqlab,si.vwr.com,"DNA ladder, ultra low range ladder II",bp,9,50,60,,10,https://si.vwr.com/store/product/16893810/dna-ladder-ultra-low-range-ladder-ii-peqgold
VWR Peqlab,si.vwr.com,"DNA ladder, ultra low range ladder II",bp,10,25,113,,10,https://si.vwr.com/store/product/16893810/dna-ladder-ultra-low-range-ladder-ii-peqgold
WATSON,watson.co.jp,100 bp DNA Ladder,bp,1,3000,80,reference band,13,http://www.watson.co.jp/product/other/marker.html
WATSON,watson.co.jp,100 bp DNA Ladder,bp,2,2000,20,,13,http://www.watson.co.jp/product/other/marker.html
WATSON,watson.co.jp,100 bp DNA Ladder,bp,3,1500,20,,13,http://www.watson.co.jp/product/other/marker.html
WATSON,watson.co.jp,100 bp DNA Ladder,bp,4,1000,80,reference band,13,http://www.watson.co.jp/product/other/marker.html
WATSON,watson.co.jp,100 bp DNA Ladder,bp,5,900,20,,13,http://www.watson.co.jp/product/other/marker.html
WATSON,watson.co.jp,100 bp DNA Ladder,bp,6,800,20,,13,http://www.watson.co.jp/product/other/marker.html
WATSON,watson.co.jp,100 bp DNA Ladder,bp,7,700,20,,13,http://www.watson.co.jp/product/other/marker.html
WATSON,watson.co.jp,100 bp DNA Ladder,bp,8,600,20,,13,http://www.watson.co.jp/product/other/marker.html
WATSON,watson.co.jp,100 bp DNA Ladder,bp,9,500,80,reference band,13,http://www.watson.co.jp/product/other/marker.html
WATSON,watson.co.jp,100 bp DNA Ladder,bp,10,400,40,,13,http://www.watson.co.jp/product/other/marker.html
WATSON,watson.co.jp,100 bp DNA Ladder,bp,11,300,40,,13,http://www.watson.co.jp/product/other/marker.html
WATSON,watson.co.jp,100 bp DNA Ladder,bp,12,200,40,,13,http://www.watson.co.jp/product/other/marker.html
WATSON,watson.co.jp,100 bp DNA Ladder,bp,13,100,40,,13,http://www.watson.co.jp/product/other/marker.html
WATSON,watson.co.jp,1 kb DNA Ladder,kb,1,10000,40,,13,http://www.watson.co.jp/product/other/marker.html
WATSON,watson.co.jp,1 kb DNA Ladder,kb,2,8000,40,,13,http://www.watson.co.jp/product/other/marker.html
WATSON,watson.co.jp,1 kb DNA Ladder,kb,3,6000,40,,13,http://www.watson.co.jp/product/other/marker.html
WATSON,watson.co.jp,1 kb DNA Ladder,kb,4,5000,80,,13,http://www.watson.co.jp/product/other/marker.html
WATSON,watson.co.jp,1 kb DNA Ladder,kb,5,4000,80,,13,http://www.watson.co.jp/product/other/marker.html
WATSON,watson.co.jp,1 kb DNA Ladder,kb,6,3000,120,reference band,13,http://www.watson.co.jp/product/other/marker.html
WATSON,watson.co.jp,1 kb DNA Ladder,kb,7,2500,40,,13,http://www.watson.co.jp/product/other/marker.html
WATSON,watson.co.jp,1 kb DNA Ladder,kb,8,2000,40,,13,http://www.watson.co.jp/product/other/marker.html
WATSON,watson.co.jp,1 kb DNA Ladder,kb,9,1500,40,,13,http://www.watson.co.jp/product/other/marker.html
WATSON,watson.co.jp,1 kb DNA Ladder,kb,10,1000,80,reference band,13,http://www.watson.co.jp/product/other/marker.html
WATSON,watson.co.jp,1 kb DNA Ladder,kb,11,750,20,,13,http://www.watson.co.jp/product/other/marker.html
WATSON,watson.co.jp,1 kb DNA Ladder,kb,12,500,40,,13,http://www.watson.co.jp/product/other/marker.html
WATSON,watson.co.jp,1 kb DNA Ladder,kb,13,250,20,,13,http://www.watson.co.jp/product/other/marker.html
WATSON,watson.co.jp,10 kb Hyper DNA Ladder,bp,1,10000,40,,19,http://www.watson.co.jp/product/other/marker.html
WATSON,watson.co.jp,10 kb Hyper DNA Ladder,bp,2,8000,40,,19,http://www.watson.co.jp/product/other/marker.html
WATSON,watson.co.jp,10 kb Hyper DNA Ladder,bp,3,6000,40,,19,http://www.watson.co.jp/product/other/marker.html
WATSON,watson.co.jp,10 kb Hyper DNA Ladder,bp,4,5000,80,,19,http://www.watson.co.jp/product/other/marker.html
WATSON,watson.co.jp,10 kb Hyper DNA Ladder,bp,5,4000,80,,19,http://www.watson.co.jp/product/other/marker.html
WATSON,watson.co.jp,10 kb Hyper DNA Ladder,bp,6,3000,120,reference band,19,http://www.watson.co.jp/product/other/marker.html
WATSON,watson.co.jp,10 kb Hyper DNA Ladder,bp,7,2500,40,,19,http://www.watson.co.jp/product/other/marker.html
WATSON,watson.co.jp,10 kb Hyper DNA Ladder,bp,8,2000,40,,19,http://www.watson.co.jp/product/other/marker.html
WATSON,watson.co.jp,10 kb Hyper DNA Ladder,bp,9,1500,40,,19,http://www.watson.co.jp/product/other/marker.html
WATSON,watson.co.jp,10 kb Hyper DNA Ladder,bp,10,1000,80,reference band,19,http://www.watson.co.jp/product/other/marker.html
WATSON,watson.co.jp,10 kb Hyper DNA Ladder,bp,11,900,20,,19,http://www.watson.co.jp/product/other/marker.html
WATSON,watson.co.jp,10 kb Hyper DNA Ladder,bp,12,800,20,,19,http://www.watson.co.jp/product/other/marker.html
WATSON,watson.co.jp,10 kb Hyper DNA Ladder,bp,13,700,20,,19,http://www.watson.co.jp/product/other/marker.html
WATSON,watson.co.jp,10 kb Hyper DNA Ladder,bp,14,600,20,,19,http://www.watson.co.jp/product/other/marker.html
WATSON,watson.co.jp,10 kb Hyper DNA Ladder,bp,15,500,120,,19,http://www.watson.co.jp/product/other/marker.html
WATSON,watson.co.jp,10 kb Hyper DNA Ladder,bp,16,400,40,,19,http://www.watson.co.jp/product/other/marker.html
WATSON,watson.co.jp,10 kb Hyper DNA Ladder,bp,17,300,40,,19,http://www.watson.co.jp/product/other/marker.html
WATSON,watson.co.jp,10 kb Hyper DNA Ladder,bp,18,200,40,,19,http://www.watson.co.jp/product/other/marker.html
WATSON,watson.co.jp,10 kb Hyper DNA Ladder,bp,19,100,40,,19,http://www.watson.co.jp/product/other/marker.html
OriGene,origene.com,100 bp DNA Ladder,bp,1,1500,50,,11,https://www.origene.com/dna-ladders
OriGene,origene.com,100 bp DNA Ladder,bp,2,1000,50,,11,https://www.origene.com/dna-ladders
OriGene,origene.com,100 bp DNA Ladder,bp,3,900,50,,11,https://www.origene.com/dna-ladders
OriGene,origene.com,100 bp DNA Ladder,bp,4,800,50,,11,https://www.origene.com/dna-ladders
OriGene,origene.com,100 bp DNA Ladder,bp,5,700,50,,11,https://www.origene.com/dna-ladders
OriGene,origene.com,100 bp DNA Ladder,bp,6,600,50,,11,https://www.origene.com/dna-ladders
OriGene,origene.com,100 bp DNA Ladder,bp,7,500,150,reference band,11,https://www.origene.com/dna-ladders
OriGene,origene.com,100 bp DNA Ladder,bp,8,400,50,,11,https://www.origene.com/dna-ladders
OriGene,origene.com,100 bp DNA Ladder,bp,9,300,50,,11,https://www.origene.com/dna-ladders
OriGene,origene.com,100 bp DNA Ladder,bp,10,200,50,,11,https://www.origene.com/dna-ladders
OriGene,origene.com,100 bp DNA Ladder,bp,11,100,50,,11,https://www.origene.com/dna-ladders
OriGene,origene.com,1 kb DNA Ladder,bp,1,10000,50,,9,https://www.origene.com/dna-ladders
OriGene,origene.com,1 kb DNA Ladder,bp,2,8000,50,,9,https://www.origene.com/dna-ladders
OriGene,origene.com,1 kb DNA Ladder,bp,3,7000,50,,9,https://www.origene.com/dna-ladders
OriGene,origene.com,1 kb DNA Ladder,bp,4,6000,50,,9,https://www.origene.com/dna-ladders
OriGene,origene.com,1 kb DNA Ladder,bp,5,5000,150,reference band,9,https://www.origene.com/dna-ladders
OriGene,origene.com,1 kb DNA Ladder,bp,6,4000,50,,9,https://www.origene.com/dna-ladders
OriGene,origene.com,1 kb DNA Ladder,bp,7,3000,50,,9,https://www.origene.com/dna-ladders
OriGene,origene.com,1 kb DNA Ladder,bp,8,2000,50,,9,https://www.origene.com/dna-ladders
OriGene,origene.com,1 kb DNA Ladder,bp,9,1000,50,,9,https://www.origene.com/dna-ladders
